2026.09.02 21:39:01 INFO  [main]: org.jivesoftware.openfire.XMPPServer - Registering shutdown hook (standalone mode)
2026.09.02 21:39:01 INFO  [main]: org.jivesoftware.util.cache.CacheFactory - Created cache [org.jivesoftware.util.cache.DefaultLocalCacheStrategy] for Routing Servers Cache
2026.09.02 21:39:01 INFO  [main]: org.jivesoftware.util.cache.CacheFactory - Created cache [org.jivesoftware.util.cache.DefaultLocalCacheStrategy] for Routing Components Cache
2026.09.02 21:39:01 INFO  [main]: org.jivesoftware.util.cache.CacheFactory - Created cache [org.jivesoftware.util.cache.DefaultLocalCacheStrategy] for Routing Users Cache
2026.09.02 21:39:01 INFO  [main]: org.jivesoftware.util.cache.CacheFactory - Created cache [org.jivesoftware.util.cache.DefaultLocalCacheStrategy] for Routing AnonymousUsers Cache
2026.09.02 21:39:01 INFO  [main]: org.jivesoftware.util.cache.CacheFactory - Created cache [org.jivesoftware.util.cache.DefaultLocalCacheStrategy] for Routing User Sessions
2026.09.02 21:39:01 INFO  [main]: org.jivesoftware.util.cache.CacheFactory - Created cache [org.jivesoftware.util.cache.DefaultLocalCacheStrategy] for Roster
2026.09.02 21:39:01 INFO  [main]: org.jivesoftware.util.cache.CacheFactory - Created cache [org.jivesoftware.util.cache.DefaultLocalCacheStrategy] for RosterItems
2026.09.02 21:39:01 INFO  [main]: org.jivesoftware.util.cache.CacheFactory - Created cache [org.jivesoftware.util.cache.DefaultLocalCacheStrategy] for Multicast Service
2026.09.02 21:39:01 INFO  [main]: org.jivesoftware.util.cache.CacheFactory - Created cache [org.jivesoftware.util.cache.DefaultLocalCacheStrategy] for Offline Message Size
2026.09.02 21:39:01 INFO  [main]: org.jivesoftware.util.cache.CacheFactory - Created cache [org.jivesoftware.util.cache.DefaultLocalCacheStrategy] for VCard
2026.09.02 21:39:01 INFO  [main]: org.jivesoftware.util.cache.CacheFactory - Created cache [org.jivesoftware.util.cache.DefaultLocalCacheStrategy] for Privacy Lists
2026.09.02 21:39:01 INFO  [main]: org.jivesoftware.util.cache.CacheFactory - Created cache [org.jivesoftware.util.cache.DefaultLocalCacheStrategy] for File Transfer Cache
2026.09.02 21:39:01 INFO  [main]: org.jivesoftware.util.cache.CacheFactory - Created cache [org.jivesoftware.util.cache.DefaultLocalCacheStrategy] for Offline Presence Cache
2026.09.02 21:39:01 INFO  [main]: org.jivesoftware.util.cache.CacheFactory - Created cache [org.jivesoftware.util.cache.DefaultLocalCacheStrategy] for Last Activity Cache
2026.09.02 21:39:01 INFO  [main]: org.jivesoftware.util.cache.CacheFactory - Created cache [org.jivesoftware.util.cache.DefaultLocalCacheStrategy] for User
2026.09.02 21:39:01 INFO  [main]: org.jivesoftware.util.cache.CacheFactory - Created cache [org.jivesoftware.util.cache.DefaultLocalCacheStrategy] for Remote Users Existence
2026.09.02 21:39:01 INFO  [main]: org.jivesoftware.util.cache.CacheFactory - Created cache [org.jivesoftware.util.cache.DefaultLocalCacheStrategy] for Components Sessions
2026.09.02 21:39:01 INFO  [main]: org.jivesoftware.util.cache.CacheFactory - Created cache [org.jivesoftware.util.cache.DefaultLocalCacheStrategy] for Connection Managers Sessions
2026.09.02 21:39:01 INFO  [main]: org.jivesoftware.util.cache.CacheFactory - Created cache [org.jivesoftware.util.cache.DefaultLocalCacheStrategy] for Incoming Server Sessions
2026.09.02 21:39:01 INFO  [main]: org.jivesoftware.util.cache.CacheFactory - Created cache [org.jivesoftware.util.cache.DefaultLocalCacheStrategy] for Sessions by Hostname
2026.09.02 21:39:01 INFO  [main]: org.jivesoftware.util.cache.CacheFactory - Created cache [org.jivesoftware.util.cache.DefaultLocalCacheStrategy] for Validated Domains
2026.09.02 21:39:01 INFO  [main]: org.jivesoftware.util.cache.CacheFactory - Created cache [org.jivesoftware.util.cache.DefaultLocalCacheStrategy] for Client Session Info Cache
2026.09.02 21:39:01 INFO  [main]: org.jivesoftware.util.cache.CacheFactory - Created cache [org.jivesoftware.util.cache.DefaultLocalCacheStrategy] for Directed Presences
2026.09.02 21:39:01 INFO  [main]: org.jivesoftware.util.cache.CacheFactory - Created local-only cache [org.jivesoftware.util.cache.DefaultLocalCacheStrategy] for PEPServiceManager
2026.09.02 21:39:01 INFO  [main]: org.jivesoftware.util.cache.CacheFactory - Created cache [org.jivesoftware.util.cache.DefaultLocalCacheStrategy] for File Transfer
2026.09.02 21:39:01 INFO  [main]: org.jivesoftware.util.cache.CacheFactory - Created cache [org.jivesoftware.util.cache.DefaultLocalCacheStrategy] for Published Items
2026.09.02 21:39:01 INFO  [main]: org.jivesoftware.util.cache.CacheFactory - Created cache [org.jivesoftware.util.cache.DefaultLocalCacheStrategy] for Disco Server Features
2026.09.02 21:39:01 INFO  [main]: org.jivesoftware.util.cache.CacheFactory - Created cache [org.jivesoftware.util.cache.DefaultLocalCacheStrategy] for Disco Server Items
2026.09.02 21:39:01 INFO  [main]: org.jivesoftware.util.cache.CacheFactory - Created cache [org.jivesoftware.util.cache.DefaultLocalCacheStrategy] for Components
2026.09.02 21:39:01 INFO  [main]: org.jivesoftware.util.cache.CacheFactory - Created local-only cache [org.jivesoftware.util.cache.DefaultLocalCacheStrategy] for Entity Capabilities
2026.09.02 21:39:01 INFO  [main]: org.jivesoftware.util.cache.CacheFactory - Created local-only cache [org.jivesoftware.util.cache.DefaultLocalCacheStrategy] for Entity Capabilities Users
2026.09.02 21:39:01 INFO  [main]: org.jivesoftware.util.cache.CacheFactory - Created cache [org.jivesoftware.util.cache.DefaultLocalCacheStrategy] for Group
2026.09.02 21:39:01 INFO  [main]: org.jivesoftware.util.cache.CacheFactory - Created cache [org.jivesoftware.util.cache.DefaultLocalCacheStrategy] for Group Metadata Cache
2026.09.02 21:39:01 INFO  [main]: org.jivesoftware.openfire.pubsub.PubSubModule - Dominio de Publicar-Suscribir: pubsub.127.0.0.1
2026.09.02 21:39:01 INFO  [main]: org.jivesoftware.openfire.muc.spi.MultiUserChatServiceImpl - Dominio de Chat Multi-usuario: conference.127.0.0.1
2026.09.02 21:39:01 INFO  [main]: org.jivesoftware.openfire.XMPPServer - Openfire 4.5.0 Alpha [Sep 2, 2026, 9:39:01 PM]
2026.09.02 21:39:02 WARN  [pool-5-thread-1]: org.jivesoftware.openfire.container.AdminConsolePlugin - Admin console: Identity store does not have any certificates. HTTPS will be unavailable.
2026.09.02 21:39:02 INFO  [main]: org.jivesoftware.openfire.XMPPServer - Accessing SystemProperty field org.jivesoftware.openfire.auth.AuthFactory#PASSWORD_KEY
2026.09.02 21:39:02 INFO  [main]: org.jivesoftware.openfire.XMPPServer - Accessing SystemProperty field org.jivesoftware.openfire.auth.AuthFactory#AUTH_PROVIDER
2026.09.02 21:39:02 INFO  [main]: org.jivesoftware.openfire.XMPPServer - Accessing SystemProperty field org.jivesoftware.openfire.sasl.ScramSha1SaslServer#ITERATION_COUNT
2026.09.02 21:39:02 INFO  [main]: org.jivesoftware.openfire.XMPPServer - Accessing SystemProperty field org.jivesoftware.openfire.vcard.VCardManager#VCARD_PROVIDER
2026.09.02 21:39:02 INFO  [main]: org.jivesoftware.openfire.XMPPServer - Accessing SystemProperty field org.jivesoftware.openfire.auth.HybridAuthProvider#PRIMARY_PROVIDER
2026.09.02 21:39:02 INFO  [main]: org.jivesoftware.openfire.XMPPServer - Accessing SystemProperty field org.jivesoftware.openfire.auth.HybridAuthProvider#SECONDARY_PROVIDER
2026.09.02 21:39:02 INFO  [main]: org.jivesoftware.openfire.XMPPServer - Accessing SystemProperty field org.jivesoftware.openfire.auth.HybridAuthProvider#TERTIARY_PROVIDER
2026.09.02 21:39:02 INFO  [main]: org.jivesoftware.openfire.XMPPServer - Accessing SystemProperty field org.jivesoftware.openfire.lockout.LockOutManager#LOCKOUT_PROVIDER
2026.09.02 21:39:02 INFO  [main]: org.jivesoftware.openfire.XMPPServer - Accessing SystemProperty field org.jivesoftware.openfire.user.UserManager#USER_PROVIDER
2026.09.02 21:39:02 INFO  [main]: org.jivesoftware.openfire.XMPPServer - Accessing SystemProperty field org.jivesoftware.openfire.user.UserManager#REMOTE_DISCO_INFO_TIMEOUT
2026.09.02 21:39:02 INFO  [main]: org.jivesoftware.openfire.XMPPServer - Accessing SystemProperty field org.jivesoftware.openfire.user.UserManager#USER_PROPERTY_PROVIDER
2026.09.02 21:39:02 INFO  [main]: org.jivesoftware.openfire.XMPPServer - Accessing SystemProperty field org.jivesoftware.openfire.SessionManager#CONFLICT_LIMIT
2026.09.02 21:39:02 INFO  [main]: org.jivesoftware.openfire.XMPPServer - Accessing SystemProperty field org.jivesoftware.openfire.group.GroupManager#GROUP_PROVIDER
2026.09.02 21:39:02 INFO  [main]: org.jivesoftware.openfire.XMPPServer - Accessing SystemProperty field org.jivesoftware.openfire.muc.spi.IQMuclumbusSearchHandler#PROPERTY_ENABLED
2026.09.02 21:39:02 INFO  [main]: org.jivesoftware.openfire.XMPPServer - Accessing SystemProperty field org.jivesoftware.openfire.sasl.AnonymousSaslServer#ENABLED
2026.09.02 21:39:02 INFO  [main]: org.jivesoftware.openfire.XMPPServer - Accessing SystemProperty field org.jivesoftware.openfire.net.SASLAuthentication#SKIP_PEER_CERT_REVALIDATION_CLIENT
2026.09.02 21:39:02 INFO  [main]: org.jivesoftware.openfire.net.SASLAuthentication - Support added for the 'ANONYMOUS' SASL mechanism.
2026.09.02 21:39:02 INFO  [main]: org.jivesoftware.openfire.net.SASLAuthentication - Support added for the 'PLAIN' SASL mechanism.
2026.09.02 21:39:02 INFO  [main]: org.jivesoftware.openfire.net.SASLAuthentication - Support added for the 'DIGEST-MD5' SASL mechanism.
2026.09.02 21:39:02 INFO  [main]: org.jivesoftware.openfire.net.SASLAuthentication - Support added for the 'CRAM-MD5' SASL mechanism.
2026.09.02 21:39:02 INFO  [main]: org.jivesoftware.openfire.net.SASLAuthentication - Support added for the 'SCRAM-SHA-1' SASL mechanism.
2026.09.02 21:39:02 INFO  [main]: org.jivesoftware.openfire.net.SASLAuthentication - Support added for the 'JIVE-SHAREDSECRET' SASL mechanism.
2026.09.02 21:39:02 INFO  [main]: org.jivesoftware.openfire.net.SASLAuthentication - Support added for the 'GSSAPI' SASL mechanism.
2026.09.02 21:39:02 INFO  [main]: org.jivesoftware.openfire.net.SASLAuthentication - Support added for the 'EXTERNAL' SASL mechanism.
2026.09.02 21:39:02 INFO  [main]: org.jivesoftware.openfire.XMPPServer - Accessing SystemProperty field org.jivesoftware.openfire.XMPPServerInfo#XMPP_DOMAIN
2026.09.02 21:39:02 INFO  [main]: org.jivesoftware.openfire.XMPPServer - Accessing SystemProperty field org.jivesoftware.openfire.sasl.ExternalClientSaslServer#PROPERTY_SASL_EXTERNAL_CLIENT_SUPPRESS_MATCHING_REALMNAME
2026.09.02 21:39:02 INFO  [main]: org.jivesoftware.openfire.XMPPServer - Accessing SystemProperty field org.jivesoftware.openfire.admin.AdminManager#ADMIN_PROVIDER
2026.09.02 21:39:02 INFO  [main]: org.jivesoftware.openfire.XMPPServer - Accessing SystemProperty field org.jivesoftware.openfire.security.SecurityAuditManager#AUDIT_PROVIDER
2026.09.02 21:39:02 INFO  [main]: org.jivesoftware.openfire.XMPPServer - Accessing SystemProperty field org.jivesoftware.openfire.admin.DefaultAdminProvider#ADMIN_JIDS
2026.09.02 21:39:02 INFO  [main]: org.jivesoftware.openfire.XMPPServer - Accessing SystemProperty field org.jivesoftware.openfire.cluster.ClusterMonitor#ENABLED
2026.09.02 21:39:02 INFO  [pool-5-thread-1]: org.jivesoftware.util.cache.CacheFactory - Created cache [org.jivesoftware.util.cache.DefaultLocalCacheStrategy] for Favicon Misses
2026.09.02 21:39:02 INFO  [pool-5-thread-1]: org.jivesoftware.util.cache.CacheFactory - Created cache [org.jivesoftware.util.cache.DefaultLocalCacheStrategy] for Favicon Hits
2026.09.02 21:39:02 INFO  [main]: org.jivesoftware.openfire.XMPPServer - Accessing SystemProperty field org.jivesoftware.openfire.ldap.LdapVCardProvider#STORE_AVATAR_IN_DB
2026.09.02 21:39:02 INFO  [main]: org.jivesoftware.openfire.XMPPServer - Accessing SystemProperty field org.jivesoftware.openfire.spi.EncryptionArtifactFactory#TRUST_MANAGER_CLASS
2026.09.02 21:39:02 INFO  [main]: org.jivesoftware.openfire.XMPPServer - Accessing SystemProperty field org.jivesoftware.openfire.update.UpdateManager#ENABLED
2026.09.02 21:39:02 INFO  [main]: org.jivesoftware.openfire.XMPPServer - Accessing SystemProperty field org.jivesoftware.openfire.update.UpdateManager#NOTIFY_ADMINS
2026.09.02 21:39:02 INFO  [main]: org.jivesoftware.openfire.XMPPServer - Accessing SystemProperty field org.jivesoftware.openfire.update.UpdateManager#LAST_UPDATE_CHECK
2026.09.02 21:39:02 INFO  [main]: org.jivesoftware.openfire.XMPPServer - Accessing SystemProperty field org.jivesoftware.openfire.update.UpdateManager#UPDATE_FREQUENCY
2026.09.02 21:39:02 INFO  [main]: org.jivesoftware.openfire.XMPPServer - Accessing SystemProperty field org.jivesoftware.openfire.update.UpdateManager#PROXY_HOST
2026.09.02 21:39:02 INFO  [main]: org.jivesoftware.openfire.XMPPServer - Accessing SystemProperty field org.jivesoftware.openfire.update.UpdateManager#PROXY_PORT
2026.09.02 21:39:02 INFO  [pool-5-thread-1]: org.jivesoftware.openfire.container.AdminConsolePlugin - Consola de administración escuchando en http://127.0.0.1:9090
2026.09.02 21:39:02 INFO  [pool-5-thread-1]: org.jivesoftware.openfire.container.PluginManager - Successfully loaded plugin 'admin'.
2026.09.02 21:39:02 INFO  [pool-6-thread-2]: org.jivesoftware.openfire.container.PluginManager - Successfully loaded plugin 'nonsaslauthentication'.
2026.09.02 21:39:02 INFO  [pool-6-thread-4]: org.jivesoftware.openfire.container.PluginManager - Successfully loaded plugin 'search'.
2026.09.02 21:39:03 INFO  [pool-6-thread-3]: org.jivesoftware.openfire.container.PluginManager - Successfully loaded plugin 'restapi'.
2026.09.02 21:39:03 INFO  [pool-5-thread-1]: org.jivesoftware.openfire.container.PluginMonitor - Finished processing all plugins.
2026.09.02 21:39:03 INFO  [pool-5-thread-1]: org.jivesoftware.openfire.spi.ConnectionListener[socket_c2s] - Started.
2026.09.02 21:39:03 INFO  [pool-5-thread-1]: org.jivesoftware.openfire.spi.ConnectionListener[socket_c2s-legacyMode] - Started.
2026.09.02 21:39:03 WARN  [pool-5-thread-1]: org.jivesoftware.openfire.spi.LegacyConnectionAcceptor - Configuration allows for up to 16 threads, although implementation is limited to exactly one.
2026.09.02 21:39:03 INFO  [pool-5-thread-1]: org.jivesoftware.openfire.spi.ConnectionListener[socket_s2s] - Started.
2026.09.02 21:39:03 WARN  [pool-5-thread-1]: org.jivesoftware.openfire.spi.LegacyConnectionAcceptor - Configuration allows for up to 16 threads, although implementation is limited to exactly one.
2026.09.02 21:39:03 INFO  [pool-5-thread-1]: org.jivesoftware.openfire.spi.ConnectionListener[socket_s2s-legacyMode] - Started.
2026.09.02 21:39:03 INFO  [pool-5-thread-1]: org.jivesoftware.openfire.spi.ConnectionListener[component] - Started.
2026.09.02 21:39:03 INFO  [pool-5-thread-1]: org.jivesoftware.openfire.spi.ConnectionListener[component-legacyMode] - Started.
2026.09.02 21:39:03 INFO  [pool-5-thread-1]: org.jivesoftware.openfire.spi.ConnectionListener[connection_manager] - Started.
2026.09.02 21:39:03 INFO  [pool-5-thread-1]: org.jivesoftware.openfire.spi.ConnectionListener[connection_manager-legacyMode] - Started.
2026.09.02 21:39:03 INFO  [pool-5-thread-1]: org.jivesoftware.openfire.http.HttpSessionManager - Starting instance
2026.09.02 21:39:03 INFO  [pool-5-thread-1]: org.jivesoftware.openfire.http.HttpBindManager - HTTP bind service started
2026.09.02 21:39:28 INFO  [socket_c2s-thread-3]: org.jivesoftware.util.cache.CacheFactory - Created cache [org.jivesoftware.util.cache.DefaultLocalCacheStrategy] for Locked Out Accounts
2026.09.03 02:12:07 INFO  [main]: org.jivesoftware.openfire.XMPPServer - Registering shutdown hook (standalone mode)
2026.09.03 02:12:07 INFO  [main]: hsqldb.db.HSQLDBA0638C63BF.ENGINE - checkpointClose start
2026.09.03 02:12:07 INFO  [main]: hsqldb.db.HSQLDBA0638C63BF.ENGINE - checkpointClose synched
2026.09.03 02:12:07 INFO  [main]: hsqldb.db.HSQLDBA0638C63BF.ENGINE - checkpointClose script done
2026.09.03 02:12:07 INFO  [main]: hsqldb.db.HSQLDBA0638C63BF.ENGINE - checkpointClose end
2026.09.03 02:12:07 INFO  [main]: org.jivesoftware.util.cache.CacheFactory - Created cache [org.jivesoftware.util.cache.DefaultLocalCacheStrategy] for Routing Servers Cache
2026.09.03 02:12:07 INFO  [main]: org.jivesoftware.util.cache.CacheFactory - Created cache [org.jivesoftware.util.cache.DefaultLocalCacheStrategy] for Routing Components Cache
2026.09.03 02:12:07 INFO  [main]: org.jivesoftware.util.cache.CacheFactory - Created cache [org.jivesoftware.util.cache.DefaultLocalCacheStrategy] for Routing Users Cache
2026.09.03 02:12:07 INFO  [main]: org.jivesoftware.util.cache.CacheFactory - Created cache [org.jivesoftware.util.cache.DefaultLocalCacheStrategy] for Routing AnonymousUsers Cache
2026.09.03 02:12:07 INFO  [main]: org.jivesoftware.util.cache.CacheFactory - Created cache [org.jivesoftware.util.cache.DefaultLocalCacheStrategy] for Routing User Sessions
2026.09.03 02:12:07 INFO  [main]: org.jivesoftware.util.cache.CacheFactory - Created cache [org.jivesoftware.util.cache.DefaultLocalCacheStrategy] for Roster
2026.09.03 02:12:07 INFO  [main]: org.jivesoftware.util.cache.CacheFactory - Created cache [org.jivesoftware.util.cache.DefaultLocalCacheStrategy] for RosterItems
2026.09.03 02:12:07 INFO  [main]: org.jivesoftware.util.cache.CacheFactory - Created cache [org.jivesoftware.util.cache.DefaultLocalCacheStrategy] for Multicast Service
2026.09.03 02:12:07 INFO  [main]: org.jivesoftware.util.cache.CacheFactory - Created cache [org.jivesoftware.util.cache.DefaultLocalCacheStrategy] for Offline Message Size
2026.09.03 02:12:07 INFO  [main]: org.jivesoftware.util.cache.CacheFactory - Created cache [org.jivesoftware.util.cache.DefaultLocalCacheStrategy] for VCard
2026.09.03 02:12:07 INFO  [main]: org.jivesoftware.util.cache.CacheFactory - Created cache [org.jivesoftware.util.cache.DefaultLocalCacheStrategy] for Privacy Lists
2026.09.03 02:12:07 INFO  [main]: org.jivesoftware.util.cache.CacheFactory - Created cache [org.jivesoftware.util.cache.DefaultLocalCacheStrategy] for File Transfer Cache
2026.09.03 02:12:08 INFO  [main]: org.jivesoftware.util.cache.CacheFactory - Created cache [org.jivesoftware.util.cache.DefaultLocalCacheStrategy] for Offline Presence Cache
2026.09.03 02:12:08 INFO  [main]: org.jivesoftware.util.cache.CacheFactory - Created cache [org.jivesoftware.util.cache.DefaultLocalCacheStrategy] for Last Activity Cache
2026.09.03 02:12:08 INFO  [main]: org.jivesoftware.util.cache.CacheFactory - Created cache [org.jivesoftware.util.cache.DefaultLocalCacheStrategy] for User
2026.09.03 02:12:08 INFO  [main]: org.jivesoftware.util.cache.CacheFactory - Created cache [org.jivesoftware.util.cache.DefaultLocalCacheStrategy] for Remote Users Existence
2026.09.03 02:12:08 INFO  [main]: org.jivesoftware.util.cache.CacheFactory - Created cache [org.jivesoftware.util.cache.DefaultLocalCacheStrategy] for Components Sessions
2026.09.03 02:12:08 INFO  [main]: org.jivesoftware.util.cache.CacheFactory - Created cache [org.jivesoftware.util.cache.DefaultLocalCacheStrategy] for Connection Managers Sessions
2026.09.03 02:12:08 INFO  [main]: org.jivesoftware.util.cache.CacheFactory - Created cache [org.jivesoftware.util.cache.DefaultLocalCacheStrategy] for Incoming Server Sessions
2026.09.03 02:12:08 INFO  [main]: org.jivesoftware.util.cache.CacheFactory - Created cache [org.jivesoftware.util.cache.DefaultLocalCacheStrategy] for Sessions by Hostname
2026.09.03 02:12:08 INFO  [main]: org.jivesoftware.util.cache.CacheFactory - Created cache [org.jivesoftware.util.cache.DefaultLocalCacheStrategy] for Validated Domains
2026.09.03 02:12:08 INFO  [main]: org.jivesoftware.util.cache.CacheFactory - Created cache [org.jivesoftware.util.cache.DefaultLocalCacheStrategy] for Client Session Info Cache
2026.09.03 02:12:08 INFO  [main]: org.jivesoftware.util.cache.CacheFactory - Created cache [org.jivesoftware.util.cache.DefaultLocalCacheStrategy] for Directed Presences
2026.09.03 02:12:08 INFO  [main]: org.jivesoftware.util.cache.CacheFactory - Created local-only cache [org.jivesoftware.util.cache.DefaultLocalCacheStrategy] for PEPServiceManager
2026.09.03 02:12:08 INFO  [main]: org.jivesoftware.util.cache.CacheFactory - Created cache [org.jivesoftware.util.cache.DefaultLocalCacheStrategy] for File Transfer
2026.09.03 02:12:08 INFO  [main]: org.jivesoftware.util.cache.CacheFactory - Created cache [org.jivesoftware.util.cache.DefaultLocalCacheStrategy] for Published Items
2026.09.03 02:12:08 INFO  [main]: org.jivesoftware.util.cache.CacheFactory - Created cache [org.jivesoftware.util.cache.DefaultLocalCacheStrategy] for Disco Server Features
2026.09.03 02:12:08 INFO  [main]: org.jivesoftware.util.cache.CacheFactory - Created cache [org.jivesoftware.util.cache.DefaultLocalCacheStrategy] for Disco Server Items
2026.09.03 02:12:08 INFO  [main]: org.jivesoftware.util.cache.CacheFactory - Created cache [org.jivesoftware.util.cache.DefaultLocalCacheStrategy] for Components
2026.09.03 02:12:08 INFO  [main]: org.jivesoftware.util.cache.CacheFactory - Created local-only cache [org.jivesoftware.util.cache.DefaultLocalCacheStrategy] for Entity Capabilities
2026.09.03 02:12:08 INFO  [main]: org.jivesoftware.util.cache.CacheFactory - Created local-only cache [org.jivesoftware.util.cache.DefaultLocalCacheStrategy] for Entity Capabilities Users
2026.09.03 02:12:08 INFO  [main]: org.jivesoftware.util.cache.CacheFactory - Created cache [org.jivesoftware.util.cache.DefaultLocalCacheStrategy] for Group
2026.09.03 02:12:08 INFO  [main]: org.jivesoftware.util.cache.CacheFactory - Created cache [org.jivesoftware.util.cache.DefaultLocalCacheStrategy] for Group Metadata Cache
2026.09.03 02:12:08 INFO  [main]: org.jivesoftware.openfire.pubsub.PubSubModule - Dominio de Publicar-Suscribir: pubsub.127.0.0.1
2026.09.03 02:12:08 INFO  [main]: org.jivesoftware.openfire.muc.spi.MultiUserChatServiceImpl - Dominio de Chat Multi-usuario: conference.127.0.0.1
2026.09.03 02:12:08 INFO  [main]: org.jivesoftware.openfire.XMPPServer - Openfire 4.5.0 Alpha [Sep 3, 2026, 2:12:08 AM]
2026.09.03 02:12:08 WARN  [pool-5-thread-1]: org.jivesoftware.openfire.container.AdminConsolePlugin - Admin console: Identity store does not have any certificates. HTTPS will be unavailable.
2026.09.03 02:12:08 INFO  [main]: org.jivesoftware.openfire.XMPPServer - Accessing SystemProperty field org.jivesoftware.openfire.auth.AuthFactory#PASSWORD_KEY
2026.09.03 02:12:08 INFO  [main]: org.jivesoftware.openfire.XMPPServer - Accessing SystemProperty field org.jivesoftware.openfire.auth.AuthFactory#AUTH_PROVIDER
2026.09.03 02:12:08 INFO  [main]: org.jivesoftware.openfire.XMPPServer - Accessing SystemProperty field org.jivesoftware.openfire.sasl.ScramSha1SaslServer#ITERATION_COUNT
2026.09.03 02:12:08 INFO  [main]: org.jivesoftware.openfire.XMPPServer - Accessing SystemProperty field org.jivesoftware.openfire.vcard.VCardManager#VCARD_PROVIDER
2026.09.03 02:12:08 INFO  [main]: org.jivesoftware.openfire.XMPPServer - Accessing SystemProperty field org.jivesoftware.openfire.auth.HybridAuthProvider#PRIMARY_PROVIDER
2026.09.03 02:12:08 INFO  [main]: org.jivesoftware.openfire.XMPPServer - Accessing SystemProperty field org.jivesoftware.openfire.auth.HybridAuthProvider#SECONDARY_PROVIDER
2026.09.03 02:12:08 INFO  [main]: org.jivesoftware.openfire.XMPPServer - Accessing SystemProperty field org.jivesoftware.openfire.auth.HybridAuthProvider#TERTIARY_PROVIDER
2026.09.03 02:12:08 INFO  [main]: org.jivesoftware.openfire.XMPPServer - Accessing SystemProperty field org.jivesoftware.openfire.lockout.LockOutManager#LOCKOUT_PROVIDER
2026.09.03 02:12:08 INFO  [main]: org.jivesoftware.openfire.XMPPServer - Accessing SystemProperty field org.jivesoftware.openfire.user.UserManager#USER_PROVIDER
2026.09.03 02:12:08 INFO  [main]: org.jivesoftware.openfire.XMPPServer - Accessing SystemProperty field org.jivesoftware.openfire.user.UserManager#REMOTE_DISCO_INFO_TIMEOUT
2026.09.03 02:12:08 INFO  [main]: org.jivesoftware.openfire.XMPPServer - Accessing SystemProperty field org.jivesoftware.openfire.user.UserManager#USER_PROPERTY_PROVIDER
2026.09.03 02:12:08 INFO  [main]: org.jivesoftware.openfire.XMPPServer - Accessing SystemProperty field org.jivesoftware.openfire.SessionManager#CONFLICT_LIMIT
2026.09.03 02:12:08 INFO  [main]: org.jivesoftware.openfire.XMPPServer - Accessing SystemProperty field org.jivesoftware.openfire.group.GroupManager#GROUP_PROVIDER
2026.09.03 02:12:08 INFO  [main]: org.jivesoftware.openfire.XMPPServer - Accessing SystemProperty field org.jivesoftware.openfire.muc.spi.IQMuclumbusSearchHandler#PROPERTY_ENABLED
2026.09.03 02:12:08 INFO  [main]: org.jivesoftware.openfire.XMPPServer - Accessing SystemProperty field org.jivesoftware.openfire.sasl.AnonymousSaslServer#ENABLED
2026.09.03 02:12:08 INFO  [main]: org.jivesoftware.openfire.XMPPServer - Accessing SystemProperty field org.jivesoftware.openfire.net.SASLAuthentication#SKIP_PEER_CERT_REVALIDATION_CLIENT
2026.09.03 02:12:08 INFO  [main]: org.jivesoftware.openfire.net.SASLAuthentication - Support added for the 'ANONYMOUS' SASL mechanism.
2026.09.03 02:12:08 INFO  [main]: org.jivesoftware.openfire.net.SASLAuthentication - Support added for the 'PLAIN' SASL mechanism.
2026.09.03 02:12:08 INFO  [main]: org.jivesoftware.openfire.net.SASLAuthentication - Support added for the 'DIGEST-MD5' SASL mechanism.
2026.09.03 02:12:08 INFO  [main]: org.jivesoftware.openfire.net.SASLAuthentication - Support added for the 'CRAM-MD5' SASL mechanism.
2026.09.03 02:12:08 INFO  [main]: org.jivesoftware.openfire.net.SASLAuthentication - Support added for the 'SCRAM-SHA-1' SASL mechanism.
2026.09.03 02:12:08 INFO  [main]: org.jivesoftware.openfire.net.SASLAuthentication - Support added for the 'JIVE-SHAREDSECRET' SASL mechanism.
2026.09.03 02:12:08 INFO  [main]: org.jivesoftware.openfire.net.SASLAuthentication - Support added for the 'GSSAPI' SASL mechanism.
2026.09.03 02:12:08 INFO  [main]: org.jivesoftware.openfire.net.SASLAuthentication - Support added for the 'EXTERNAL' SASL mechanism.
2026.09.03 02:12:08 INFO  [main]: org.jivesoftware.openfire.XMPPServer - Accessing SystemProperty field org.jivesoftware.openfire.XMPPServerInfo#XMPP_DOMAIN
2026.09.03 02:12:08 INFO  [main]: org.jivesoftware.openfire.XMPPServer - Accessing SystemProperty field org.jivesoftware.openfire.sasl.ExternalClientSaslServer#PROPERTY_SASL_EXTERNAL_CLIENT_SUPPRESS_MATCHING_REALMNAME
2026.09.03 02:12:08 INFO  [main]: org.jivesoftware.openfire.XMPPServer - Accessing SystemProperty field org.jivesoftware.openfire.admin.AdminManager#ADMIN_PROVIDER
2026.09.03 02:12:08 INFO  [pool-5-thread-1]: org.jivesoftware.util.cache.CacheFactory - Created cache [org.jivesoftware.util.cache.DefaultLocalCacheStrategy] for Favicon Misses
2026.09.03 02:12:08 INFO  [pool-5-thread-1]: org.jivesoftware.util.cache.CacheFactory - Created cache [org.jivesoftware.util.cache.DefaultLocalCacheStrategy] for Favicon Hits
2026.09.03 02:12:08 INFO  [pool-5-thread-1]: org.jivesoftware.openfire.container.AdminConsolePlugin - Consola de administración escuchando en http://127.0.0.1:9090
2026.09.03 02:12:08 INFO  [main]: org.jivesoftware.openfire.XMPPServer - Accessing SystemProperty field org.jivesoftware.openfire.security.SecurityAuditManager#AUDIT_PROVIDER
2026.09.03 02:12:08 INFO  [main]: org.jivesoftware.openfire.XMPPServer - Accessing SystemProperty field org.jivesoftware.openfire.admin.DefaultAdminProvider#ADMIN_JIDS
2026.09.03 02:12:08 INFO  [main]: org.jivesoftware.openfire.XMPPServer - Accessing SystemProperty field org.jivesoftware.openfire.cluster.ClusterMonitor#ENABLED
2026.09.03 02:12:08 INFO  [main]: org.jivesoftware.openfire.XMPPServer - Accessing SystemProperty field org.jivesoftware.openfire.ldap.LdapVCardProvider#STORE_AVATAR_IN_DB
2026.09.03 02:12:08 INFO  [main]: org.jivesoftware.openfire.XMPPServer - Accessing SystemProperty field org.jivesoftware.openfire.spi.EncryptionArtifactFactory#TRUST_MANAGER_CLASS
2026.09.03 02:12:08 INFO  [main]: org.jivesoftware.openfire.XMPPServer - Accessing SystemProperty field org.jivesoftware.openfire.update.UpdateManager#ENABLED
2026.09.03 02:12:08 INFO  [main]: org.jivesoftware.openfire.XMPPServer - Accessing SystemProperty field org.jivesoftware.openfire.update.UpdateManager#NOTIFY_ADMINS
2026.09.03 02:12:08 INFO  [main]: org.jivesoftware.openfire.XMPPServer - Accessing SystemProperty field org.jivesoftware.openfire.update.UpdateManager#LAST_UPDATE_CHECK
2026.09.03 02:12:08 INFO  [main]: org.jivesoftware.openfire.XMPPServer - Accessing SystemProperty field org.jivesoftware.openfire.update.UpdateManager#UPDATE_FREQUENCY
2026.09.03 02:12:08 INFO  [main]: org.jivesoftware.openfire.XMPPServer - Accessing SystemProperty field org.jivesoftware.openfire.update.UpdateManager#PROXY_HOST
2026.09.03 02:12:08 INFO  [main]: org.jivesoftware.openfire.XMPPServer - Accessing SystemProperty field org.jivesoftware.openfire.update.UpdateManager#PROXY_PORT
2026.09.03 02:12:08 INFO  [pool-5-thread-1]: org.jivesoftware.openfire.container.PluginManager - Successfully loaded plugin 'admin'.
2026.09.03 02:12:08 INFO  [pool-6-thread-2]: org.jivesoftware.openfire.container.PluginManager - Successfully loaded plugin 'nonsaslauthentication'.
2026.09.03 02:12:09 INFO  [pool-6-thread-4]: org.jivesoftware.openfire.container.PluginManager - Successfully loaded plugin 'search'.
2026.09.03 02:12:09 INFO  [pool-6-thread-3]: org.jivesoftware.openfire.container.PluginManager - Successfully loaded plugin 'restapi'.
2026.09.03 02:12:09 INFO  [pool-5-thread-1]: org.jivesoftware.openfire.container.PluginMonitor - Finished processing all plugins.
2026.09.03 02:12:09 INFO  [pool-5-thread-1]: org.jivesoftware.openfire.spi.ConnectionListener[socket_c2s] - Started.
2026.09.03 02:12:09 INFO  [pool-5-thread-1]: org.jivesoftware.openfire.spi.ConnectionListener[socket_c2s-legacyMode] - Started.
2026.09.03 02:12:09 WARN  [pool-5-thread-1]: org.jivesoftware.openfire.spi.LegacyConnectionAcceptor - Configuration allows for up to 16 threads, although implementation is limited to exactly one.
2026.09.03 02:12:09 INFO  [pool-5-thread-1]: org.jivesoftware.openfire.spi.ConnectionListener[socket_s2s] - Started.
2026.09.03 02:12:09 WARN  [pool-5-thread-1]: org.jivesoftware.openfire.spi.LegacyConnectionAcceptor - Configuration allows for up to 16 threads, although implementation is limited to exactly one.
2026.09.03 02:12:09 INFO  [pool-5-thread-1]: org.jivesoftware.openfire.spi.ConnectionListener[socket_s2s-legacyMode] - Started.
2026.09.03 02:12:09 INFO  [pool-5-thread-1]: org.jivesoftware.openfire.spi.ConnectionListener[component] - Started.
2026.09.03 02:12:09 INFO  [pool-5-thread-1]: org.jivesoftware.openfire.spi.ConnectionListener[component-legacyMode] - Started.
2026.09.03 02:12:09 INFO  [pool-5-thread-1]: org.jivesoftware.openfire.spi.ConnectionListener[connection_manager] - Started.
2026.09.03 02:12:09 INFO  [pool-5-thread-1]: org.jivesoftware.openfire.spi.ConnectionListener[connection_manager-legacyMode] - Started.
2026.09.03 02:12:09 INFO  [pool-5-thread-1]: org.jivesoftware.openfire.http.HttpSessionManager - Starting instance
2026.09.03 02:12:09 INFO  [pool-5-thread-1]: org.jivesoftware.openfire.http.HttpBindManager - HTTP bind service started
2026.09.03 02:12:35 INFO  [socket_c2s-thread-3]: org.jivesoftware.util.cache.CacheFactory - Created cache [org.jivesoftware.util.cache.DefaultLocalCacheStrategy] for Locked Out Accounts
2026.09.03 02:14:59 INFO  [main]: org.jivesoftware.openfire.XMPPServer - Registering shutdown hook (standalone mode)
2026.09.03 02:14:59 INFO  [main]: hsqldb.db.HSQLDBA0638C63BF.ENGINE - checkpointClose start
2026.09.03 02:14:59 INFO  [main]: hsqldb.db.HSQLDBA0638C63BF.ENGINE - checkpointClose synched
2026.09.03 02:14:59 INFO  [main]: hsqldb.db.HSQLDBA0638C63BF.ENGINE - checkpointClose script done
2026.09.03 02:14:59 INFO  [main]: hsqldb.db.HSQLDBA0638C63BF.ENGINE - checkpointClose end
2026.09.03 02:14:59 INFO  [main]: org.jivesoftware.util.cache.CacheFactory - Created cache [org.jivesoftware.util.cache.DefaultLocalCacheStrategy] for Routing Servers Cache
2026.09.03 02:14:59 INFO  [main]: org.jivesoftware.util.cache.CacheFactory - Created cache [org.jivesoftware.util.cache.DefaultLocalCacheStrategy] for Routing Components Cache
2026.09.03 02:14:59 INFO  [main]: org.jivesoftware.util.cache.CacheFactory - Created cache [org.jivesoftware.util.cache.DefaultLocalCacheStrategy] for Routing Users Cache
2026.09.03 02:14:59 INFO  [main]: org.jivesoftware.util.cache.CacheFactory - Created cache [org.jivesoftware.util.cache.DefaultLocalCacheStrategy] for Routing AnonymousUsers Cache
2026.09.03 02:14:59 INFO  [main]: org.jivesoftware.util.cache.CacheFactory - Created cache [org.jivesoftware.util.cache.DefaultLocalCacheStrategy] for Routing User Sessions
2026.09.03 02:14:59 INFO  [main]: org.jivesoftware.util.cache.CacheFactory - Created cache [org.jivesoftware.util.cache.DefaultLocalCacheStrategy] for Roster
2026.09.03 02:14:59 INFO  [main]: org.jivesoftware.util.cache.CacheFactory - Created cache [org.jivesoftware.util.cache.DefaultLocalCacheStrategy] for RosterItems
2026.09.03 02:14:59 INFO  [main]: org.jivesoftware.util.cache.CacheFactory - Created cache [org.jivesoftware.util.cache.DefaultLocalCacheStrategy] for Multicast Service
2026.09.03 02:14:59 INFO  [main]: org.jivesoftware.util.cache.CacheFactory - Created cache [org.jivesoftware.util.cache.DefaultLocalCacheStrategy] for Offline Message Size
2026.09.03 02:14:59 INFO  [main]: org.jivesoftware.util.cache.CacheFactory - Created cache [org.jivesoftware.util.cache.DefaultLocalCacheStrategy] for VCard
2026.09.03 02:14:59 INFO  [main]: org.jivesoftware.util.cache.CacheFactory - Created cache [org.jivesoftware.util.cache.DefaultLocalCacheStrategy] for Privacy Lists
2026.09.03 02:14:59 INFO  [main]: org.jivesoftware.util.cache.CacheFactory - Created cache [org.jivesoftware.util.cache.DefaultLocalCacheStrategy] for File Transfer Cache
2026.09.03 02:14:59 INFO  [main]: org.jivesoftware.util.cache.CacheFactory - Created cache [org.jivesoftware.util.cache.DefaultLocalCacheStrategy] for Offline Presence Cache
2026.09.03 02:14:59 INFO  [main]: org.jivesoftware.util.cache.CacheFactory - Created cache [org.jivesoftware.util.cache.DefaultLocalCacheStrategy] for Last Activity Cache
2026.09.03 02:14:59 INFO  [main]: org.jivesoftware.util.cache.CacheFactory - Created cache [org.jivesoftware.util.cache.DefaultLocalCacheStrategy] for User
2026.09.03 02:14:59 INFO  [main]: org.jivesoftware.util.cache.CacheFactory - Created cache [org.jivesoftware.util.cache.DefaultLocalCacheStrategy] for Remote Users Existence
2026.09.03 02:14:59 INFO  [main]: org.jivesoftware.util.cache.CacheFactory - Created cache [org.jivesoftware.util.cache.DefaultLocalCacheStrategy] for Components Sessions
2026.09.03 02:14:59 INFO  [main]: org.jivesoftware.util.cache.CacheFactory - Created cache [org.jivesoftware.util.cache.DefaultLocalCacheStrategy] for Connection Managers Sessions
2026.09.03 02:15:00 INFO  [main]: org.jivesoftware.util.cache.CacheFactory - Created cache [org.jivesoftware.util.cache.DefaultLocalCacheStrategy] for Incoming Server Sessions
2026.09.03 02:15:00 INFO  [main]: org.jivesoftware.util.cache.CacheFactory - Created cache [org.jivesoftware.util.cache.DefaultLocalCacheStrategy] for Sessions by Hostname
2026.09.03 02:15:00 INFO  [main]: org.jivesoftware.util.cache.CacheFactory - Created cache [org.jivesoftware.util.cache.DefaultLocalCacheStrategy] for Validated Domains
2026.09.03 02:15:00 INFO  [main]: org.jivesoftware.util.cache.CacheFactory - Created cache [org.jivesoftware.util.cache.DefaultLocalCacheStrategy] for Client Session Info Cache
2026.09.03 02:15:00 INFO  [main]: org.jivesoftware.util.cache.CacheFactory - Created cache [org.jivesoftware.util.cache.DefaultLocalCacheStrategy] for Directed Presences
2026.09.03 02:15:00 INFO  [main]: org.jivesoftware.util.cache.CacheFactory - Created local-only cache [org.jivesoftware.util.cache.DefaultLocalCacheStrategy] for PEPServiceManager
2026.09.03 02:15:00 INFO  [main]: org.jivesoftware.util.cache.CacheFactory - Created cache [org.jivesoftware.util.cache.DefaultLocalCacheStrategy] for File Transfer
2026.09.03 02:15:00 INFO  [main]: org.jivesoftware.util.cache.CacheFactory - Created cache [org.jivesoftware.util.cache.DefaultLocalCacheStrategy] for Published Items
2026.09.03 02:15:00 INFO  [main]: org.jivesoftware.util.cache.CacheFactory - Created cache [org.jivesoftware.util.cache.DefaultLocalCacheStrategy] for Disco Server Features
2026.09.03 02:15:00 INFO  [main]: org.jivesoftware.util.cache.CacheFactory - Created cache [org.jivesoftware.util.cache.DefaultLocalCacheStrategy] for Disco Server Items
2026.09.03 02:15:00 INFO  [main]: org.jivesoftware.util.cache.CacheFactory - Created cache [org.jivesoftware.util.cache.DefaultLocalCacheStrategy] for Components
2026.09.03 02:15:00 INFO  [main]: org.jivesoftware.util.cache.CacheFactory - Created local-only cache [org.jivesoftware.util.cache.DefaultLocalCacheStrategy] for Entity Capabilities
2026.09.03 02:15:00 INFO  [main]: org.jivesoftware.util.cache.CacheFactory - Created local-only cache [org.jivesoftware.util.cache.DefaultLocalCacheStrategy] for Entity Capabilities Users
2026.09.03 02:15:00 INFO  [main]: org.jivesoftware.util.cache.CacheFactory - Created cache [org.jivesoftware.util.cache.DefaultLocalCacheStrategy] for Group
2026.09.03 02:15:00 INFO  [main]: org.jivesoftware.util.cache.CacheFactory - Created cache [org.jivesoftware.util.cache.DefaultLocalCacheStrategy] for Group Metadata Cache
2026.09.03 02:15:00 INFO  [main]: org.jivesoftware.openfire.pubsub.PubSubModule - Dominio de Publicar-Suscribir: pubsub.127.0.0.1
2026.09.03 02:15:00 INFO  [main]: org.jivesoftware.openfire.muc.spi.MultiUserChatServiceImpl - Dominio de Chat Multi-usuario: conference.127.0.0.1
2026.09.03 02:15:00 INFO  [main]: org.jivesoftware.openfire.XMPPServer - Openfire 4.5.0 Alpha [Sep 3, 2026, 2:15:00 AM]
2026.09.03 02:15:00 WARN  [pool-5-thread-1]: org.jivesoftware.openfire.container.AdminConsolePlugin - Admin console: Identity store does not have any certificates. HTTPS will be unavailable.
2026.09.03 02:15:00 INFO  [main]: org.jivesoftware.openfire.XMPPServer - Accessing SystemProperty field org.jivesoftware.openfire.auth.AuthFactory#PASSWORD_KEY
2026.09.03 02:15:00 INFO  [main]: org.jivesoftware.openfire.XMPPServer - Accessing SystemProperty field org.jivesoftware.openfire.auth.AuthFactory#AUTH_PROVIDER
2026.09.03 02:15:00 INFO  [pool-5-thread-1]: org.jivesoftware.util.cache.CacheFactory - Created cache [org.jivesoftware.util.cache.DefaultLocalCacheStrategy] for Favicon Misses
2026.09.03 02:15:00 INFO  [pool-5-thread-1]: org.jivesoftware.util.cache.CacheFactory - Created cache [org.jivesoftware.util.cache.DefaultLocalCacheStrategy] for Favicon Hits
2026.09.03 02:15:00 INFO  [main]: org.jivesoftware.openfire.XMPPServer - Accessing SystemProperty field org.jivesoftware.openfire.sasl.ScramSha1SaslServer#ITERATION_COUNT
2026.09.03 02:15:00 INFO  [main]: org.jivesoftware.openfire.XMPPServer - Accessing SystemProperty field org.jivesoftware.openfire.vcard.VCardManager#VCARD_PROVIDER
2026.09.03 02:15:00 INFO  [pool-5-thread-1]: org.jivesoftware.openfire.container.AdminConsolePlugin - Consola de administración escuchando en http://127.0.0.1:9090
2026.09.03 02:15:00 INFO  [main]: org.jivesoftware.openfire.XMPPServer - Accessing SystemProperty field org.jivesoftware.openfire.auth.HybridAuthProvider#PRIMARY_PROVIDER
2026.09.03 02:15:00 INFO  [main]: org.jivesoftware.openfire.XMPPServer - Accessing SystemProperty field org.jivesoftware.openfire.auth.HybridAuthProvider#SECONDARY_PROVIDER
2026.09.03 02:15:00 INFO  [main]: org.jivesoftware.openfire.XMPPServer - Accessing SystemProperty field org.jivesoftware.openfire.auth.HybridAuthProvider#TERTIARY_PROVIDER
2026.09.03 02:15:00 INFO  [main]: org.jivesoftware.openfire.XMPPServer - Accessing SystemProperty field org.jivesoftware.openfire.lockout.LockOutManager#LOCKOUT_PROVIDER
2026.09.03 02:15:00 INFO  [main]: org.jivesoftware.openfire.XMPPServer - Accessing SystemProperty field org.jivesoftware.openfire.user.UserManager#USER_PROVIDER
2026.09.03 02:15:00 INFO  [main]: org.jivesoftware.openfire.XMPPServer - Accessing SystemProperty field org.jivesoftware.openfire.user.UserManager#REMOTE_DISCO_INFO_TIMEOUT
2026.09.03 02:15:00 INFO  [main]: org.jivesoftware.openfire.XMPPServer - Accessing SystemProperty field org.jivesoftware.openfire.user.UserManager#USER_PROPERTY_PROVIDER
2026.09.03 02:15:00 INFO  [main]: org.jivesoftware.openfire.XMPPServer - Accessing SystemProperty field org.jivesoftware.openfire.SessionManager#CONFLICT_LIMIT
2026.09.03 02:15:00 INFO  [main]: org.jivesoftware.openfire.XMPPServer - Accessing SystemProperty field org.jivesoftware.openfire.group.GroupManager#GROUP_PROVIDER
2026.09.03 02:15:00 INFO  [main]: org.jivesoftware.openfire.XMPPServer - Accessing SystemProperty field org.jivesoftware.openfire.muc.spi.IQMuclumbusSearchHandler#PROPERTY_ENABLED
2026.09.03 02:15:00 INFO  [main]: org.jivesoftware.openfire.XMPPServer - Accessing SystemProperty field org.jivesoftware.openfire.sasl.AnonymousSaslServer#ENABLED
2026.09.03 02:15:00 INFO  [pool-5-thread-1]: org.jivesoftware.openfire.container.PluginManager - Successfully loaded plugin 'admin'.
2026.09.03 02:15:00 INFO  [pool-6-thread-2]: org.jivesoftware.openfire.container.PluginManager - Successfully loaded plugin 'nonsaslauthentication'.
2026.09.03 02:15:00 INFO  [main]: org.jivesoftware.openfire.XMPPServer - Accessing SystemProperty field org.jivesoftware.openfire.net.SASLAuthentication#SKIP_PEER_CERT_REVALIDATION_CLIENT
2026.09.03 02:15:00 INFO  [main]: org.jivesoftware.openfire.net.SASLAuthentication - Support added for the 'ANONYMOUS' SASL mechanism.
2026.09.03 02:15:00 INFO  [main]: org.jivesoftware.openfire.net.SASLAuthentication - Support added for the 'PLAIN' SASL mechanism.
2026.09.03 02:15:00 INFO  [main]: org.jivesoftware.openfire.net.SASLAuthentication - Support added for the 'DIGEST-MD5' SASL mechanism.
2026.09.03 02:15:00 INFO  [main]: org.jivesoftware.openfire.net.SASLAuthentication - Support added for the 'CRAM-MD5' SASL mechanism.
2026.09.03 02:15:00 INFO  [main]: org.jivesoftware.openfire.net.SASLAuthentication - Support added for the 'SCRAM-SHA-1' SASL mechanism.
2026.09.03 02:15:00 INFO  [main]: org.jivesoftware.openfire.net.SASLAuthentication - Support added for the 'JIVE-SHAREDSECRET' SASL mechanism.
2026.09.03 02:15:00 INFO  [main]: org.jivesoftware.openfire.net.SASLAuthentication - Support added for the 'GSSAPI' SASL mechanism.
2026.09.03 02:15:00 INFO  [main]: org.jivesoftware.openfire.net.SASLAuthentication - Support added for the 'EXTERNAL' SASL mechanism.
2026.09.03 02:15:00 INFO  [main]: org.jivesoftware.openfire.XMPPServer - Accessing SystemProperty field org.jivesoftware.openfire.XMPPServerInfo#XMPP_DOMAIN
2026.09.03 02:15:00 INFO  [pool-6-thread-4]: org.jivesoftware.openfire.container.PluginManager - Successfully loaded plugin 'search'.
2026.09.03 02:15:00 INFO  [main]: org.jivesoftware.openfire.XMPPServer - Accessing SystemProperty field org.jivesoftware.openfire.sasl.ExternalClientSaslServer#PROPERTY_SASL_EXTERNAL_CLIENT_SUPPRESS_MATCHING_REALMNAME
2026.09.03 02:15:00 INFO  [main]: org.jivesoftware.openfire.XMPPServer - Accessing SystemProperty field org.jivesoftware.openfire.admin.AdminManager#ADMIN_PROVIDER
2026.09.03 02:15:01 INFO  [main]: org.jivesoftware.openfire.XMPPServer - Accessing SystemProperty field org.jivesoftware.openfire.security.SecurityAuditManager#AUDIT_PROVIDER
2026.09.03 02:15:01 INFO  [main]: org.jivesoftware.openfire.XMPPServer - Accessing SystemProperty field org.jivesoftware.openfire.admin.DefaultAdminProvider#ADMIN_JIDS
2026.09.03 02:15:01 INFO  [main]: org.jivesoftware.openfire.XMPPServer - Accessing SystemProperty field org.jivesoftware.openfire.cluster.ClusterMonitor#ENABLED
2026.09.03 02:15:01 INFO  [main]: org.jivesoftware.openfire.XMPPServer - Accessing SystemProperty field org.jivesoftware.openfire.ldap.LdapVCardProvider#STORE_AVATAR_IN_DB
2026.09.03 02:15:01 INFO  [main]: org.jivesoftware.openfire.XMPPServer - Accessing SystemProperty field org.jivesoftware.openfire.spi.EncryptionArtifactFactory#TRUST_MANAGER_CLASS
2026.09.03 02:15:01 INFO  [main]: org.jivesoftware.openfire.XMPPServer - Accessing SystemProperty field org.jivesoftware.openfire.update.UpdateManager#ENABLED
2026.09.03 02:15:01 INFO  [main]: org.jivesoftware.openfire.XMPPServer - Accessing SystemProperty field org.jivesoftware.openfire.update.UpdateManager#NOTIFY_ADMINS
2026.09.03 02:15:01 INFO  [main]: org.jivesoftware.openfire.XMPPServer - Accessing SystemProperty field org.jivesoftware.openfire.update.UpdateManager#LAST_UPDATE_CHECK
2026.09.03 02:15:01 INFO  [main]: org.jivesoftware.openfire.XMPPServer - Accessing SystemProperty field org.jivesoftware.openfire.update.UpdateManager#UPDATE_FREQUENCY
2026.09.03 02:15:01 INFO  [main]: org.jivesoftware.openfire.XMPPServer - Accessing SystemProperty field org.jivesoftware.openfire.update.UpdateManager#PROXY_HOST
2026.09.03 02:15:01 INFO  [main]: org.jivesoftware.openfire.XMPPServer - Accessing SystemProperty field org.jivesoftware.openfire.update.UpdateManager#PROXY_PORT
2026.09.03 02:15:01 INFO  [pool-6-thread-3]: org.jivesoftware.openfire.container.PluginManager - Successfully loaded plugin 'restapi'.
2026.09.03 02:15:01 INFO  [pool-5-thread-1]: org.jivesoftware.openfire.container.PluginMonitor - Finished processing all plugins.
2026.09.03 02:15:01 INFO  [pool-5-thread-1]: org.jivesoftware.openfire.spi.ConnectionListener[socket_c2s] - Started.
2026.09.03 02:15:01 INFO  [pool-5-thread-1]: org.jivesoftware.openfire.spi.ConnectionListener[socket_c2s-legacyMode] - Started.
2026.09.03 02:15:01 WARN  [pool-5-thread-1]: org.jivesoftware.openfire.spi.LegacyConnectionAcceptor - Configuration allows for up to 16 threads, although implementation is limited to exactly one.
2026.09.03 02:15:01 INFO  [pool-5-thread-1]: org.jivesoftware.openfire.spi.ConnectionListener[socket_s2s] - Started.
2026.09.03 02:15:01 WARN  [pool-5-thread-1]: org.jivesoftware.openfire.spi.LegacyConnectionAcceptor - Configuration allows for up to 16 threads, although implementation is limited to exactly one.
2026.09.03 02:15:01 INFO  [pool-5-thread-1]: org.jivesoftware.openfire.spi.ConnectionListener[socket_s2s-legacyMode] - Started.
2026.09.03 02:15:01 INFO  [pool-5-thread-1]: org.jivesoftware.openfire.spi.ConnectionListener[component] - Started.
2026.09.03 02:15:01 INFO  [pool-5-thread-1]: org.jivesoftware.openfire.spi.ConnectionListener[component-legacyMode] - Started.
2026.09.03 02:15:01 INFO  [pool-5-thread-1]: org.jivesoftware.openfire.spi.ConnectionListener[connection_manager] - Started.
2026.09.03 02:15:01 INFO  [pool-5-thread-1]: org.jivesoftware.openfire.spi.ConnectionListener[connection_manager-legacyMode] - Started.
2026.09.03 02:15:01 INFO  [pool-5-thread-1]: org.jivesoftware.openfire.http.HttpSessionManager - Starting instance
2026.09.03 02:15:01 INFO  [pool-5-thread-1]: org.jivesoftware.openfire.http.HttpBindManager - HTTP bind service started
2026.09.03 02:15:28 INFO  [socket_c2s-thread-3]: org.jivesoftware.util.cache.CacheFactory - Created cache [org.jivesoftware.util.cache.DefaultLocalCacheStrategy] for Locked Out Accounts
2026.09.03 02:35:23 WARN  [socket_c2s-thread-2]: org.jivesoftware.openfire.nio.ConnectionHandler - Closing connection due to exception in session: (0x00000002: nio socket, server, null => 0.0.0.0/0.0.0.0:5222)
java.io.IOException: Se ha forzado la interrupción de una conexión existente por el host remoto
	at sun.nio.ch.SocketDispatcher.read0(Native Method) ~[?:?]
	at sun.nio.ch.SocketDispatcher.read(SocketDispatcher.java:43) ~[?:?]
	at sun.nio.ch.IOUtil.readIntoNativeBuffer(IOUtil.java:276) ~[?:?]
	at sun.nio.ch.IOUtil.read(IOUtil.java:245) ~[?:?]
	at sun.nio.ch.IOUtil.read(IOUtil.java:223) ~[?:?]
	at sun.nio.ch.SocketChannelImpl.read(SocketChannelImpl.java:356) ~[?:?]
	at org.apache.mina.transport.socket.nio.NioProcessor.read(NioProcessor.java:378) ~[mina-core-2.1.3.jar:?]
	at org.apache.mina.transport.socket.nio.NioProcessor.read(NioProcessor.java:47) ~[mina-core-2.1.3.jar:?]
	at org.apache.mina.core.polling.AbstractPollingIoProcessor.read(AbstractPollingIoProcessor.java:519) ~[mina-core-2.1.3.jar:?]
	at org.apache.mina.core.polling.AbstractPollingIoProcessor.access$1200(AbstractPollingIoProcessor.java:68) ~[mina-core-2.1.3.jar:?]
	at org.apache.mina.core.polling.AbstractPollingIoProcessor$Processor.process(AbstractPollingIoProcessor.java:1222) ~[mina-core-2.1.3.jar:?]
	at org.apache.mina.core.polling.AbstractPollingIoProcessor$Processor.process(AbstractPollingIoProcessor.java:1211) ~[mina-core-2.1.3.jar:?]
	at org.apache.mina.core.polling.AbstractPollingIoProcessor$Processor.run(AbstractPollingIoProcessor.java:683) ~[mina-core-2.1.3.jar:?]
	at org.apache.mina.util.NamePreservingRunnable.run(NamePreservingRunnable.java:64) ~[mina-core-2.1.3.jar:?]
	at java.util.concurrent.ThreadPoolExecutor.runWorker(ThreadPoolExecutor.java:1128) ~[?:?]
	at java.util.concurrent.ThreadPoolExecutor$Worker.run(ThreadPoolExecutor.java:628) ~[?:?]
	at java.lang.Thread.run(Thread.java:829) [?:?]
2026.09.03 02:36:26 WARN  [socket_c2s-thread-2]: org.jivesoftware.openfire.nio.ConnectionHandler - Closing connection due to exception in session: (0x00000003: nio socket, server, null => 0.0.0.0/0.0.0.0:5222)
java.io.IOException: Se ha forzado la interrupción de una conexión existente por el host remoto
	at sun.nio.ch.SocketDispatcher.read0(Native Method) ~[?:?]
	at sun.nio.ch.SocketDispatcher.read(SocketDispatcher.java:43) ~[?:?]
	at sun.nio.ch.IOUtil.readIntoNativeBuffer(IOUtil.java:276) ~[?:?]
	at sun.nio.ch.IOUtil.read(IOUtil.java:245) ~[?:?]
	at sun.nio.ch.IOUtil.read(IOUtil.java:223) ~[?:?]
	at sun.nio.ch.SocketChannelImpl.read(SocketChannelImpl.java:356) ~[?:?]
	at org.apache.mina.transport.socket.nio.NioProcessor.read(NioProcessor.java:378) ~[mina-core-2.1.3.jar:?]
	at org.apache.mina.transport.socket.nio.NioProcessor.read(NioProcessor.java:47) ~[mina-core-2.1.3.jar:?]
	at org.apache.mina.core.polling.AbstractPollingIoProcessor.read(AbstractPollingIoProcessor.java:519) ~[mina-core-2.1.3.jar:?]
	at org.apache.mina.core.polling.AbstractPollingIoProcessor.access$1200(AbstractPollingIoProcessor.java:68) ~[mina-core-2.1.3.jar:?]
	at org.apache.mina.core.polling.AbstractPollingIoProcessor$Processor.process(AbstractPollingIoProcessor.java:1222) ~[mina-core-2.1.3.jar:?]
	at org.apache.mina.core.polling.AbstractPollingIoProcessor$Processor.process(AbstractPollingIoProcessor.java:1211) ~[mina-core-2.1.3.jar:?]
	at org.apache.mina.core.polling.AbstractPollingIoProcessor$Processor.run(AbstractPollingIoProcessor.java:683) ~[mina-core-2.1.3.jar:?]
	at org.apache.mina.util.NamePreservingRunnable.run(NamePreservingRunnable.java:64) ~[mina-core-2.1.3.jar:?]
	at java.util.concurrent.ThreadPoolExecutor.runWorker(ThreadPoolExecutor.java:1128) ~[?:?]
	at java.util.concurrent.ThreadPoolExecutor$Worker.run(ThreadPoolExecutor.java:628) ~[?:?]
	at java.lang.Thread.run(Thread.java:829) [?:?]
2026.09.03 02:40:26 INFO  [main]: org.jivesoftware.openfire.XMPPServer - Registering shutdown hook (standalone mode)
2026.09.03 02:40:27 INFO  [main]: hsqldb.db.HSQLDBA0638C63BF.ENGINE - checkpointClose start
2026.09.03 02:40:27 INFO  [main]: hsqldb.db.HSQLDBA0638C63BF.ENGINE - checkpointClose synched
2026.09.03 02:40:27 INFO  [main]: hsqldb.db.HSQLDBA0638C63BF.ENGINE - checkpointClose script done
2026.09.03 02:40:27 INFO  [main]: hsqldb.db.HSQLDBA0638C63BF.ENGINE - checkpointClose end
2026.09.03 02:40:27 INFO  [main]: org.jivesoftware.util.cache.CacheFactory - Created cache [org.jivesoftware.util.cache.DefaultLocalCacheStrategy] for Routing Servers Cache
2026.09.03 02:40:27 INFO  [main]: org.jivesoftware.util.cache.CacheFactory - Created cache [org.jivesoftware.util.cache.DefaultLocalCacheStrategy] for Routing Components Cache
2026.09.03 02:40:27 INFO  [main]: org.jivesoftware.util.cache.CacheFactory - Created cache [org.jivesoftware.util.cache.DefaultLocalCacheStrategy] for Routing Users Cache
2026.09.03 02:40:27 INFO  [main]: org.jivesoftware.util.cache.CacheFactory - Created cache [org.jivesoftware.util.cache.DefaultLocalCacheStrategy] for Routing AnonymousUsers Cache
2026.09.03 02:40:27 INFO  [main]: org.jivesoftware.util.cache.CacheFactory - Created cache [org.jivesoftware.util.cache.DefaultLocalCacheStrategy] for Routing User Sessions
2026.09.03 02:40:27 INFO  [main]: org.jivesoftware.util.cache.CacheFactory - Created cache [org.jivesoftware.util.cache.DefaultLocalCacheStrategy] for Roster
2026.09.03 02:40:27 INFO  [main]: org.jivesoftware.util.cache.CacheFactory - Created cache [org.jivesoftware.util.cache.DefaultLocalCacheStrategy] for RosterItems
2026.09.03 02:40:27 INFO  [main]: org.jivesoftware.util.cache.CacheFactory - Created cache [org.jivesoftware.util.cache.DefaultLocalCacheStrategy] for Multicast Service
2026.09.03 02:40:27 INFO  [main]: org.jivesoftware.util.cache.CacheFactory - Created cache [org.jivesoftware.util.cache.DefaultLocalCacheStrategy] for Offline Message Size
2026.09.03 02:40:27 INFO  [main]: org.jivesoftware.util.cache.CacheFactory - Created cache [org.jivesoftware.util.cache.DefaultLocalCacheStrategy] for VCard
2026.09.03 02:40:27 INFO  [main]: org.jivesoftware.util.cache.CacheFactory - Created cache [org.jivesoftware.util.cache.DefaultLocalCacheStrategy] for Privacy Lists
2026.09.03 02:40:27 INFO  [main]: org.jivesoftware.util.cache.CacheFactory - Created cache [org.jivesoftware.util.cache.DefaultLocalCacheStrategy] for File Transfer Cache
2026.09.03 02:40:27 INFO  [main]: org.jivesoftware.util.cache.CacheFactory - Created cache [org.jivesoftware.util.cache.DefaultLocalCacheStrategy] for Offline Presence Cache
2026.09.03 02:40:27 INFO  [main]: org.jivesoftware.util.cache.CacheFactory - Created cache [org.jivesoftware.util.cache.DefaultLocalCacheStrategy] for Last Activity Cache
2026.09.03 02:40:27 INFO  [main]: org.jivesoftware.util.cache.CacheFactory - Created cache [org.jivesoftware.util.cache.DefaultLocalCacheStrategy] for User
2026.09.03 02:40:27 INFO  [main]: org.jivesoftware.util.cache.CacheFactory - Created cache [org.jivesoftware.util.cache.DefaultLocalCacheStrategy] for Remote Users Existence
2026.09.03 02:40:27 INFO  [main]: org.jivesoftware.util.cache.CacheFactory - Created cache [org.jivesoftware.util.cache.DefaultLocalCacheStrategy] for Components Sessions
2026.09.03 02:40:27 INFO  [main]: org.jivesoftware.util.cache.CacheFactory - Created cache [org.jivesoftware.util.cache.DefaultLocalCacheStrategy] for Connection Managers Sessions
2026.09.03 02:40:27 INFO  [main]: org.jivesoftware.util.cache.CacheFactory - Created cache [org.jivesoftware.util.cache.DefaultLocalCacheStrategy] for Incoming Server Sessions
2026.09.03 02:40:27 INFO  [main]: org.jivesoftware.util.cache.CacheFactory - Created cache [org.jivesoftware.util.cache.DefaultLocalCacheStrategy] for Sessions by Hostname
2026.09.03 02:40:27 INFO  [main]: org.jivesoftware.util.cache.CacheFactory - Created cache [org.jivesoftware.util.cache.DefaultLocalCacheStrategy] for Validated Domains
2026.09.03 02:40:27 INFO  [main]: org.jivesoftware.util.cache.CacheFactory - Created cache [org.jivesoftware.util.cache.DefaultLocalCacheStrategy] for Client Session Info Cache
2026.09.03 02:40:27 INFO  [main]: org.jivesoftware.util.cache.CacheFactory - Created cache [org.jivesoftware.util.cache.DefaultLocalCacheStrategy] for Directed Presences
2026.09.03 02:40:27 INFO  [main]: org.jivesoftware.util.cache.CacheFactory - Created local-only cache [org.jivesoftware.util.cache.DefaultLocalCacheStrategy] for PEPServiceManager
2026.09.03 02:40:27 INFO  [main]: org.jivesoftware.util.cache.CacheFactory - Created cache [org.jivesoftware.util.cache.DefaultLocalCacheStrategy] for File Transfer
2026.09.03 02:40:27 INFO  [main]: org.jivesoftware.util.cache.CacheFactory - Created cache [org.jivesoftware.util.cache.DefaultLocalCacheStrategy] for Published Items
2026.09.03 02:40:27 INFO  [main]: org.jivesoftware.util.cache.CacheFactory - Created cache [org.jivesoftware.util.cache.DefaultLocalCacheStrategy] for Disco Server Features
2026.09.03 02:40:27 INFO  [main]: org.jivesoftware.util.cache.CacheFactory - Created cache [org.jivesoftware.util.cache.DefaultLocalCacheStrategy] for Disco Server Items
2026.09.03 02:40:27 INFO  [main]: org.jivesoftware.util.cache.CacheFactory - Created cache [org.jivesoftware.util.cache.DefaultLocalCacheStrategy] for Components
2026.09.03 02:40:27 INFO  [main]: org.jivesoftware.util.cache.CacheFactory - Created local-only cache [org.jivesoftware.util.cache.DefaultLocalCacheStrategy] for Entity Capabilities
2026.09.03 02:40:27 INFO  [main]: org.jivesoftware.util.cache.CacheFactory - Created local-only cache [org.jivesoftware.util.cache.DefaultLocalCacheStrategy] for Entity Capabilities Users
2026.09.03 02:40:27 INFO  [main]: org.jivesoftware.util.cache.CacheFactory - Created cache [org.jivesoftware.util.cache.DefaultLocalCacheStrategy] for Group
2026.09.03 02:40:27 INFO  [main]: org.jivesoftware.util.cache.CacheFactory - Created cache [org.jivesoftware.util.cache.DefaultLocalCacheStrategy] for Group Metadata Cache
2026.09.03 02:40:27 INFO  [main]: org.jivesoftware.openfire.pubsub.PubSubModule - Dominio de Publicar-Suscribir: pubsub.127.0.0.1
2026.09.03 02:40:27 INFO  [main]: org.jivesoftware.openfire.muc.spi.MultiUserChatServiceImpl - Dominio de Chat Multi-usuario: conference.127.0.0.1
2026.09.03 02:40:27 INFO  [main]: org.jivesoftware.openfire.XMPPServer - Openfire 4.5.0 Alpha [Sep 3, 2026, 2:40:27 AM]
2026.09.03 02:40:27 WARN  [pool-5-thread-1]: org.jivesoftware.openfire.container.AdminConsolePlugin - Admin console: Identity store does not have any certificates. HTTPS will be unavailable.
2026.09.03 02:40:28 INFO  [main]: org.jivesoftware.openfire.XMPPServer - Accessing SystemProperty field org.jivesoftware.openfire.auth.AuthFactory#PASSWORD_KEY
2026.09.03 02:40:28 INFO  [main]: org.jivesoftware.openfire.XMPPServer - Accessing SystemProperty field org.jivesoftware.openfire.auth.AuthFactory#AUTH_PROVIDER
2026.09.03 02:40:28 INFO  [main]: org.jivesoftware.openfire.XMPPServer - Accessing SystemProperty field org.jivesoftware.openfire.sasl.ScramSha1SaslServer#ITERATION_COUNT
2026.09.03 02:40:28 INFO  [main]: org.jivesoftware.openfire.XMPPServer - Accessing SystemProperty field org.jivesoftware.openfire.vcard.VCardManager#VCARD_PROVIDER
2026.09.03 02:40:28 INFO  [main]: org.jivesoftware.openfire.XMPPServer - Accessing SystemProperty field org.jivesoftware.openfire.auth.HybridAuthProvider#PRIMARY_PROVIDER
2026.09.03 02:40:28 INFO  [main]: org.jivesoftware.openfire.XMPPServer - Accessing SystemProperty field org.jivesoftware.openfire.auth.HybridAuthProvider#SECONDARY_PROVIDER
2026.09.03 02:40:28 INFO  [main]: org.jivesoftware.openfire.XMPPServer - Accessing SystemProperty field org.jivesoftware.openfire.auth.HybridAuthProvider#TERTIARY_PROVIDER
2026.09.03 02:40:28 INFO  [main]: org.jivesoftware.openfire.XMPPServer - Accessing SystemProperty field org.jivesoftware.openfire.lockout.LockOutManager#LOCKOUT_PROVIDER
2026.09.03 02:40:28 INFO  [main]: org.jivesoftware.openfire.XMPPServer - Accessing SystemProperty field org.jivesoftware.openfire.user.UserManager#USER_PROVIDER
2026.09.03 02:40:28 INFO  [main]: org.jivesoftware.openfire.XMPPServer - Accessing SystemProperty field org.jivesoftware.openfire.user.UserManager#REMOTE_DISCO_INFO_TIMEOUT
2026.09.03 02:40:28 INFO  [main]: org.jivesoftware.openfire.XMPPServer - Accessing SystemProperty field org.jivesoftware.openfire.user.UserManager#USER_PROPERTY_PROVIDER
2026.09.03 02:40:28 INFO  [main]: org.jivesoftware.openfire.XMPPServer - Accessing SystemProperty field org.jivesoftware.openfire.SessionManager#CONFLICT_LIMIT
2026.09.03 02:40:28 INFO  [main]: org.jivesoftware.openfire.XMPPServer - Accessing SystemProperty field org.jivesoftware.openfire.group.GroupManager#GROUP_PROVIDER
2026.09.03 02:40:28 INFO  [main]: org.jivesoftware.openfire.XMPPServer - Accessing SystemProperty field org.jivesoftware.openfire.muc.spi.IQMuclumbusSearchHandler#PROPERTY_ENABLED
2026.09.03 02:40:28 INFO  [main]: org.jivesoftware.openfire.XMPPServer - Accessing SystemProperty field org.jivesoftware.openfire.sasl.AnonymousSaslServer#ENABLED
2026.09.03 02:40:28 INFO  [main]: org.jivesoftware.openfire.XMPPServer - Accessing SystemProperty field org.jivesoftware.openfire.net.SASLAuthentication#SKIP_PEER_CERT_REVALIDATION_CLIENT
2026.09.03 02:40:28 INFO  [main]: org.jivesoftware.openfire.net.SASLAuthentication - Support added for the 'ANONYMOUS' SASL mechanism.
2026.09.03 02:40:28 INFO  [main]: org.jivesoftware.openfire.net.SASLAuthentication - Support added for the 'PLAIN' SASL mechanism.
2026.09.03 02:40:28 INFO  [main]: org.jivesoftware.openfire.net.SASLAuthentication - Support added for the 'DIGEST-MD5' SASL mechanism.
2026.09.03 02:40:28 INFO  [main]: org.jivesoftware.openfire.net.SASLAuthentication - Support added for the 'CRAM-MD5' SASL mechanism.
2026.09.03 02:40:28 INFO  [main]: org.jivesoftware.openfire.net.SASLAuthentication - Support added for the 'SCRAM-SHA-1' SASL mechanism.
2026.09.03 02:40:28 INFO  [main]: org.jivesoftware.openfire.net.SASLAuthentication - Support added for the 'JIVE-SHAREDSECRET' SASL mechanism.
2026.09.03 02:40:28 INFO  [main]: org.jivesoftware.openfire.net.SASLAuthentication - Support added for the 'GSSAPI' SASL mechanism.
2026.09.03 02:40:28 INFO  [main]: org.jivesoftware.openfire.net.SASLAuthentication - Support added for the 'EXTERNAL' SASL mechanism.
2026.09.03 02:40:28 INFO  [pool-5-thread-1]: org.jivesoftware.util.cache.CacheFactory - Created cache [org.jivesoftware.util.cache.DefaultLocalCacheStrategy] for Favicon Misses
2026.09.03 02:40:28 INFO  [pool-5-thread-1]: org.jivesoftware.util.cache.CacheFactory - Created cache [org.jivesoftware.util.cache.DefaultLocalCacheStrategy] for Favicon Hits
2026.09.03 02:40:28 INFO  [main]: org.jivesoftware.openfire.XMPPServer - Accessing SystemProperty field org.jivesoftware.openfire.XMPPServerInfo#XMPP_DOMAIN
2026.09.03 02:40:28 INFO  [pool-5-thread-1]: org.jivesoftware.openfire.container.AdminConsolePlugin - Consola de administración escuchando en http://127.0.0.1:9090
2026.09.03 02:40:28 INFO  [main]: org.jivesoftware.openfire.XMPPServer - Accessing SystemProperty field org.jivesoftware.openfire.sasl.ExternalClientSaslServer#PROPERTY_SASL_EXTERNAL_CLIENT_SUPPRESS_MATCHING_REALMNAME
2026.09.03 02:40:28 INFO  [main]: org.jivesoftware.openfire.XMPPServer - Accessing SystemProperty field org.jivesoftware.openfire.admin.AdminManager#ADMIN_PROVIDER
2026.09.03 02:40:28 INFO  [pool-5-thread-1]: org.jivesoftware.openfire.container.PluginManager - Successfully loaded plugin 'admin'.
2026.09.03 02:40:28 INFO  [main]: org.jivesoftware.openfire.XMPPServer - Accessing SystemProperty field org.jivesoftware.openfire.security.SecurityAuditManager#AUDIT_PROVIDER
2026.09.03 02:40:28 INFO  [main]: org.jivesoftware.openfire.XMPPServer - Accessing SystemProperty field org.jivesoftware.openfire.admin.DefaultAdminProvider#ADMIN_JIDS
2026.09.03 02:40:28 INFO  [main]: org.jivesoftware.openfire.XMPPServer - Accessing SystemProperty field org.jivesoftware.openfire.cluster.ClusterMonitor#ENABLED
2026.09.03 02:40:28 INFO  [pool-6-thread-2]: org.jivesoftware.openfire.container.PluginManager - Successfully loaded plugin 'nonsaslauthentication'.
2026.09.03 02:40:28 INFO  [main]: org.jivesoftware.openfire.XMPPServer - Accessing SystemProperty field org.jivesoftware.openfire.ldap.LdapVCardProvider#STORE_AVATAR_IN_DB
2026.09.03 02:40:28 INFO  [main]: org.jivesoftware.openfire.XMPPServer - Accessing SystemProperty field org.jivesoftware.openfire.spi.EncryptionArtifactFactory#TRUST_MANAGER_CLASS
2026.09.03 02:40:28 INFO  [main]: org.jivesoftware.openfire.XMPPServer - Accessing SystemProperty field org.jivesoftware.openfire.update.UpdateManager#ENABLED
2026.09.03 02:40:28 INFO  [main]: org.jivesoftware.openfire.XMPPServer - Accessing SystemProperty field org.jivesoftware.openfire.update.UpdateManager#NOTIFY_ADMINS
2026.09.03 02:40:28 INFO  [main]: org.jivesoftware.openfire.XMPPServer - Accessing SystemProperty field org.jivesoftware.openfire.update.UpdateManager#LAST_UPDATE_CHECK
2026.09.03 02:40:28 INFO  [main]: org.jivesoftware.openfire.XMPPServer - Accessing SystemProperty field org.jivesoftware.openfire.update.UpdateManager#UPDATE_FREQUENCY
2026.09.03 02:40:28 INFO  [main]: org.jivesoftware.openfire.XMPPServer - Accessing SystemProperty field org.jivesoftware.openfire.update.UpdateManager#PROXY_HOST
2026.09.03 02:40:28 INFO  [main]: org.jivesoftware.openfire.XMPPServer - Accessing SystemProperty field org.jivesoftware.openfire.update.UpdateManager#PROXY_PORT
2026.09.03 02:40:28 INFO  [pool-6-thread-4]: org.jivesoftware.openfire.container.PluginManager - Successfully loaded plugin 'search'.
2026.09.03 02:40:29 INFO  [pool-6-thread-3]: org.jivesoftware.openfire.container.PluginManager - Successfully loaded plugin 'restapi'.
2026.09.03 02:40:29 INFO  [pool-5-thread-1]: org.jivesoftware.openfire.container.PluginMonitor - Finished processing all plugins.
2026.09.03 02:40:29 INFO  [pool-5-thread-1]: org.jivesoftware.openfire.spi.ConnectionListener[socket_c2s] - Started.
2026.09.03 02:40:29 INFO  [pool-5-thread-1]: org.jivesoftware.openfire.spi.ConnectionListener[socket_c2s-legacyMode] - Started.
2026.09.03 02:40:29 WARN  [pool-5-thread-1]: org.jivesoftware.openfire.spi.LegacyConnectionAcceptor - Configuration allows for up to 16 threads, although implementation is limited to exactly one.
2026.09.03 02:40:29 INFO  [pool-5-thread-1]: org.jivesoftware.openfire.spi.ConnectionListener[socket_s2s] - Started.
2026.09.03 02:40:29 WARN  [pool-5-thread-1]: org.jivesoftware.openfire.spi.LegacyConnectionAcceptor - Configuration allows for up to 16 threads, although implementation is limited to exactly one.
2026.09.03 02:40:29 INFO  [pool-5-thread-1]: org.jivesoftware.openfire.spi.ConnectionListener[socket_s2s-legacyMode] - Started.
2026.09.03 02:40:29 INFO  [pool-5-thread-1]: org.jivesoftware.openfire.spi.ConnectionListener[component] - Started.
2026.09.03 02:40:29 INFO  [pool-5-thread-1]: org.jivesoftware.openfire.spi.ConnectionListener[component-legacyMode] - Started.
2026.09.03 02:40:29 INFO  [pool-5-thread-1]: org.jivesoftware.openfire.spi.ConnectionListener[connection_manager] - Started.
2026.09.03 02:40:29 INFO  [pool-5-thread-1]: org.jivesoftware.openfire.spi.ConnectionListener[connection_manager-legacyMode] - Started.
2026.09.03 02:40:29 INFO  [pool-5-thread-1]: org.jivesoftware.openfire.http.HttpSessionManager - Starting instance
2026.09.03 02:40:29 INFO  [pool-5-thread-1]: org.jivesoftware.openfire.http.HttpBindManager - HTTP bind service started
2026.09.03 02:40:56 INFO  [socket_c2s-thread-3]: org.jivesoftware.util.cache.CacheFactory - Created cache [org.jivesoftware.util.cache.DefaultLocalCacheStrategy] for Locked Out Accounts
2026.09.03 02:41:00 WARN  [socket_c2s-thread-3]: org.jivesoftware.openfire.nio.ConnectionHandler - Closing connection due to exception in session: (0x00000002: nio socket, server, null => 0.0.0.0/0.0.0.0:5222)
java.io.IOException: Se ha forzado la interrupción de una conexión existente por el host remoto
	at sun.nio.ch.SocketDispatcher.read0(Native Method) ~[?:?]
	at sun.nio.ch.SocketDispatcher.read(SocketDispatcher.java:43) ~[?:?]
	at sun.nio.ch.IOUtil.readIntoNativeBuffer(IOUtil.java:276) ~[?:?]
	at sun.nio.ch.IOUtil.read(IOUtil.java:245) ~[?:?]
	at sun.nio.ch.IOUtil.read(IOUtil.java:223) ~[?:?]
	at sun.nio.ch.SocketChannelImpl.read(SocketChannelImpl.java:356) ~[?:?]
	at org.apache.mina.transport.socket.nio.NioProcessor.read(NioProcessor.java:378) ~[mina-core-2.1.3.jar:?]
	at org.apache.mina.transport.socket.nio.NioProcessor.read(NioProcessor.java:47) ~[mina-core-2.1.3.jar:?]
	at org.apache.mina.core.polling.AbstractPollingIoProcessor.read(AbstractPollingIoProcessor.java:519) ~[mina-core-2.1.3.jar:?]
	at org.apache.mina.core.polling.AbstractPollingIoProcessor.access$1200(AbstractPollingIoProcessor.java:68) ~[mina-core-2.1.3.jar:?]
	at org.apache.mina.core.polling.AbstractPollingIoProcessor$Processor.process(AbstractPollingIoProcessor.java:1222) ~[mina-core-2.1.3.jar:?]
	at org.apache.mina.core.polling.AbstractPollingIoProcessor$Processor.process(AbstractPollingIoProcessor.java:1211) ~[mina-core-2.1.3.jar:?]
	at org.apache.mina.core.polling.AbstractPollingIoProcessor$Processor.run(AbstractPollingIoProcessor.java:683) ~[mina-core-2.1.3.jar:?]
	at org.apache.mina.util.NamePreservingRunnable.run(NamePreservingRunnable.java:64) ~[mina-core-2.1.3.jar:?]
	at java.util.concurrent.ThreadPoolExecutor.runWorker(ThreadPoolExecutor.java:1128) ~[?:?]
	at java.util.concurrent.ThreadPoolExecutor$Worker.run(ThreadPoolExecutor.java:628) ~[?:?]
	at java.lang.Thread.run(Thread.java:829) [?:?]
2026.09.03 02:44:40 INFO  [main]: org.jivesoftware.openfire.XMPPServer - Registering shutdown hook (standalone mode)
2026.09.03 02:44:40 INFO  [main]: hsqldb.db.HSQLDBA0638C63BF.ENGINE - checkpointClose start
2026.09.03 02:44:40 INFO  [main]: hsqldb.db.HSQLDBA0638C63BF.ENGINE - checkpointClose synched
2026.09.03 02:44:40 INFO  [main]: hsqldb.db.HSQLDBA0638C63BF.ENGINE - checkpointClose script done
2026.09.03 02:44:40 INFO  [main]: hsqldb.db.HSQLDBA0638C63BF.ENGINE - checkpointClose end
2026.09.03 02:44:40 INFO  [main]: org.jivesoftware.util.cache.CacheFactory - Created cache [org.jivesoftware.util.cache.DefaultLocalCacheStrategy] for Routing Servers Cache
2026.09.03 02:44:40 INFO  [main]: org.jivesoftware.util.cache.CacheFactory - Created cache [org.jivesoftware.util.cache.DefaultLocalCacheStrategy] for Routing Components Cache
2026.09.03 02:44:40 INFO  [main]: org.jivesoftware.util.cache.CacheFactory - Created cache [org.jivesoftware.util.cache.DefaultLocalCacheStrategy] for Routing Users Cache
2026.09.03 02:44:40 INFO  [main]: org.jivesoftware.util.cache.CacheFactory - Created cache [org.jivesoftware.util.cache.DefaultLocalCacheStrategy] for Routing AnonymousUsers Cache
2026.09.03 02:44:40 INFO  [main]: org.jivesoftware.util.cache.CacheFactory - Created cache [org.jivesoftware.util.cache.DefaultLocalCacheStrategy] for Routing User Sessions
2026.09.03 02:44:40 INFO  [main]: org.jivesoftware.util.cache.CacheFactory - Created cache [org.jivesoftware.util.cache.DefaultLocalCacheStrategy] for Roster
2026.09.03 02:44:40 INFO  [main]: org.jivesoftware.util.cache.CacheFactory - Created cache [org.jivesoftware.util.cache.DefaultLocalCacheStrategy] for RosterItems
2026.09.03 02:44:40 INFO  [main]: org.jivesoftware.util.cache.CacheFactory - Created cache [org.jivesoftware.util.cache.DefaultLocalCacheStrategy] for Multicast Service
2026.09.03 02:44:40 INFO  [main]: org.jivesoftware.util.cache.CacheFactory - Created cache [org.jivesoftware.util.cache.DefaultLocalCacheStrategy] for Offline Message Size
2026.09.03 02:44:40 INFO  [main]: org.jivesoftware.util.cache.CacheFactory - Created cache [org.jivesoftware.util.cache.DefaultLocalCacheStrategy] for VCard
2026.09.03 02:44:40 INFO  [main]: org.jivesoftware.util.cache.CacheFactory - Created cache [org.jivesoftware.util.cache.DefaultLocalCacheStrategy] for Privacy Lists
2026.09.03 02:44:40 INFO  [main]: org.jivesoftware.util.cache.CacheFactory - Created cache [org.jivesoftware.util.cache.DefaultLocalCacheStrategy] for File Transfer Cache
2026.09.03 02:44:40 INFO  [main]: org.jivesoftware.util.cache.CacheFactory - Created cache [org.jivesoftware.util.cache.DefaultLocalCacheStrategy] for Offline Presence Cache
2026.09.03 02:44:40 INFO  [main]: org.jivesoftware.util.cache.CacheFactory - Created cache [org.jivesoftware.util.cache.DefaultLocalCacheStrategy] for Last Activity Cache
2026.09.03 02:44:40 INFO  [main]: org.jivesoftware.util.cache.CacheFactory - Created cache [org.jivesoftware.util.cache.DefaultLocalCacheStrategy] for User
2026.09.03 02:44:40 INFO  [main]: org.jivesoftware.util.cache.CacheFactory - Created cache [org.jivesoftware.util.cache.DefaultLocalCacheStrategy] for Remote Users Existence
2026.09.03 02:44:40 INFO  [main]: org.jivesoftware.util.cache.CacheFactory - Created cache [org.jivesoftware.util.cache.DefaultLocalCacheStrategy] for Components Sessions
2026.09.03 02:44:40 INFO  [main]: org.jivesoftware.util.cache.CacheFactory - Created cache [org.jivesoftware.util.cache.DefaultLocalCacheStrategy] for Connection Managers Sessions
2026.09.03 02:44:40 INFO  [main]: org.jivesoftware.util.cache.CacheFactory - Created cache [org.jivesoftware.util.cache.DefaultLocalCacheStrategy] for Incoming Server Sessions
2026.09.03 02:44:40 INFO  [main]: org.jivesoftware.util.cache.CacheFactory - Created cache [org.jivesoftware.util.cache.DefaultLocalCacheStrategy] for Sessions by Hostname
2026.09.03 02:44:40 INFO  [main]: org.jivesoftware.util.cache.CacheFactory - Created cache [org.jivesoftware.util.cache.DefaultLocalCacheStrategy] for Validated Domains
2026.09.03 02:44:40 INFO  [main]: org.jivesoftware.util.cache.CacheFactory - Created cache [org.jivesoftware.util.cache.DefaultLocalCacheStrategy] for Client Session Info Cache
2026.09.03 02:44:40 INFO  [main]: org.jivesoftware.util.cache.CacheFactory - Created cache [org.jivesoftware.util.cache.DefaultLocalCacheStrategy] for Directed Presences
2026.09.03 02:44:40 INFO  [main]: org.jivesoftware.util.cache.CacheFactory - Created local-only cache [org.jivesoftware.util.cache.DefaultLocalCacheStrategy] for PEPServiceManager
2026.09.03 02:44:40 INFO  [main]: org.jivesoftware.util.cache.CacheFactory - Created cache [org.jivesoftware.util.cache.DefaultLocalCacheStrategy] for File Transfer
2026.09.03 02:44:40 INFO  [main]: org.jivesoftware.util.cache.CacheFactory - Created cache [org.jivesoftware.util.cache.DefaultLocalCacheStrategy] for Published Items
2026.09.03 02:44:40 INFO  [main]: org.jivesoftware.util.cache.CacheFactory - Created cache [org.jivesoftware.util.cache.DefaultLocalCacheStrategy] for Disco Server Features
2026.09.03 02:44:40 INFO  [main]: org.jivesoftware.util.cache.CacheFactory - Created cache [org.jivesoftware.util.cache.DefaultLocalCacheStrategy] for Disco Server Items
2026.09.03 02:44:40 INFO  [main]: org.jivesoftware.util.cache.CacheFactory - Created cache [org.jivesoftware.util.cache.DefaultLocalCacheStrategy] for Components
2026.09.03 02:44:40 INFO  [main]: org.jivesoftware.util.cache.CacheFactory - Created local-only cache [org.jivesoftware.util.cache.DefaultLocalCacheStrategy] for Entity Capabilities
2026.09.03 02:44:40 INFO  [main]: org.jivesoftware.util.cache.CacheFactory - Created local-only cache [org.jivesoftware.util.cache.DefaultLocalCacheStrategy] for Entity Capabilities Users
2026.09.03 02:44:40 INFO  [main]: org.jivesoftware.util.cache.CacheFactory - Created cache [org.jivesoftware.util.cache.DefaultLocalCacheStrategy] for Group
2026.09.03 02:44:40 INFO  [main]: org.jivesoftware.util.cache.CacheFactory - Created cache [org.jivesoftware.util.cache.DefaultLocalCacheStrategy] for Group Metadata Cache
2026.09.03 02:44:41 INFO  [main]: org.jivesoftware.openfire.pubsub.PubSubModule - Dominio de Publicar-Suscribir: pubsub.127.0.0.1
2026.09.03 02:44:41 INFO  [main]: org.jivesoftware.openfire.muc.spi.MultiUserChatServiceImpl - Dominio de Chat Multi-usuario: conference.127.0.0.1
2026.09.03 02:44:41 INFO  [main]: org.jivesoftware.openfire.XMPPServer - Openfire 4.5.0 Alpha [Sep 3, 2026, 2:44:41 AM]
2026.09.03 02:44:41 WARN  [pool-5-thread-1]: org.jivesoftware.openfire.container.AdminConsolePlugin - Admin console: Identity store does not have any certificates. HTTPS will be unavailable.
2026.09.03 02:44:41 INFO  [main]: org.jivesoftware.openfire.XMPPServer - Accessing SystemProperty field org.jivesoftware.openfire.auth.AuthFactory#PASSWORD_KEY
2026.09.03 02:44:41 INFO  [main]: org.jivesoftware.openfire.XMPPServer - Accessing SystemProperty field org.jivesoftware.openfire.auth.AuthFactory#AUTH_PROVIDER
2026.09.03 02:44:41 INFO  [main]: org.jivesoftware.openfire.XMPPServer - Accessing SystemProperty field org.jivesoftware.openfire.sasl.ScramSha1SaslServer#ITERATION_COUNT
2026.09.03 02:44:41 INFO  [main]: org.jivesoftware.openfire.XMPPServer - Accessing SystemProperty field org.jivesoftware.openfire.vcard.VCardManager#VCARD_PROVIDER
2026.09.03 02:44:41 INFO  [main]: org.jivesoftware.openfire.XMPPServer - Accessing SystemProperty field org.jivesoftware.openfire.auth.HybridAuthProvider#PRIMARY_PROVIDER
2026.09.03 02:44:41 INFO  [main]: org.jivesoftware.openfire.XMPPServer - Accessing SystemProperty field org.jivesoftware.openfire.auth.HybridAuthProvider#SECONDARY_PROVIDER
2026.09.03 02:44:41 INFO  [main]: org.jivesoftware.openfire.XMPPServer - Accessing SystemProperty field org.jivesoftware.openfire.auth.HybridAuthProvider#TERTIARY_PROVIDER
2026.09.03 02:44:41 INFO  [main]: org.jivesoftware.openfire.XMPPServer - Accessing SystemProperty field org.jivesoftware.openfire.lockout.LockOutManager#LOCKOUT_PROVIDER
2026.09.03 02:44:41 INFO  [main]: org.jivesoftware.openfire.XMPPServer - Accessing SystemProperty field org.jivesoftware.openfire.user.UserManager#USER_PROVIDER
2026.09.03 02:44:41 INFO  [main]: org.jivesoftware.openfire.XMPPServer - Accessing SystemProperty field org.jivesoftware.openfire.user.UserManager#REMOTE_DISCO_INFO_TIMEOUT
2026.09.03 02:44:41 INFO  [main]: org.jivesoftware.openfire.XMPPServer - Accessing SystemProperty field org.jivesoftware.openfire.user.UserManager#USER_PROPERTY_PROVIDER
2026.09.03 02:44:41 INFO  [main]: org.jivesoftware.openfire.XMPPServer - Accessing SystemProperty field org.jivesoftware.openfire.SessionManager#CONFLICT_LIMIT
2026.09.03 02:44:41 INFO  [main]: org.jivesoftware.openfire.XMPPServer - Accessing SystemProperty field org.jivesoftware.openfire.group.GroupManager#GROUP_PROVIDER
2026.09.03 02:44:41 INFO  [main]: org.jivesoftware.openfire.XMPPServer - Accessing SystemProperty field org.jivesoftware.openfire.muc.spi.IQMuclumbusSearchHandler#PROPERTY_ENABLED
2026.09.03 02:44:41 INFO  [main]: org.jivesoftware.openfire.XMPPServer - Accessing SystemProperty field org.jivesoftware.openfire.sasl.AnonymousSaslServer#ENABLED
2026.09.03 02:44:41 INFO  [main]: org.jivesoftware.openfire.XMPPServer - Accessing SystemProperty field org.jivesoftware.openfire.net.SASLAuthentication#SKIP_PEER_CERT_REVALIDATION_CLIENT
2026.09.03 02:44:41 INFO  [main]: org.jivesoftware.openfire.net.SASLAuthentication - Support added for the 'ANONYMOUS' SASL mechanism.
2026.09.03 02:44:41 INFO  [main]: org.jivesoftware.openfire.net.SASLAuthentication - Support added for the 'PLAIN' SASL mechanism.
2026.09.03 02:44:41 INFO  [main]: org.jivesoftware.openfire.net.SASLAuthentication - Support added for the 'DIGEST-MD5' SASL mechanism.
2026.09.03 02:44:41 INFO  [main]: org.jivesoftware.openfire.net.SASLAuthentication - Support added for the 'CRAM-MD5' SASL mechanism.
2026.09.03 02:44:41 INFO  [main]: org.jivesoftware.openfire.net.SASLAuthentication - Support added for the 'SCRAM-SHA-1' SASL mechanism.
2026.09.03 02:44:41 INFO  [main]: org.jivesoftware.openfire.net.SASLAuthentication - Support added for the 'JIVE-SHAREDSECRET' SASL mechanism.
2026.09.03 02:44:41 INFO  [main]: org.jivesoftware.openfire.net.SASLAuthentication - Support added for the 'GSSAPI' SASL mechanism.
2026.09.03 02:44:41 INFO  [main]: org.jivesoftware.openfire.net.SASLAuthentication - Support added for the 'EXTERNAL' SASL mechanism.
2026.09.03 02:44:41 INFO  [main]: org.jivesoftware.openfire.XMPPServer - Accessing SystemProperty field org.jivesoftware.openfire.XMPPServerInfo#XMPP_DOMAIN
2026.09.03 02:44:41 INFO  [main]: org.jivesoftware.openfire.XMPPServer - Accessing SystemProperty field org.jivesoftware.openfire.sasl.ExternalClientSaslServer#PROPERTY_SASL_EXTERNAL_CLIENT_SUPPRESS_MATCHING_REALMNAME
2026.09.03 02:44:41 INFO  [main]: org.jivesoftware.openfire.XMPPServer - Accessing SystemProperty field org.jivesoftware.openfire.admin.AdminManager#ADMIN_PROVIDER
2026.09.03 02:44:41 INFO  [pool-5-thread-1]: org.jivesoftware.util.cache.CacheFactory - Created cache [org.jivesoftware.util.cache.DefaultLocalCacheStrategy] for Favicon Misses
2026.09.03 02:44:41 INFO  [pool-5-thread-1]: org.jivesoftware.util.cache.CacheFactory - Created cache [org.jivesoftware.util.cache.DefaultLocalCacheStrategy] for Favicon Hits
2026.09.03 02:44:41 INFO  [main]: org.jivesoftware.openfire.XMPPServer - Accessing SystemProperty field org.jivesoftware.openfire.security.SecurityAuditManager#AUDIT_PROVIDER
2026.09.03 02:44:41 INFO  [pool-5-thread-1]: org.jivesoftware.openfire.container.AdminConsolePlugin - Consola de administración escuchando en http://127.0.0.1:9090
2026.09.03 02:44:41 INFO  [main]: org.jivesoftware.openfire.XMPPServer - Accessing SystemProperty field org.jivesoftware.openfire.admin.DefaultAdminProvider#ADMIN_JIDS
2026.09.03 02:44:41 INFO  [main]: org.jivesoftware.openfire.XMPPServer - Accessing SystemProperty field org.jivesoftware.openfire.cluster.ClusterMonitor#ENABLED
2026.09.03 02:44:41 INFO  [main]: org.jivesoftware.openfire.XMPPServer - Accessing SystemProperty field org.jivesoftware.openfire.ldap.LdapVCardProvider#STORE_AVATAR_IN_DB
2026.09.03 02:44:41 INFO  [main]: org.jivesoftware.openfire.XMPPServer - Accessing SystemProperty field org.jivesoftware.openfire.spi.EncryptionArtifactFactory#TRUST_MANAGER_CLASS
2026.09.03 02:44:41 INFO  [main]: org.jivesoftware.openfire.XMPPServer - Accessing SystemProperty field org.jivesoftware.openfire.update.UpdateManager#ENABLED
2026.09.03 02:44:41 INFO  [main]: org.jivesoftware.openfire.XMPPServer - Accessing SystemProperty field org.jivesoftware.openfire.update.UpdateManager#NOTIFY_ADMINS
2026.09.03 02:44:41 INFO  [main]: org.jivesoftware.openfire.XMPPServer - Accessing SystemProperty field org.jivesoftware.openfire.update.UpdateManager#LAST_UPDATE_CHECK
2026.09.03 02:44:41 INFO  [main]: org.jivesoftware.openfire.XMPPServer - Accessing SystemProperty field org.jivesoftware.openfire.update.UpdateManager#UPDATE_FREQUENCY
2026.09.03 02:44:41 INFO  [main]: org.jivesoftware.openfire.XMPPServer - Accessing SystemProperty field org.jivesoftware.openfire.update.UpdateManager#PROXY_HOST
2026.09.03 02:44:41 INFO  [main]: org.jivesoftware.openfire.XMPPServer - Accessing SystemProperty field org.jivesoftware.openfire.update.UpdateManager#PROXY_PORT
2026.09.03 02:44:41 INFO  [pool-5-thread-1]: org.jivesoftware.openfire.container.PluginManager - Successfully loaded plugin 'admin'.
2026.09.03 02:44:41 INFO  [pool-6-thread-2]: org.jivesoftware.openfire.container.PluginManager - Successfully loaded plugin 'nonsaslauthentication'.
2026.09.03 02:44:41 INFO  [pool-6-thread-4]: org.jivesoftware.openfire.container.PluginManager - Successfully loaded plugin 'search'.
2026.09.03 02:44:42 INFO  [pool-6-thread-3]: org.jivesoftware.openfire.container.PluginManager - Successfully loaded plugin 'restapi'.
2026.09.03 02:44:42 INFO  [pool-5-thread-1]: org.jivesoftware.openfire.container.PluginMonitor - Finished processing all plugins.
2026.09.03 02:44:42 INFO  [pool-5-thread-1]: org.jivesoftware.openfire.spi.ConnectionListener[socket_c2s] - Started.
2026.09.03 02:44:42 INFO  [pool-5-thread-1]: org.jivesoftware.openfire.spi.ConnectionListener[socket_c2s-legacyMode] - Started.
2026.09.03 02:44:42 WARN  [pool-5-thread-1]: org.jivesoftware.openfire.spi.LegacyConnectionAcceptor - Configuration allows for up to 16 threads, although implementation is limited to exactly one.
2026.09.03 02:44:42 INFO  [pool-5-thread-1]: org.jivesoftware.openfire.spi.ConnectionListener[socket_s2s] - Started.
2026.09.03 02:44:42 WARN  [pool-5-thread-1]: org.jivesoftware.openfire.spi.LegacyConnectionAcceptor - Configuration allows for up to 16 threads, although implementation is limited to exactly one.
2026.09.03 02:44:42 INFO  [pool-5-thread-1]: org.jivesoftware.openfire.spi.ConnectionListener[socket_s2s-legacyMode] - Started.
2026.09.03 02:44:42 INFO  [pool-5-thread-1]: org.jivesoftware.openfire.spi.ConnectionListener[component] - Started.
2026.09.03 02:44:42 INFO  [pool-5-thread-1]: org.jivesoftware.openfire.spi.ConnectionListener[component-legacyMode] - Started.
2026.09.03 02:44:42 INFO  [pool-5-thread-1]: org.jivesoftware.openfire.spi.ConnectionListener[connection_manager] - Started.
2026.09.03 02:44:42 INFO  [pool-5-thread-1]: org.jivesoftware.openfire.spi.ConnectionListener[connection_manager-legacyMode] - Started.
2026.09.03 02:44:42 INFO  [pool-5-thread-1]: org.jivesoftware.openfire.http.HttpSessionManager - Starting instance
2026.09.03 02:44:42 INFO  [pool-5-thread-1]: org.jivesoftware.openfire.http.HttpBindManager - HTTP bind service started
2026.09.03 02:45:28 INFO  [socket_c2s-thread-3]: org.jivesoftware.util.cache.CacheFactory - Created cache [org.jivesoftware.util.cache.DefaultLocalCacheStrategy] for Locked Out Accounts
2026.09.03 02:47:33 INFO  [main]: org.jivesoftware.openfire.XMPPServer - Registering shutdown hook (standalone mode)
2026.09.03 02:47:33 INFO  [main]: hsqldb.db.HSQLDBA0638C63BF.ENGINE - checkpointClose start
2026.09.03 02:47:33 INFO  [main]: hsqldb.db.HSQLDBA0638C63BF.ENGINE - checkpointClose synched
2026.09.03 02:47:33 INFO  [main]: hsqldb.db.HSQLDBA0638C63BF.ENGINE - checkpointClose script done
2026.09.03 02:47:33 INFO  [main]: hsqldb.db.HSQLDBA0638C63BF.ENGINE - checkpointClose end
2026.09.03 02:47:33 INFO  [main]: org.jivesoftware.util.cache.CacheFactory - Created cache [org.jivesoftware.util.cache.DefaultLocalCacheStrategy] for Routing Servers Cache
2026.09.03 02:47:33 INFO  [main]: org.jivesoftware.util.cache.CacheFactory - Created cache [org.jivesoftware.util.cache.DefaultLocalCacheStrategy] for Routing Components Cache
2026.09.03 02:47:33 INFO  [main]: org.jivesoftware.util.cache.CacheFactory - Created cache [org.jivesoftware.util.cache.DefaultLocalCacheStrategy] for Routing Users Cache
2026.09.03 02:47:33 INFO  [main]: org.jivesoftware.util.cache.CacheFactory - Created cache [org.jivesoftware.util.cache.DefaultLocalCacheStrategy] for Routing AnonymousUsers Cache
2026.09.03 02:47:33 INFO  [main]: org.jivesoftware.util.cache.CacheFactory - Created cache [org.jivesoftware.util.cache.DefaultLocalCacheStrategy] for Routing User Sessions
2026.09.03 02:47:33 INFO  [main]: org.jivesoftware.util.cache.CacheFactory - Created cache [org.jivesoftware.util.cache.DefaultLocalCacheStrategy] for Roster
2026.09.03 02:47:33 INFO  [main]: org.jivesoftware.util.cache.CacheFactory - Created cache [org.jivesoftware.util.cache.DefaultLocalCacheStrategy] for RosterItems
2026.09.03 02:47:33 INFO  [main]: org.jivesoftware.util.cache.CacheFactory - Created cache [org.jivesoftware.util.cache.DefaultLocalCacheStrategy] for Multicast Service
2026.09.03 02:47:33 INFO  [main]: org.jivesoftware.util.cache.CacheFactory - Created cache [org.jivesoftware.util.cache.DefaultLocalCacheStrategy] for Offline Message Size
2026.09.03 02:47:33 INFO  [main]: org.jivesoftware.util.cache.CacheFactory - Created cache [org.jivesoftware.util.cache.DefaultLocalCacheStrategy] for VCard
2026.09.03 02:47:33 INFO  [main]: org.jivesoftware.util.cache.CacheFactory - Created cache [org.jivesoftware.util.cache.DefaultLocalCacheStrategy] for Privacy Lists
2026.09.03 02:47:33 INFO  [main]: org.jivesoftware.util.cache.CacheFactory - Created cache [org.jivesoftware.util.cache.DefaultLocalCacheStrategy] for File Transfer Cache
2026.09.03 02:47:34 INFO  [main]: org.jivesoftware.util.cache.CacheFactory - Created cache [org.jivesoftware.util.cache.DefaultLocalCacheStrategy] for Offline Presence Cache
2026.09.03 02:47:34 INFO  [main]: org.jivesoftware.util.cache.CacheFactory - Created cache [org.jivesoftware.util.cache.DefaultLocalCacheStrategy] for Last Activity Cache
2026.09.03 02:47:34 INFO  [main]: org.jivesoftware.util.cache.CacheFactory - Created cache [org.jivesoftware.util.cache.DefaultLocalCacheStrategy] for User
2026.09.03 02:47:34 INFO  [main]: org.jivesoftware.util.cache.CacheFactory - Created cache [org.jivesoftware.util.cache.DefaultLocalCacheStrategy] for Remote Users Existence
2026.09.03 02:47:34 INFO  [main]: org.jivesoftware.util.cache.CacheFactory - Created cache [org.jivesoftware.util.cache.DefaultLocalCacheStrategy] for Components Sessions
2026.09.03 02:47:34 INFO  [main]: org.jivesoftware.util.cache.CacheFactory - Created cache [org.jivesoftware.util.cache.DefaultLocalCacheStrategy] for Connection Managers Sessions
2026.09.03 02:47:34 INFO  [main]: org.jivesoftware.util.cache.CacheFactory - Created cache [org.jivesoftware.util.cache.DefaultLocalCacheStrategy] for Incoming Server Sessions
2026.09.03 02:47:34 INFO  [main]: org.jivesoftware.util.cache.CacheFactory - Created cache [org.jivesoftware.util.cache.DefaultLocalCacheStrategy] for Sessions by Hostname
2026.09.03 02:47:34 INFO  [main]: org.jivesoftware.util.cache.CacheFactory - Created cache [org.jivesoftware.util.cache.DefaultLocalCacheStrategy] for Validated Domains
2026.09.03 02:47:34 INFO  [main]: org.jivesoftware.util.cache.CacheFactory - Created cache [org.jivesoftware.util.cache.DefaultLocalCacheStrategy] for Client Session Info Cache
2026.09.03 02:47:34 INFO  [main]: org.jivesoftware.util.cache.CacheFactory - Created cache [org.jivesoftware.util.cache.DefaultLocalCacheStrategy] for Directed Presences
2026.09.03 02:47:34 INFO  [main]: org.jivesoftware.util.cache.CacheFactory - Created local-only cache [org.jivesoftware.util.cache.DefaultLocalCacheStrategy] for PEPServiceManager
2026.09.03 02:47:34 INFO  [main]: org.jivesoftware.util.cache.CacheFactory - Created cache [org.jivesoftware.util.cache.DefaultLocalCacheStrategy] for File Transfer
2026.09.03 02:47:34 INFO  [main]: org.jivesoftware.util.cache.CacheFactory - Created cache [org.jivesoftware.util.cache.DefaultLocalCacheStrategy] for Published Items
2026.09.03 02:47:34 INFO  [main]: org.jivesoftware.util.cache.CacheFactory - Created cache [org.jivesoftware.util.cache.DefaultLocalCacheStrategy] for Disco Server Features
2026.09.03 02:47:34 INFO  [main]: org.jivesoftware.util.cache.CacheFactory - Created cache [org.jivesoftware.util.cache.DefaultLocalCacheStrategy] for Disco Server Items
2026.09.03 02:47:34 INFO  [main]: org.jivesoftware.util.cache.CacheFactory - Created cache [org.jivesoftware.util.cache.DefaultLocalCacheStrategy] for Components
2026.09.03 02:47:34 INFO  [main]: org.jivesoftware.util.cache.CacheFactory - Created local-only cache [org.jivesoftware.util.cache.DefaultLocalCacheStrategy] for Entity Capabilities
2026.09.03 02:47:34 INFO  [main]: org.jivesoftware.util.cache.CacheFactory - Created local-only cache [org.jivesoftware.util.cache.DefaultLocalCacheStrategy] for Entity Capabilities Users
2026.09.03 02:47:34 INFO  [main]: org.jivesoftware.util.cache.CacheFactory - Created cache [org.jivesoftware.util.cache.DefaultLocalCacheStrategy] for Group
2026.09.03 02:47:34 INFO  [main]: org.jivesoftware.util.cache.CacheFactory - Created cache [org.jivesoftware.util.cache.DefaultLocalCacheStrategy] for Group Metadata Cache
2026.09.03 02:47:34 INFO  [main]: org.jivesoftware.openfire.pubsub.PubSubModule - Dominio de Publicar-Suscribir: pubsub.127.0.0.1
2026.09.03 02:47:34 INFO  [main]: org.jivesoftware.openfire.muc.spi.MultiUserChatServiceImpl - Dominio de Chat Multi-usuario: conference.127.0.0.1
2026.09.03 02:47:34 INFO  [main]: org.jivesoftware.openfire.XMPPServer - Openfire 4.5.0 Alpha [Sep 3, 2026, 2:47:34 AM]
2026.09.03 02:47:34 WARN  [pool-5-thread-1]: org.jivesoftware.openfire.container.AdminConsolePlugin - Admin console: Identity store does not have any certificates. HTTPS will be unavailable.
2026.09.03 02:47:34 INFO  [main]: org.jivesoftware.openfire.XMPPServer - Accessing SystemProperty field org.jivesoftware.openfire.auth.AuthFactory#PASSWORD_KEY
2026.09.03 02:47:34 INFO  [main]: org.jivesoftware.openfire.XMPPServer - Accessing SystemProperty field org.jivesoftware.openfire.auth.AuthFactory#AUTH_PROVIDER
2026.09.03 02:47:34 INFO  [main]: org.jivesoftware.openfire.XMPPServer - Accessing SystemProperty field org.jivesoftware.openfire.sasl.ScramSha1SaslServer#ITERATION_COUNT
2026.09.03 02:47:34 INFO  [main]: org.jivesoftware.openfire.XMPPServer - Accessing SystemProperty field org.jivesoftware.openfire.vcard.VCardManager#VCARD_PROVIDER
2026.09.03 02:47:34 INFO  [main]: org.jivesoftware.openfire.XMPPServer - Accessing SystemProperty field org.jivesoftware.openfire.auth.HybridAuthProvider#PRIMARY_PROVIDER
2026.09.03 02:47:34 INFO  [main]: org.jivesoftware.openfire.XMPPServer - Accessing SystemProperty field org.jivesoftware.openfire.auth.HybridAuthProvider#SECONDARY_PROVIDER
2026.09.03 02:47:34 INFO  [main]: org.jivesoftware.openfire.XMPPServer - Accessing SystemProperty field org.jivesoftware.openfire.auth.HybridAuthProvider#TERTIARY_PROVIDER
2026.09.03 02:47:34 INFO  [main]: org.jivesoftware.openfire.XMPPServer - Accessing SystemProperty field org.jivesoftware.openfire.lockout.LockOutManager#LOCKOUT_PROVIDER
2026.09.03 02:47:34 INFO  [main]: org.jivesoftware.openfire.XMPPServer - Accessing SystemProperty field org.jivesoftware.openfire.user.UserManager#USER_PROVIDER
2026.09.03 02:47:34 INFO  [main]: org.jivesoftware.openfire.XMPPServer - Accessing SystemProperty field org.jivesoftware.openfire.user.UserManager#REMOTE_DISCO_INFO_TIMEOUT
2026.09.03 02:47:34 INFO  [main]: org.jivesoftware.openfire.XMPPServer - Accessing SystemProperty field org.jivesoftware.openfire.user.UserManager#USER_PROPERTY_PROVIDER
2026.09.03 02:47:34 INFO  [main]: org.jivesoftware.openfire.XMPPServer - Accessing SystemProperty field org.jivesoftware.openfire.SessionManager#CONFLICT_LIMIT
2026.09.03 02:47:34 INFO  [main]: org.jivesoftware.openfire.XMPPServer - Accessing SystemProperty field org.jivesoftware.openfire.group.GroupManager#GROUP_PROVIDER
2026.09.03 02:47:34 INFO  [main]: org.jivesoftware.openfire.XMPPServer - Accessing SystemProperty field org.jivesoftware.openfire.muc.spi.IQMuclumbusSearchHandler#PROPERTY_ENABLED
2026.09.03 02:47:34 INFO  [main]: org.jivesoftware.openfire.XMPPServer - Accessing SystemProperty field org.jivesoftware.openfire.sasl.AnonymousSaslServer#ENABLED
2026.09.03 02:47:34 INFO  [main]: org.jivesoftware.openfire.XMPPServer - Accessing SystemProperty field org.jivesoftware.openfire.net.SASLAuthentication#SKIP_PEER_CERT_REVALIDATION_CLIENT
2026.09.03 02:47:34 INFO  [main]: org.jivesoftware.openfire.net.SASLAuthentication - Support added for the 'ANONYMOUS' SASL mechanism.
2026.09.03 02:47:34 INFO  [main]: org.jivesoftware.openfire.net.SASLAuthentication - Support added for the 'PLAIN' SASL mechanism.
2026.09.03 02:47:34 INFO  [main]: org.jivesoftware.openfire.net.SASLAuthentication - Support added for the 'DIGEST-MD5' SASL mechanism.
2026.09.03 02:47:34 INFO  [main]: org.jivesoftware.openfire.net.SASLAuthentication - Support added for the 'CRAM-MD5' SASL mechanism.
2026.09.03 02:47:34 INFO  [main]: org.jivesoftware.openfire.net.SASLAuthentication - Support added for the 'SCRAM-SHA-1' SASL mechanism.
2026.09.03 02:47:34 INFO  [main]: org.jivesoftware.openfire.net.SASLAuthentication - Support added for the 'JIVE-SHAREDSECRET' SASL mechanism.
2026.09.03 02:47:34 INFO  [main]: org.jivesoftware.openfire.net.SASLAuthentication - Support added for the 'GSSAPI' SASL mechanism.
2026.09.03 02:47:34 INFO  [main]: org.jivesoftware.openfire.net.SASLAuthentication - Support added for the 'EXTERNAL' SASL mechanism.
2026.09.03 02:47:34 INFO  [main]: org.jivesoftware.openfire.XMPPServer - Accessing SystemProperty field org.jivesoftware.openfire.XMPPServerInfo#XMPP_DOMAIN
2026.09.03 02:47:34 INFO  [main]: org.jivesoftware.openfire.XMPPServer - Accessing SystemProperty field org.jivesoftware.openfire.sasl.ExternalClientSaslServer#PROPERTY_SASL_EXTERNAL_CLIENT_SUPPRESS_MATCHING_REALMNAME
2026.09.03 02:47:34 INFO  [main]: org.jivesoftware.openfire.XMPPServer - Accessing SystemProperty field org.jivesoftware.openfire.admin.AdminManager#ADMIN_PROVIDER
2026.09.03 02:47:34 INFO  [pool-5-thread-1]: org.jivesoftware.util.cache.CacheFactory - Created cache [org.jivesoftware.util.cache.DefaultLocalCacheStrategy] for Favicon Misses
2026.09.03 02:47:34 INFO  [pool-5-thread-1]: org.jivesoftware.util.cache.CacheFactory - Created cache [org.jivesoftware.util.cache.DefaultLocalCacheStrategy] for Favicon Hits
2026.09.03 02:47:34 INFO  [main]: org.jivesoftware.openfire.XMPPServer - Accessing SystemProperty field org.jivesoftware.openfire.security.SecurityAuditManager#AUDIT_PROVIDER
2026.09.03 02:47:34 INFO  [pool-5-thread-1]: org.jivesoftware.openfire.container.AdminConsolePlugin - Consola de administración escuchando en http://127.0.0.1:9090
2026.09.03 02:47:34 INFO  [main]: org.jivesoftware.openfire.XMPPServer - Accessing SystemProperty field org.jivesoftware.openfire.admin.DefaultAdminProvider#ADMIN_JIDS
2026.09.03 02:47:34 INFO  [main]: org.jivesoftware.openfire.XMPPServer - Accessing SystemProperty field org.jivesoftware.openfire.cluster.ClusterMonitor#ENABLED
2026.09.03 02:47:34 INFO  [main]: org.jivesoftware.openfire.XMPPServer - Accessing SystemProperty field org.jivesoftware.openfire.ldap.LdapVCardProvider#STORE_AVATAR_IN_DB
2026.09.03 02:47:34 INFO  [main]: org.jivesoftware.openfire.XMPPServer - Accessing SystemProperty field org.jivesoftware.openfire.spi.EncryptionArtifactFactory#TRUST_MANAGER_CLASS
2026.09.03 02:47:34 INFO  [main]: org.jivesoftware.openfire.XMPPServer - Accessing SystemProperty field org.jivesoftware.openfire.update.UpdateManager#ENABLED
2026.09.03 02:47:34 INFO  [main]: org.jivesoftware.openfire.XMPPServer - Accessing SystemProperty field org.jivesoftware.openfire.update.UpdateManager#NOTIFY_ADMINS
2026.09.03 02:47:34 INFO  [main]: org.jivesoftware.openfire.XMPPServer - Accessing SystemProperty field org.jivesoftware.openfire.update.UpdateManager#LAST_UPDATE_CHECK
2026.09.03 02:47:34 INFO  [main]: org.jivesoftware.openfire.XMPPServer - Accessing SystemProperty field org.jivesoftware.openfire.update.UpdateManager#UPDATE_FREQUENCY
2026.09.03 02:47:34 INFO  [main]: org.jivesoftware.openfire.XMPPServer - Accessing SystemProperty field org.jivesoftware.openfire.update.UpdateManager#PROXY_HOST
2026.09.03 02:47:34 INFO  [main]: org.jivesoftware.openfire.XMPPServer - Accessing SystemProperty field org.jivesoftware.openfire.update.UpdateManager#PROXY_PORT
2026.09.03 02:47:34 INFO  [pool-5-thread-1]: org.jivesoftware.openfire.container.PluginManager - Successfully loaded plugin 'admin'.
2026.09.03 02:47:35 INFO  [pool-6-thread-2]: org.jivesoftware.openfire.container.PluginManager - Successfully loaded plugin 'nonsaslauthentication'.
2026.09.03 02:47:35 INFO  [pool-6-thread-4]: org.jivesoftware.openfire.container.PluginManager - Successfully loaded plugin 'search'.
2026.09.03 02:47:35 INFO  [pool-6-thread-3]: org.jivesoftware.openfire.container.PluginManager - Successfully loaded plugin 'restapi'.
2026.09.03 02:47:35 INFO  [pool-5-thread-1]: org.jivesoftware.openfire.container.PluginMonitor - Finished processing all plugins.
2026.09.03 02:47:35 INFO  [pool-5-thread-1]: org.jivesoftware.openfire.spi.ConnectionListener[socket_c2s] - Started.
2026.09.03 02:47:35 INFO  [pool-5-thread-1]: org.jivesoftware.openfire.spi.ConnectionListener[socket_c2s-legacyMode] - Started.
2026.09.03 02:47:35 WARN  [pool-5-thread-1]: org.jivesoftware.openfire.spi.LegacyConnectionAcceptor - Configuration allows for up to 16 threads, although implementation is limited to exactly one.
2026.09.03 02:47:35 INFO  [pool-5-thread-1]: org.jivesoftware.openfire.spi.ConnectionListener[socket_s2s] - Started.
2026.09.03 02:47:35 WARN  [pool-5-thread-1]: org.jivesoftware.openfire.spi.LegacyConnectionAcceptor - Configuration allows for up to 16 threads, although implementation is limited to exactly one.
2026.09.03 02:47:35 INFO  [pool-5-thread-1]: org.jivesoftware.openfire.spi.ConnectionListener[socket_s2s-legacyMode] - Started.
2026.09.03 02:47:35 INFO  [pool-5-thread-1]: org.jivesoftware.openfire.spi.ConnectionListener[component] - Started.
2026.09.03 02:47:35 INFO  [pool-5-thread-1]: org.jivesoftware.openfire.spi.ConnectionListener[component-legacyMode] - Started.
2026.09.03 02:47:35 INFO  [pool-5-thread-1]: org.jivesoftware.openfire.spi.ConnectionListener[connection_manager] - Started.
2026.09.03 02:47:35 INFO  [pool-5-thread-1]: org.jivesoftware.openfire.spi.ConnectionListener[connection_manager-legacyMode] - Started.
2026.09.03 02:47:35 INFO  [pool-5-thread-1]: org.jivesoftware.openfire.http.HttpSessionManager - Starting instance
2026.09.03 02:47:35 INFO  [pool-5-thread-1]: org.jivesoftware.openfire.http.HttpBindManager - HTTP bind service started
2026.09.03 02:47:59 INFO  [socket_c2s-thread-3]: org.jivesoftware.util.cache.CacheFactory - Created cache [org.jivesoftware.util.cache.DefaultLocalCacheStrategy] for Locked Out Accounts
2026.09.03 03:23:18 WARN  [socket_c2s-thread-3]: org.jivesoftware.openfire.nio.ConnectionHandler - Closing connection due to exception in session: (0x00000002: nio socket, server, null => 0.0.0.0/0.0.0.0:5222)
java.io.IOException: Se ha forzado la interrupción de una conexión existente por el host remoto
	at sun.nio.ch.SocketDispatcher.read0(Native Method) ~[?:?]
	at sun.nio.ch.SocketDispatcher.read(SocketDispatcher.java:43) ~[?:?]
	at sun.nio.ch.IOUtil.readIntoNativeBuffer(IOUtil.java:276) ~[?:?]
	at sun.nio.ch.IOUtil.read(IOUtil.java:245) ~[?:?]
	at sun.nio.ch.IOUtil.read(IOUtil.java:223) ~[?:?]
	at sun.nio.ch.SocketChannelImpl.read(SocketChannelImpl.java:356) ~[?:?]
	at org.apache.mina.transport.socket.nio.NioProcessor.read(NioProcessor.java:378) ~[mina-core-2.1.3.jar:?]
	at org.apache.mina.transport.socket.nio.NioProcessor.read(NioProcessor.java:47) ~[mina-core-2.1.3.jar:?]
	at org.apache.mina.core.polling.AbstractPollingIoProcessor.read(AbstractPollingIoProcessor.java:519) ~[mina-core-2.1.3.jar:?]
	at org.apache.mina.core.polling.AbstractPollingIoProcessor.access$1200(AbstractPollingIoProcessor.java:68) ~[mina-core-2.1.3.jar:?]
	at org.apache.mina.core.polling.AbstractPollingIoProcessor$Processor.process(AbstractPollingIoProcessor.java:1222) ~[mina-core-2.1.3.jar:?]
	at org.apache.mina.core.polling.AbstractPollingIoProcessor$Processor.process(AbstractPollingIoProcessor.java:1211) ~[mina-core-2.1.3.jar:?]
	at org.apache.mina.core.polling.AbstractPollingIoProcessor$Processor.run(AbstractPollingIoProcessor.java:683) ~[mina-core-2.1.3.jar:?]
	at org.apache.mina.util.NamePreservingRunnable.run(NamePreservingRunnable.java:64) ~[mina-core-2.1.3.jar:?]
	at java.util.concurrent.ThreadPoolExecutor.runWorker(ThreadPoolExecutor.java:1128) ~[?:?]
	at java.util.concurrent.ThreadPoolExecutor$Worker.run(ThreadPoolExecutor.java:628) ~[?:?]
	at java.lang.Thread.run(Thread.java:829) [?:?]
2026.09.03 03:24:01 WARN  [socket_c2s-thread-2]: org.jivesoftware.openfire.nio.ConnectionHandler - Closing connection due to exception in session: (0x00000003: nio socket, server, null => 0.0.0.0/0.0.0.0:5222)
java.io.IOException: Se ha forzado la interrupción de una conexión existente por el host remoto
	at sun.nio.ch.SocketDispatcher.read0(Native Method) ~[?:?]
	at sun.nio.ch.SocketDispatcher.read(SocketDispatcher.java:43) ~[?:?]
	at sun.nio.ch.IOUtil.readIntoNativeBuffer(IOUtil.java:276) ~[?:?]
	at sun.nio.ch.IOUtil.read(IOUtil.java:245) ~[?:?]
	at sun.nio.ch.IOUtil.read(IOUtil.java:223) ~[?:?]
	at sun.nio.ch.SocketChannelImpl.read(SocketChannelImpl.java:356) ~[?:?]
	at org.apache.mina.transport.socket.nio.NioProcessor.read(NioProcessor.java:378) ~[mina-core-2.1.3.jar:?]
	at org.apache.mina.transport.socket.nio.NioProcessor.read(NioProcessor.java:47) ~[mina-core-2.1.3.jar:?]
	at org.apache.mina.core.polling.AbstractPollingIoProcessor.read(AbstractPollingIoProcessor.java:519) ~[mina-core-2.1.3.jar:?]
	at org.apache.mina.core.polling.AbstractPollingIoProcessor.access$1200(AbstractPollingIoProcessor.java:68) ~[mina-core-2.1.3.jar:?]
	at org.apache.mina.core.polling.AbstractPollingIoProcessor$Processor.process(AbstractPollingIoProcessor.java:1222) ~[mina-core-2.1.3.jar:?]
	at org.apache.mina.core.polling.AbstractPollingIoProcessor$Processor.process(AbstractPollingIoProcessor.java:1211) ~[mina-core-2.1.3.jar:?]
	at org.apache.mina.core.polling.AbstractPollingIoProcessor$Processor.run(AbstractPollingIoProcessor.java:683) ~[mina-core-2.1.3.jar:?]
	at org.apache.mina.util.NamePreservingRunnable.run(NamePreservingRunnable.java:64) ~[mina-core-2.1.3.jar:?]
	at java.util.concurrent.ThreadPoolExecutor.runWorker(ThreadPoolExecutor.java:1128) ~[?:?]
	at java.util.concurrent.ThreadPoolExecutor$Worker.run(ThreadPoolExecutor.java:628) ~[?:?]
	at java.lang.Thread.run(Thread.java:829) [?:?]
2026.09.03 03:35:21 WARN  [socket_c2s-thread-3]: org.jivesoftware.openfire.nio.ClientConnectionHandler - Trying to ping a MINA connection that's idle, but has no corresponding Openfire session. MINA Connection: org.jivesoftware.openfire.nio.NIOConnection@474a4db8 MINA Session: (0x00000004: nio socket, server, /192.168.1.235:58158 => /192.168.1.235:5222)
2026.09.03 04:07:03 WARN  [socket_c2s-thread-2]: org.jivesoftware.openfire.nio.ConnectionHandler - Closing connection due to exception in session: (0x00000005: nio socket, server, null => 0.0.0.0/0.0.0.0:5222)
java.io.IOException: Se ha forzado la interrupción de una conexión existente por el host remoto
	at sun.nio.ch.SocketDispatcher.read0(Native Method) ~[?:?]
	at sun.nio.ch.SocketDispatcher.read(SocketDispatcher.java:43) ~[?:?]
	at sun.nio.ch.IOUtil.readIntoNativeBuffer(IOUtil.java:276) ~[?:?]
	at sun.nio.ch.IOUtil.read(IOUtil.java:245) ~[?:?]
	at sun.nio.ch.IOUtil.read(IOUtil.java:223) ~[?:?]
	at sun.nio.ch.SocketChannelImpl.read(SocketChannelImpl.java:356) ~[?:?]
	at org.apache.mina.transport.socket.nio.NioProcessor.read(NioProcessor.java:378) ~[mina-core-2.1.3.jar:?]
	at org.apache.mina.transport.socket.nio.NioProcessor.read(NioProcessor.java:47) ~[mina-core-2.1.3.jar:?]
	at org.apache.mina.core.polling.AbstractPollingIoProcessor.read(AbstractPollingIoProcessor.java:519) ~[mina-core-2.1.3.jar:?]
	at org.apache.mina.core.polling.AbstractPollingIoProcessor.access$1200(AbstractPollingIoProcessor.java:68) ~[mina-core-2.1.3.jar:?]
	at org.apache.mina.core.polling.AbstractPollingIoProcessor$Processor.process(AbstractPollingIoProcessor.java:1222) ~[mina-core-2.1.3.jar:?]
	at org.apache.mina.core.polling.AbstractPollingIoProcessor$Processor.process(AbstractPollingIoProcessor.java:1211) ~[mina-core-2.1.3.jar:?]
	at org.apache.mina.core.polling.AbstractPollingIoProcessor$Processor.run(AbstractPollingIoProcessor.java:683) ~[mina-core-2.1.3.jar:?]
	at org.apache.mina.util.NamePreservingRunnable.run(NamePreservingRunnable.java:64) ~[mina-core-2.1.3.jar:?]
	at java.util.concurrent.ThreadPoolExecutor.runWorker(ThreadPoolExecutor.java:1128) ~[?:?]
	at java.util.concurrent.ThreadPoolExecutor$Worker.run(ThreadPoolExecutor.java:628) ~[?:?]
	at java.lang.Thread.run(Thread.java:829) [?:?]
2026.09.03 04:18:24 WARN  [socket_c2s-thread-3]: org.jivesoftware.openfire.nio.ClientConnectionHandler - Trying to ping a MINA connection that's idle, but has no corresponding Openfire session. MINA Connection: org.jivesoftware.openfire.nio.NIOConnection@45c8e588 MINA Session: (0x00000006: nio socket, server, /192.168.1.235:51412 => /192.168.1.235:5222)
2026.09.03 18:49:36 WARN  [socket_c2s-thread-3]: org.jivesoftware.openfire.nio.ConnectionHandler - Closing connection due to exception in session: (0x00000007: nio socket, server, null => 0.0.0.0/0.0.0.0:5222)
java.io.IOException: Se ha forzado la interrupción de una conexión existente por el host remoto
	at sun.nio.ch.SocketDispatcher.read0(Native Method) ~[?:?]
	at sun.nio.ch.SocketDispatcher.read(SocketDispatcher.java:43) ~[?:?]
	at sun.nio.ch.IOUtil.readIntoNativeBuffer(IOUtil.java:276) ~[?:?]
	at sun.nio.ch.IOUtil.read(IOUtil.java:245) ~[?:?]
	at sun.nio.ch.IOUtil.read(IOUtil.java:223) ~[?:?]
	at sun.nio.ch.SocketChannelImpl.read(SocketChannelImpl.java:356) ~[?:?]
	at org.apache.mina.transport.socket.nio.NioProcessor.read(NioProcessor.java:378) ~[mina-core-2.1.3.jar:?]
	at org.apache.mina.transport.socket.nio.NioProcessor.read(NioProcessor.java:47) ~[mina-core-2.1.3.jar:?]
	at org.apache.mina.core.polling.AbstractPollingIoProcessor.read(AbstractPollingIoProcessor.java:519) ~[mina-core-2.1.3.jar:?]
	at org.apache.mina.core.polling.AbstractPollingIoProcessor.access$1200(AbstractPollingIoProcessor.java:68) ~[mina-core-2.1.3.jar:?]
	at org.apache.mina.core.polling.AbstractPollingIoProcessor$Processor.process(AbstractPollingIoProcessor.java:1222) ~[mina-core-2.1.3.jar:?]
	at org.apache.mina.core.polling.AbstractPollingIoProcessor$Processor.process(AbstractPollingIoProcessor.java:1211) ~[mina-core-2.1.3.jar:?]
	at org.apache.mina.core.polling.AbstractPollingIoProcessor$Processor.run(AbstractPollingIoProcessor.java:683) ~[mina-core-2.1.3.jar:?]
	at org.apache.mina.util.NamePreservingRunnable.run(NamePreservingRunnable.java:64) ~[mina-core-2.1.3.jar:?]
	at java.util.concurrent.ThreadPoolExecutor.runWorker(ThreadPoolExecutor.java:1128) ~[?:?]
	at java.util.concurrent.ThreadPoolExecutor$Worker.run(ThreadPoolExecutor.java:628) ~[?:?]
	at java.lang.Thread.run(Thread.java:829) [?:?]
2026.09.03 18:58:36 WARN  [socket_c2s-thread-2]: org.jivesoftware.openfire.nio.ConnectionHandler - Closing connection due to exception in session: (0x00000008: nio socket, server, null => 0.0.0.0/0.0.0.0:5222)
java.io.IOException: Se ha forzado la interrupción de una conexión existente por el host remoto
	at sun.nio.ch.SocketDispatcher.read0(Native Method) ~[?:?]
	at sun.nio.ch.SocketDispatcher.read(SocketDispatcher.java:43) ~[?:?]
	at sun.nio.ch.IOUtil.readIntoNativeBuffer(IOUtil.java:276) ~[?:?]
	at sun.nio.ch.IOUtil.read(IOUtil.java:245) ~[?:?]
	at sun.nio.ch.IOUtil.read(IOUtil.java:223) ~[?:?]
	at sun.nio.ch.SocketChannelImpl.read(SocketChannelImpl.java:356) ~[?:?]
	at org.apache.mina.transport.socket.nio.NioProcessor.read(NioProcessor.java:378) ~[mina-core-2.1.3.jar:?]
	at org.apache.mina.transport.socket.nio.NioProcessor.read(NioProcessor.java:47) ~[mina-core-2.1.3.jar:?]
	at org.apache.mina.core.polling.AbstractPollingIoProcessor.read(AbstractPollingIoProcessor.java:519) ~[mina-core-2.1.3.jar:?]
	at org.apache.mina.core.polling.AbstractPollingIoProcessor.access$1200(AbstractPollingIoProcessor.java:68) ~[mina-core-2.1.3.jar:?]
	at org.apache.mina.core.polling.AbstractPollingIoProcessor$Processor.process(AbstractPollingIoProcessor.java:1222) ~[mina-core-2.1.3.jar:?]
	at org.apache.mina.core.polling.AbstractPollingIoProcessor$Processor.process(AbstractPollingIoProcessor.java:1211) ~[mina-core-2.1.3.jar:?]
	at org.apache.mina.core.polling.AbstractPollingIoProcessor$Processor.run(AbstractPollingIoProcessor.java:683) ~[mina-core-2.1.3.jar:?]
	at org.apache.mina.util.NamePreservingRunnable.run(NamePreservingRunnable.java:64) ~[mina-core-2.1.3.jar:?]
	at java.util.concurrent.ThreadPoolExecutor.runWorker(ThreadPoolExecutor.java:1128) ~[?:?]
	at java.util.concurrent.ThreadPoolExecutor$Worker.run(ThreadPoolExecutor.java:628) ~[?:?]
	at java.lang.Thread.run(Thread.java:829) [?:?]
2026.09.03 18:59:17 INFO  [main]: org.jivesoftware.openfire.XMPPServer - Registering shutdown hook (standalone mode)
2026.09.03 18:59:18 INFO  [main]: hsqldb.db.HSQLDBA0638C63BF.ENGINE - checkpointClose start
2026.09.03 18:59:18 INFO  [main]: hsqldb.db.HSQLDBA0638C63BF.ENGINE - checkpointClose synched
2026.09.03 18:59:18 INFO  [main]: hsqldb.db.HSQLDBA0638C63BF.ENGINE - checkpointClose script done
2026.09.03 18:59:18 INFO  [main]: hsqldb.db.HSQLDBA0638C63BF.ENGINE - checkpointClose end
2026.09.03 18:59:18 INFO  [main]: org.jivesoftware.util.cache.CacheFactory - Created cache [org.jivesoftware.util.cache.DefaultLocalCacheStrategy] for Routing Servers Cache
2026.09.03 18:59:18 INFO  [main]: org.jivesoftware.util.cache.CacheFactory - Created cache [org.jivesoftware.util.cache.DefaultLocalCacheStrategy] for Routing Components Cache
2026.09.03 18:59:18 INFO  [main]: org.jivesoftware.util.cache.CacheFactory - Created cache [org.jivesoftware.util.cache.DefaultLocalCacheStrategy] for Routing Users Cache
2026.09.03 18:59:18 INFO  [main]: org.jivesoftware.util.cache.CacheFactory - Created cache [org.jivesoftware.util.cache.DefaultLocalCacheStrategy] for Routing AnonymousUsers Cache
2026.09.03 18:59:18 INFO  [main]: org.jivesoftware.util.cache.CacheFactory - Created cache [org.jivesoftware.util.cache.DefaultLocalCacheStrategy] for Routing User Sessions
2026.09.03 18:59:18 INFO  [main]: org.jivesoftware.util.cache.CacheFactory - Created cache [org.jivesoftware.util.cache.DefaultLocalCacheStrategy] for Roster
2026.09.03 18:59:18 INFO  [main]: org.jivesoftware.util.cache.CacheFactory - Created cache [org.jivesoftware.util.cache.DefaultLocalCacheStrategy] for RosterItems
2026.09.03 18:59:19 INFO  [main]: org.jivesoftware.util.cache.CacheFactory - Created cache [org.jivesoftware.util.cache.DefaultLocalCacheStrategy] for Multicast Service
2026.09.03 18:59:19 INFO  [main]: org.jivesoftware.util.cache.CacheFactory - Created cache [org.jivesoftware.util.cache.DefaultLocalCacheStrategy] for Offline Message Size
2026.09.03 18:59:19 INFO  [main]: org.jivesoftware.util.cache.CacheFactory - Created cache [org.jivesoftware.util.cache.DefaultLocalCacheStrategy] for VCard
2026.09.03 18:59:19 INFO  [main]: org.jivesoftware.util.cache.CacheFactory - Created cache [org.jivesoftware.util.cache.DefaultLocalCacheStrategy] for Privacy Lists
2026.09.03 18:59:19 INFO  [main]: org.jivesoftware.util.cache.CacheFactory - Created cache [org.jivesoftware.util.cache.DefaultLocalCacheStrategy] for File Transfer Cache
2026.09.03 18:59:19 INFO  [main]: org.jivesoftware.util.cache.CacheFactory - Created cache [org.jivesoftware.util.cache.DefaultLocalCacheStrategy] for Offline Presence Cache
2026.09.03 18:59:19 INFO  [main]: org.jivesoftware.util.cache.CacheFactory - Created cache [org.jivesoftware.util.cache.DefaultLocalCacheStrategy] for Last Activity Cache
2026.09.03 18:59:19 INFO  [main]: org.jivesoftware.util.cache.CacheFactory - Created cache [org.jivesoftware.util.cache.DefaultLocalCacheStrategy] for User
2026.09.03 18:59:19 INFO  [main]: org.jivesoftware.util.cache.CacheFactory - Created cache [org.jivesoftware.util.cache.DefaultLocalCacheStrategy] for Remote Users Existence
2026.09.03 18:59:19 INFO  [main]: org.jivesoftware.util.cache.CacheFactory - Created cache [org.jivesoftware.util.cache.DefaultLocalCacheStrategy] for Components Sessions
2026.09.03 18:59:19 INFO  [main]: org.jivesoftware.util.cache.CacheFactory - Created cache [org.jivesoftware.util.cache.DefaultLocalCacheStrategy] for Connection Managers Sessions
2026.09.03 18:59:19 INFO  [main]: org.jivesoftware.util.cache.CacheFactory - Created cache [org.jivesoftware.util.cache.DefaultLocalCacheStrategy] for Incoming Server Sessions
2026.09.03 18:59:19 INFO  [main]: org.jivesoftware.util.cache.CacheFactory - Created cache [org.jivesoftware.util.cache.DefaultLocalCacheStrategy] for Sessions by Hostname
2026.09.03 18:59:19 INFO  [main]: org.jivesoftware.util.cache.CacheFactory - Created cache [org.jivesoftware.util.cache.DefaultLocalCacheStrategy] for Validated Domains
2026.09.03 18:59:19 INFO  [main]: org.jivesoftware.util.cache.CacheFactory - Created cache [org.jivesoftware.util.cache.DefaultLocalCacheStrategy] for Client Session Info Cache
2026.09.03 18:59:19 INFO  [main]: org.jivesoftware.util.cache.CacheFactory - Created cache [org.jivesoftware.util.cache.DefaultLocalCacheStrategy] for Directed Presences
2026.09.03 18:59:19 INFO  [main]: org.jivesoftware.util.cache.CacheFactory - Created local-only cache [org.jivesoftware.util.cache.DefaultLocalCacheStrategy] for PEPServiceManager
2026.09.03 18:59:19 INFO  [main]: org.jivesoftware.util.cache.CacheFactory - Created cache [org.jivesoftware.util.cache.DefaultLocalCacheStrategy] for File Transfer
2026.09.03 18:59:19 INFO  [main]: org.jivesoftware.util.cache.CacheFactory - Created cache [org.jivesoftware.util.cache.DefaultLocalCacheStrategy] for Published Items
2026.09.03 18:59:19 INFO  [main]: org.jivesoftware.util.cache.CacheFactory - Created cache [org.jivesoftware.util.cache.DefaultLocalCacheStrategy] for Disco Server Features
2026.09.03 18:59:19 INFO  [main]: org.jivesoftware.util.cache.CacheFactory - Created cache [org.jivesoftware.util.cache.DefaultLocalCacheStrategy] for Disco Server Items
2026.09.03 18:59:19 INFO  [main]: org.jivesoftware.util.cache.CacheFactory - Created cache [org.jivesoftware.util.cache.DefaultLocalCacheStrategy] for Components
2026.09.03 18:59:19 INFO  [main]: org.jivesoftware.util.cache.CacheFactory - Created local-only cache [org.jivesoftware.util.cache.DefaultLocalCacheStrategy] for Entity Capabilities
2026.09.03 18:59:19 INFO  [main]: org.jivesoftware.util.cache.CacheFactory - Created local-only cache [org.jivesoftware.util.cache.DefaultLocalCacheStrategy] for Entity Capabilities Users
2026.09.03 18:59:19 INFO  [main]: org.jivesoftware.util.cache.CacheFactory - Created cache [org.jivesoftware.util.cache.DefaultLocalCacheStrategy] for Group
2026.09.03 18:59:19 INFO  [main]: org.jivesoftware.util.cache.CacheFactory - Created cache [org.jivesoftware.util.cache.DefaultLocalCacheStrategy] for Group Metadata Cache
2026.09.03 18:59:19 INFO  [main]: org.jivesoftware.openfire.pubsub.PubSubModule - Dominio de Publicar-Suscribir: pubsub.127.0.0.1
2026.09.03 18:59:19 INFO  [main]: org.jivesoftware.openfire.muc.spi.MultiUserChatServiceImpl - Dominio de Chat Multi-usuario: conference.127.0.0.1
2026.09.03 18:59:19 INFO  [main]: org.jivesoftware.openfire.XMPPServer - Openfire 4.5.0 Alpha [Sep 3, 2026, 6:59:19 PM]
2026.09.03 18:59:19 WARN  [pool-5-thread-1]: org.jivesoftware.openfire.container.AdminConsolePlugin - Admin console: Identity store does not have any certificates. HTTPS will be unavailable.
2026.09.03 18:59:20 INFO  [main]: org.jivesoftware.openfire.XMPPServer - Accessing SystemProperty field org.jivesoftware.openfire.auth.AuthFactory#PASSWORD_KEY
2026.09.03 18:59:20 INFO  [main]: org.jivesoftware.openfire.XMPPServer - Accessing SystemProperty field org.jivesoftware.openfire.auth.AuthFactory#AUTH_PROVIDER
2026.09.03 18:59:20 INFO  [main]: org.jivesoftware.openfire.XMPPServer - Accessing SystemProperty field org.jivesoftware.openfire.sasl.ScramSha1SaslServer#ITERATION_COUNT
2026.09.03 18:59:20 INFO  [main]: org.jivesoftware.openfire.XMPPServer - Accessing SystemProperty field org.jivesoftware.openfire.vcard.VCardManager#VCARD_PROVIDER
2026.09.03 18:59:20 INFO  [main]: org.jivesoftware.openfire.XMPPServer - Accessing SystemProperty field org.jivesoftware.openfire.auth.HybridAuthProvider#PRIMARY_PROVIDER
2026.09.03 18:59:20 INFO  [main]: org.jivesoftware.openfire.XMPPServer - Accessing SystemProperty field org.jivesoftware.openfire.auth.HybridAuthProvider#SECONDARY_PROVIDER
2026.09.03 18:59:20 INFO  [main]: org.jivesoftware.openfire.XMPPServer - Accessing SystemProperty field org.jivesoftware.openfire.auth.HybridAuthProvider#TERTIARY_PROVIDER
2026.09.03 18:59:20 INFO  [main]: org.jivesoftware.openfire.XMPPServer - Accessing SystemProperty field org.jivesoftware.openfire.lockout.LockOutManager#LOCKOUT_PROVIDER
2026.09.03 18:59:20 INFO  [main]: org.jivesoftware.openfire.XMPPServer - Accessing SystemProperty field org.jivesoftware.openfire.user.UserManager#USER_PROVIDER
2026.09.03 18:59:20 INFO  [main]: org.jivesoftware.openfire.XMPPServer - Accessing SystemProperty field org.jivesoftware.openfire.user.UserManager#REMOTE_DISCO_INFO_TIMEOUT
2026.09.03 18:59:20 INFO  [main]: org.jivesoftware.openfire.XMPPServer - Accessing SystemProperty field org.jivesoftware.openfire.user.UserManager#USER_PROPERTY_PROVIDER
2026.09.03 18:59:20 INFO  [main]: org.jivesoftware.openfire.XMPPServer - Accessing SystemProperty field org.jivesoftware.openfire.SessionManager#CONFLICT_LIMIT
2026.09.03 18:59:20 INFO  [main]: org.jivesoftware.openfire.XMPPServer - Accessing SystemProperty field org.jivesoftware.openfire.group.GroupManager#GROUP_PROVIDER
2026.09.03 18:59:20 INFO  [main]: org.jivesoftware.openfire.XMPPServer - Accessing SystemProperty field org.jivesoftware.openfire.muc.spi.IQMuclumbusSearchHandler#PROPERTY_ENABLED
2026.09.03 18:59:20 INFO  [main]: org.jivesoftware.openfire.XMPPServer - Accessing SystemProperty field org.jivesoftware.openfire.sasl.AnonymousSaslServer#ENABLED
2026.09.03 18:59:20 INFO  [main]: org.jivesoftware.openfire.XMPPServer - Accessing SystemProperty field org.jivesoftware.openfire.net.SASLAuthentication#SKIP_PEER_CERT_REVALIDATION_CLIENT
2026.09.03 18:59:20 INFO  [main]: org.jivesoftware.openfire.net.SASLAuthentication - Support added for the 'ANONYMOUS' SASL mechanism.
2026.09.03 18:59:20 INFO  [main]: org.jivesoftware.openfire.net.SASLAuthentication - Support added for the 'PLAIN' SASL mechanism.
2026.09.03 18:59:20 INFO  [main]: org.jivesoftware.openfire.net.SASLAuthentication - Support added for the 'DIGEST-MD5' SASL mechanism.
2026.09.03 18:59:20 INFO  [main]: org.jivesoftware.openfire.net.SASLAuthentication - Support added for the 'CRAM-MD5' SASL mechanism.
2026.09.03 18:59:20 INFO  [main]: org.jivesoftware.openfire.net.SASLAuthentication - Support added for the 'SCRAM-SHA-1' SASL mechanism.
2026.09.03 18:59:20 INFO  [main]: org.jivesoftware.openfire.net.SASLAuthentication - Support added for the 'JIVE-SHAREDSECRET' SASL mechanism.
2026.09.03 18:59:20 INFO  [main]: org.jivesoftware.openfire.net.SASLAuthentication - Support added for the 'GSSAPI' SASL mechanism.
2026.09.03 18:59:20 INFO  [main]: org.jivesoftware.openfire.net.SASLAuthentication - Support added for the 'EXTERNAL' SASL mechanism.
2026.09.03 18:59:20 INFO  [main]: org.jivesoftware.openfire.XMPPServer - Accessing SystemProperty field org.jivesoftware.openfire.XMPPServerInfo#XMPP_DOMAIN
2026.09.03 18:59:20 INFO  [main]: org.jivesoftware.openfire.XMPPServer - Accessing SystemProperty field org.jivesoftware.openfire.sasl.ExternalClientSaslServer#PROPERTY_SASL_EXTERNAL_CLIENT_SUPPRESS_MATCHING_REALMNAME
2026.09.03 18:59:20 INFO  [main]: org.jivesoftware.openfire.XMPPServer - Accessing SystemProperty field org.jivesoftware.openfire.admin.AdminManager#ADMIN_PROVIDER
2026.09.03 18:59:20 INFO  [main]: org.jivesoftware.openfire.XMPPServer - Accessing SystemProperty field org.jivesoftware.openfire.security.SecurityAuditManager#AUDIT_PROVIDER
2026.09.03 18:59:20 INFO  [main]: org.jivesoftware.openfire.XMPPServer - Accessing SystemProperty field org.jivesoftware.openfire.admin.DefaultAdminProvider#ADMIN_JIDS
2026.09.03 18:59:20 INFO  [main]: org.jivesoftware.openfire.XMPPServer - Accessing SystemProperty field org.jivesoftware.openfire.cluster.ClusterMonitor#ENABLED
2026.09.03 18:59:20 INFO  [pool-5-thread-1]: org.jivesoftware.util.cache.CacheFactory - Created cache [org.jivesoftware.util.cache.DefaultLocalCacheStrategy] for Favicon Misses
2026.09.03 18:59:20 INFO  [pool-5-thread-1]: org.jivesoftware.util.cache.CacheFactory - Created cache [org.jivesoftware.util.cache.DefaultLocalCacheStrategy] for Favicon Hits
2026.09.03 18:59:20 INFO  [main]: org.jivesoftware.openfire.XMPPServer - Accessing SystemProperty field org.jivesoftware.openfire.ldap.LdapVCardProvider#STORE_AVATAR_IN_DB
2026.09.03 18:59:20 INFO  [main]: org.jivesoftware.openfire.XMPPServer - Accessing SystemProperty field org.jivesoftware.openfire.spi.EncryptionArtifactFactory#TRUST_MANAGER_CLASS
2026.09.03 18:59:20 INFO  [main]: org.jivesoftware.openfire.XMPPServer - Accessing SystemProperty field org.jivesoftware.openfire.update.UpdateManager#ENABLED
2026.09.03 18:59:20 INFO  [main]: org.jivesoftware.openfire.XMPPServer - Accessing SystemProperty field org.jivesoftware.openfire.update.UpdateManager#NOTIFY_ADMINS
2026.09.03 18:59:20 INFO  [main]: org.jivesoftware.openfire.XMPPServer - Accessing SystemProperty field org.jivesoftware.openfire.update.UpdateManager#LAST_UPDATE_CHECK
2026.09.03 18:59:20 INFO  [main]: org.jivesoftware.openfire.XMPPServer - Accessing SystemProperty field org.jivesoftware.openfire.update.UpdateManager#UPDATE_FREQUENCY
2026.09.03 18:59:20 INFO  [main]: org.jivesoftware.openfire.XMPPServer - Accessing SystemProperty field org.jivesoftware.openfire.update.UpdateManager#PROXY_HOST
2026.09.03 18:59:20 INFO  [main]: org.jivesoftware.openfire.XMPPServer - Accessing SystemProperty field org.jivesoftware.openfire.update.UpdateManager#PROXY_PORT
2026.09.03 18:59:20 INFO  [pool-5-thread-1]: org.jivesoftware.openfire.container.AdminConsolePlugin - Consola de administración escuchando en http://127.0.0.1:9090
2026.09.03 18:59:20 INFO  [pool-5-thread-1]: org.jivesoftware.openfire.container.PluginManager - Successfully loaded plugin 'admin'.
2026.09.03 18:59:20 INFO  [pool-6-thread-2]: org.jivesoftware.openfire.container.PluginManager - Successfully loaded plugin 'nonsaslauthentication'.
2026.09.03 18:59:20 INFO  [pool-6-thread-4]: org.jivesoftware.openfire.container.PluginManager - Successfully loaded plugin 'search'.
2026.09.03 18:59:21 INFO  [pool-6-thread-3]: org.jivesoftware.openfire.container.PluginManager - Successfully loaded plugin 'restapi'.
2026.09.03 18:59:21 INFO  [pool-5-thread-1]: org.jivesoftware.openfire.container.PluginMonitor - Finished processing all plugins.
2026.09.03 18:59:21 INFO  [pool-5-thread-1]: org.jivesoftware.openfire.spi.ConnectionListener[socket_c2s] - Started.
2026.09.03 18:59:21 INFO  [pool-5-thread-1]: org.jivesoftware.openfire.spi.ConnectionListener[socket_c2s-legacyMode] - Started.
2026.09.03 18:59:21 WARN  [pool-5-thread-1]: org.jivesoftware.openfire.spi.LegacyConnectionAcceptor - Configuration allows for up to 16 threads, although implementation is limited to exactly one.
2026.09.03 18:59:21 INFO  [pool-5-thread-1]: org.jivesoftware.openfire.spi.ConnectionListener[socket_s2s] - Started.
2026.09.03 18:59:21 WARN  [pool-5-thread-1]: org.jivesoftware.openfire.spi.LegacyConnectionAcceptor - Configuration allows for up to 16 threads, although implementation is limited to exactly one.
2026.09.03 18:59:21 INFO  [pool-5-thread-1]: org.jivesoftware.openfire.spi.ConnectionListener[socket_s2s-legacyMode] - Started.
2026.09.03 18:59:21 INFO  [pool-5-thread-1]: org.jivesoftware.openfire.spi.ConnectionListener[component] - Started.
2026.09.03 18:59:21 INFO  [pool-5-thread-1]: org.jivesoftware.openfire.spi.ConnectionListener[component-legacyMode] - Started.
2026.09.03 18:59:21 INFO  [pool-5-thread-1]: org.jivesoftware.openfire.spi.ConnectionListener[connection_manager] - Started.
2026.09.03 18:59:21 INFO  [pool-5-thread-1]: org.jivesoftware.openfire.spi.ConnectionListener[connection_manager-legacyMode] - Started.
2026.09.03 18:59:21 INFO  [pool-5-thread-1]: org.jivesoftware.openfire.http.HttpSessionManager - Starting instance
2026.09.03 18:59:21 INFO  [pool-5-thread-1]: org.jivesoftware.openfire.http.HttpBindManager - HTTP bind service started
2026.09.03 18:59:47 INFO  [socket_c2s-thread-3]: org.jivesoftware.util.cache.CacheFactory - Created cache [org.jivesoftware.util.cache.DefaultLocalCacheStrategy] for Locked Out Accounts
2026.09.04 11:08:35 WARN  [socket_c2s-thread-2]: org.jivesoftware.openfire.nio.ConnectionHandler - Closing connection due to exception in session: (0x00000002: nio socket, server, null => 0.0.0.0/0.0.0.0:5222)
java.io.IOException: Se ha forzado la interrupción de una conexión existente por el host remoto
	at sun.nio.ch.SocketDispatcher.read0(Native Method) ~[?:?]
	at sun.nio.ch.SocketDispatcher.read(SocketDispatcher.java:43) ~[?:?]
	at sun.nio.ch.IOUtil.readIntoNativeBuffer(IOUtil.java:276) ~[?:?]
	at sun.nio.ch.IOUtil.read(IOUtil.java:245) ~[?:?]
	at sun.nio.ch.IOUtil.read(IOUtil.java:223) ~[?:?]
	at sun.nio.ch.SocketChannelImpl.read(SocketChannelImpl.java:356) ~[?:?]
	at org.apache.mina.transport.socket.nio.NioProcessor.read(NioProcessor.java:378) ~[mina-core-2.1.3.jar:?]
	at org.apache.mina.transport.socket.nio.NioProcessor.read(NioProcessor.java:47) ~[mina-core-2.1.3.jar:?]
	at org.apache.mina.core.polling.AbstractPollingIoProcessor.read(AbstractPollingIoProcessor.java:519) ~[mina-core-2.1.3.jar:?]
	at org.apache.mina.core.polling.AbstractPollingIoProcessor.access$1200(AbstractPollingIoProcessor.java:68) ~[mina-core-2.1.3.jar:?]
	at org.apache.mina.core.polling.AbstractPollingIoProcessor$Processor.process(AbstractPollingIoProcessor.java:1222) ~[mina-core-2.1.3.jar:?]
	at org.apache.mina.core.polling.AbstractPollingIoProcessor$Processor.process(AbstractPollingIoProcessor.java:1211) ~[mina-core-2.1.3.jar:?]
	at org.apache.mina.core.polling.AbstractPollingIoProcessor$Processor.run(AbstractPollingIoProcessor.java:683) ~[mina-core-2.1.3.jar:?]
	at org.apache.mina.util.NamePreservingRunnable.run(NamePreservingRunnable.java:64) ~[mina-core-2.1.3.jar:?]
	at java.util.concurrent.ThreadPoolExecutor.runWorker(ThreadPoolExecutor.java:1128) ~[?:?]
	at java.util.concurrent.ThreadPoolExecutor$Worker.run(ThreadPoolExecutor.java:628) ~[?:?]
	at java.lang.Thread.run(Thread.java:829) [?:?]
2026.09.04 15:16:27 INFO  [main]: org.jivesoftware.openfire.XMPPServer - Registering shutdown hook (standalone mode)
2026.09.04 15:16:28 INFO  [main]: hsqldb.db.HSQLDBA0638C63BF.ENGINE - checkpointClose start
2026.09.04 15:16:28 INFO  [main]: hsqldb.db.HSQLDBA0638C63BF.ENGINE - checkpointClose synched
2026.09.04 15:16:28 INFO  [main]: hsqldb.db.HSQLDBA0638C63BF.ENGINE - checkpointClose script done
2026.09.04 15:16:28 INFO  [main]: hsqldb.db.HSQLDBA0638C63BF.ENGINE - checkpointClose end
2026.09.04 15:16:28 INFO  [main]: org.jivesoftware.util.cache.CacheFactory - Created cache [org.jivesoftware.util.cache.DefaultLocalCacheStrategy] for Routing Servers Cache
2026.09.04 15:16:28 INFO  [main]: org.jivesoftware.util.cache.CacheFactory - Created cache [org.jivesoftware.util.cache.DefaultLocalCacheStrategy] for Routing Components Cache
2026.09.04 15:16:28 INFO  [main]: org.jivesoftware.util.cache.CacheFactory - Created cache [org.jivesoftware.util.cache.DefaultLocalCacheStrategy] for Routing Users Cache
2026.09.04 15:16:28 INFO  [main]: org.jivesoftware.util.cache.CacheFactory - Created cache [org.jivesoftware.util.cache.DefaultLocalCacheStrategy] for Routing AnonymousUsers Cache
2026.09.04 15:16:28 INFO  [main]: org.jivesoftware.util.cache.CacheFactory - Created cache [org.jivesoftware.util.cache.DefaultLocalCacheStrategy] for Routing User Sessions
2026.09.04 15:16:28 INFO  [main]: org.jivesoftware.util.cache.CacheFactory - Created cache [org.jivesoftware.util.cache.DefaultLocalCacheStrategy] for Roster
2026.09.04 15:16:28 INFO  [main]: org.jivesoftware.util.cache.CacheFactory - Created cache [org.jivesoftware.util.cache.DefaultLocalCacheStrategy] for RosterItems
2026.09.04 15:16:28 INFO  [main]: org.jivesoftware.util.cache.CacheFactory - Created cache [org.jivesoftware.util.cache.DefaultLocalCacheStrategy] for Multicast Service
2026.09.04 15:16:28 INFO  [main]: org.jivesoftware.util.cache.CacheFactory - Created cache [org.jivesoftware.util.cache.DefaultLocalCacheStrategy] for Offline Message Size
2026.09.04 15:16:28 INFO  [main]: org.jivesoftware.util.cache.CacheFactory - Created cache [org.jivesoftware.util.cache.DefaultLocalCacheStrategy] for VCard
2026.09.04 15:16:29 INFO  [main]: org.jivesoftware.util.cache.CacheFactory - Created cache [org.jivesoftware.util.cache.DefaultLocalCacheStrategy] for Privacy Lists
2026.09.04 15:16:29 INFO  [main]: org.jivesoftware.util.cache.CacheFactory - Created cache [org.jivesoftware.util.cache.DefaultLocalCacheStrategy] for File Transfer Cache
2026.09.04 15:16:29 INFO  [main]: org.jivesoftware.util.cache.CacheFactory - Created cache [org.jivesoftware.util.cache.DefaultLocalCacheStrategy] for Offline Presence Cache
2026.09.04 15:16:29 INFO  [main]: org.jivesoftware.util.cache.CacheFactory - Created cache [org.jivesoftware.util.cache.DefaultLocalCacheStrategy] for Last Activity Cache
2026.09.04 15:16:29 INFO  [main]: org.jivesoftware.util.cache.CacheFactory - Created cache [org.jivesoftware.util.cache.DefaultLocalCacheStrategy] for User
2026.09.04 15:16:29 INFO  [main]: org.jivesoftware.util.cache.CacheFactory - Created cache [org.jivesoftware.util.cache.DefaultLocalCacheStrategy] for Remote Users Existence
2026.09.04 15:16:29 INFO  [main]: org.jivesoftware.util.cache.CacheFactory - Created cache [org.jivesoftware.util.cache.DefaultLocalCacheStrategy] for Components Sessions
2026.09.04 15:16:29 INFO  [main]: org.jivesoftware.util.cache.CacheFactory - Created cache [org.jivesoftware.util.cache.DefaultLocalCacheStrategy] for Connection Managers Sessions
2026.09.04 15:16:29 INFO  [main]: org.jivesoftware.util.cache.CacheFactory - Created cache [org.jivesoftware.util.cache.DefaultLocalCacheStrategy] for Incoming Server Sessions
2026.09.04 15:16:29 INFO  [main]: org.jivesoftware.util.cache.CacheFactory - Created cache [org.jivesoftware.util.cache.DefaultLocalCacheStrategy] for Sessions by Hostname
2026.09.04 15:16:29 INFO  [main]: org.jivesoftware.util.cache.CacheFactory - Created cache [org.jivesoftware.util.cache.DefaultLocalCacheStrategy] for Validated Domains
2026.09.04 15:16:29 INFO  [main]: org.jivesoftware.util.cache.CacheFactory - Created cache [org.jivesoftware.util.cache.DefaultLocalCacheStrategy] for Client Session Info Cache
2026.09.04 15:16:29 INFO  [main]: org.jivesoftware.util.cache.CacheFactory - Created cache [org.jivesoftware.util.cache.DefaultLocalCacheStrategy] for Directed Presences
2026.09.04 15:16:29 INFO  [main]: org.jivesoftware.util.cache.CacheFactory - Created local-only cache [org.jivesoftware.util.cache.DefaultLocalCacheStrategy] for PEPServiceManager
2026.09.04 15:16:29 INFO  [main]: org.jivesoftware.util.cache.CacheFactory - Created cache [org.jivesoftware.util.cache.DefaultLocalCacheStrategy] for File Transfer
2026.09.04 15:16:29 INFO  [main]: org.jivesoftware.util.cache.CacheFactory - Created cache [org.jivesoftware.util.cache.DefaultLocalCacheStrategy] for Published Items
2026.09.04 15:16:29 INFO  [main]: org.jivesoftware.util.cache.CacheFactory - Created cache [org.jivesoftware.util.cache.DefaultLocalCacheStrategy] for Disco Server Features
2026.09.04 15:16:29 INFO  [main]: org.jivesoftware.util.cache.CacheFactory - Created cache [org.jivesoftware.util.cache.DefaultLocalCacheStrategy] for Disco Server Items
2026.09.04 15:16:29 INFO  [main]: org.jivesoftware.util.cache.CacheFactory - Created cache [org.jivesoftware.util.cache.DefaultLocalCacheStrategy] for Components
2026.09.04 15:16:29 INFO  [main]: org.jivesoftware.util.cache.CacheFactory - Created local-only cache [org.jivesoftware.util.cache.DefaultLocalCacheStrategy] for Entity Capabilities
2026.09.04 15:16:29 INFO  [main]: org.jivesoftware.util.cache.CacheFactory - Created local-only cache [org.jivesoftware.util.cache.DefaultLocalCacheStrategy] for Entity Capabilities Users
2026.09.04 15:16:29 INFO  [main]: org.jivesoftware.util.cache.CacheFactory - Created cache [org.jivesoftware.util.cache.DefaultLocalCacheStrategy] for Group
2026.09.04 15:16:29 INFO  [main]: org.jivesoftware.util.cache.CacheFactory - Created cache [org.jivesoftware.util.cache.DefaultLocalCacheStrategy] for Group Metadata Cache
2026.09.04 15:16:29 INFO  [main]: org.jivesoftware.openfire.pubsub.PubSubModule - Dominio de Publicar-Suscribir: pubsub.127.0.0.1
2026.09.04 15:16:29 INFO  [main]: org.jivesoftware.openfire.muc.spi.MultiUserChatServiceImpl - Dominio de Chat Multi-usuario: conference.127.0.0.1
2026.09.04 15:16:29 INFO  [main]: org.jivesoftware.openfire.XMPPServer - Openfire 4.5.0 Alpha [Sep 4, 2026, 3:16:29 PM]
2026.09.04 15:16:30 WARN  [pool-5-thread-1]: org.jivesoftware.openfire.container.AdminConsolePlugin - Admin console: Identity store does not have any certificates. HTTPS will be unavailable.
2026.09.04 15:16:30 INFO  [main]: org.jivesoftware.openfire.XMPPServer - Accessing SystemProperty field org.jivesoftware.openfire.auth.AuthFactory#PASSWORD_KEY
2026.09.04 15:16:30 INFO  [main]: org.jivesoftware.openfire.XMPPServer - Accessing SystemProperty field org.jivesoftware.openfire.auth.AuthFactory#AUTH_PROVIDER
2026.09.04 15:16:30 INFO  [main]: org.jivesoftware.openfire.XMPPServer - Accessing SystemProperty field org.jivesoftware.openfire.sasl.ScramSha1SaslServer#ITERATION_COUNT
2026.09.04 15:16:30 INFO  [main]: org.jivesoftware.openfire.XMPPServer - Accessing SystemProperty field org.jivesoftware.openfire.vcard.VCardManager#VCARD_PROVIDER
2026.09.04 15:16:30 INFO  [main]: org.jivesoftware.openfire.XMPPServer - Accessing SystemProperty field org.jivesoftware.openfire.auth.HybridAuthProvider#PRIMARY_PROVIDER
2026.09.04 15:16:30 INFO  [main]: org.jivesoftware.openfire.XMPPServer - Accessing SystemProperty field org.jivesoftware.openfire.auth.HybridAuthProvider#SECONDARY_PROVIDER
2026.09.04 15:16:30 INFO  [main]: org.jivesoftware.openfire.XMPPServer - Accessing SystemProperty field org.jivesoftware.openfire.auth.HybridAuthProvider#TERTIARY_PROVIDER
2026.09.04 15:16:31 INFO  [main]: org.jivesoftware.openfire.XMPPServer - Accessing SystemProperty field org.jivesoftware.openfire.lockout.LockOutManager#LOCKOUT_PROVIDER
2026.09.04 15:16:31 INFO  [main]: org.jivesoftware.openfire.XMPPServer - Accessing SystemProperty field org.jivesoftware.openfire.user.UserManager#USER_PROVIDER
2026.09.04 15:16:31 INFO  [main]: org.jivesoftware.openfire.XMPPServer - Accessing SystemProperty field org.jivesoftware.openfire.user.UserManager#REMOTE_DISCO_INFO_TIMEOUT
2026.09.04 15:16:31 INFO  [main]: org.jivesoftware.openfire.XMPPServer - Accessing SystemProperty field org.jivesoftware.openfire.user.UserManager#USER_PROPERTY_PROVIDER
2026.09.04 15:16:31 INFO  [main]: org.jivesoftware.openfire.XMPPServer - Accessing SystemProperty field org.jivesoftware.openfire.SessionManager#CONFLICT_LIMIT
2026.09.04 15:16:31 INFO  [main]: org.jivesoftware.openfire.XMPPServer - Accessing SystemProperty field org.jivesoftware.openfire.group.GroupManager#GROUP_PROVIDER
2026.09.04 15:16:31 INFO  [main]: org.jivesoftware.openfire.XMPPServer - Accessing SystemProperty field org.jivesoftware.openfire.muc.spi.IQMuclumbusSearchHandler#PROPERTY_ENABLED
2026.09.04 15:16:31 INFO  [main]: org.jivesoftware.openfire.XMPPServer - Accessing SystemProperty field org.jivesoftware.openfire.sasl.AnonymousSaslServer#ENABLED
2026.09.04 15:16:31 INFO  [main]: org.jivesoftware.openfire.XMPPServer - Accessing SystemProperty field org.jivesoftware.openfire.net.SASLAuthentication#SKIP_PEER_CERT_REVALIDATION_CLIENT
2026.09.04 15:16:31 INFO  [main]: org.jivesoftware.openfire.net.SASLAuthentication - Support added for the 'ANONYMOUS' SASL mechanism.
2026.09.04 15:16:31 INFO  [main]: org.jivesoftware.openfire.net.SASLAuthentication - Support added for the 'PLAIN' SASL mechanism.
2026.09.04 15:16:31 INFO  [main]: org.jivesoftware.openfire.net.SASLAuthentication - Support added for the 'DIGEST-MD5' SASL mechanism.
2026.09.04 15:16:31 INFO  [main]: org.jivesoftware.openfire.net.SASLAuthentication - Support added for the 'CRAM-MD5' SASL mechanism.
2026.09.04 15:16:31 INFO  [main]: org.jivesoftware.openfire.net.SASLAuthentication - Support added for the 'SCRAM-SHA-1' SASL mechanism.
2026.09.04 15:16:31 INFO  [main]: org.jivesoftware.openfire.net.SASLAuthentication - Support added for the 'JIVE-SHAREDSECRET' SASL mechanism.
2026.09.04 15:16:31 INFO  [main]: org.jivesoftware.openfire.net.SASLAuthentication - Support added for the 'GSSAPI' SASL mechanism.
2026.09.04 15:16:31 INFO  [main]: org.jivesoftware.openfire.net.SASLAuthentication - Support added for the 'EXTERNAL' SASL mechanism.
2026.09.04 15:16:31 INFO  [main]: org.jivesoftware.openfire.XMPPServer - Accessing SystemProperty field org.jivesoftware.openfire.XMPPServerInfo#XMPP_DOMAIN
2026.09.04 15:16:31 INFO  [main]: org.jivesoftware.openfire.XMPPServer - Accessing SystemProperty field org.jivesoftware.openfire.sasl.ExternalClientSaslServer#PROPERTY_SASL_EXTERNAL_CLIENT_SUPPRESS_MATCHING_REALMNAME
2026.09.04 15:16:31 INFO  [main]: org.jivesoftware.openfire.XMPPServer - Accessing SystemProperty field org.jivesoftware.openfire.admin.AdminManager#ADMIN_PROVIDER
2026.09.04 15:16:31 INFO  [main]: org.jivesoftware.openfire.XMPPServer - Accessing SystemProperty field org.jivesoftware.openfire.security.SecurityAuditManager#AUDIT_PROVIDER
2026.09.04 15:16:31 INFO  [main]: org.jivesoftware.openfire.XMPPServer - Accessing SystemProperty field org.jivesoftware.openfire.admin.DefaultAdminProvider#ADMIN_JIDS
2026.09.04 15:16:31 INFO  [main]: org.jivesoftware.openfire.XMPPServer - Accessing SystemProperty field org.jivesoftware.openfire.cluster.ClusterMonitor#ENABLED
2026.09.04 15:16:31 INFO  [main]: org.jivesoftware.openfire.XMPPServer - Accessing SystemProperty field org.jivesoftware.openfire.ldap.LdapVCardProvider#STORE_AVATAR_IN_DB
2026.09.04 15:16:31 INFO  [main]: org.jivesoftware.openfire.XMPPServer - Accessing SystemProperty field org.jivesoftware.openfire.spi.EncryptionArtifactFactory#TRUST_MANAGER_CLASS
2026.09.04 15:16:31 INFO  [main]: org.jivesoftware.openfire.XMPPServer - Accessing SystemProperty field org.jivesoftware.openfire.update.UpdateManager#ENABLED
2026.09.04 15:16:31 INFO  [main]: org.jivesoftware.openfire.XMPPServer - Accessing SystemProperty field org.jivesoftware.openfire.update.UpdateManager#NOTIFY_ADMINS
2026.09.04 15:16:31 INFO  [main]: org.jivesoftware.openfire.XMPPServer - Accessing SystemProperty field org.jivesoftware.openfire.update.UpdateManager#LAST_UPDATE_CHECK
2026.09.04 15:16:31 INFO  [main]: org.jivesoftware.openfire.XMPPServer - Accessing SystemProperty field org.jivesoftware.openfire.update.UpdateManager#UPDATE_FREQUENCY
2026.09.04 15:16:31 INFO  [main]: org.jivesoftware.openfire.XMPPServer - Accessing SystemProperty field org.jivesoftware.openfire.update.UpdateManager#PROXY_HOST
2026.09.04 15:16:31 INFO  [main]: org.jivesoftware.openfire.XMPPServer - Accessing SystemProperty field org.jivesoftware.openfire.update.UpdateManager#PROXY_PORT
2026.09.04 15:16:31 INFO  [pool-5-thread-1]: org.jivesoftware.util.cache.CacheFactory - Created cache [org.jivesoftware.util.cache.DefaultLocalCacheStrategy] for Favicon Misses
2026.09.04 15:16:31 INFO  [pool-5-thread-1]: org.jivesoftware.util.cache.CacheFactory - Created cache [org.jivesoftware.util.cache.DefaultLocalCacheStrategy] for Favicon Hits
2026.09.04 15:16:31 INFO  [pool-5-thread-1]: org.jivesoftware.openfire.container.AdminConsolePlugin - Consola de administración escuchando en http://127.0.0.1:9090
2026.09.04 15:16:32 INFO  [pool-5-thread-1]: org.jivesoftware.openfire.container.PluginManager - Successfully loaded plugin 'admin'.
2026.09.04 15:16:32 INFO  [pool-6-thread-2]: org.jivesoftware.openfire.container.PluginManager - Successfully loaded plugin 'nonsaslauthentication'.
2026.09.04 15:16:32 INFO  [pool-6-thread-4]: org.jivesoftware.openfire.container.PluginManager - Successfully loaded plugin 'search'.
2026.09.04 15:16:33 INFO  [pool-6-thread-3]: org.jivesoftware.openfire.container.PluginManager - Successfully loaded plugin 'restapi'.
2026.09.04 15:16:34 INFO  [pool-5-thread-1]: org.jivesoftware.openfire.container.PluginMonitor - Finished processing all plugins.
2026.09.04 15:16:34 INFO  [pool-5-thread-1]: org.jivesoftware.openfire.spi.ConnectionListener[socket_c2s] - Started.
2026.09.04 15:16:34 INFO  [pool-5-thread-1]: org.jivesoftware.openfire.spi.ConnectionListener[socket_c2s-legacyMode] - Started.
2026.09.04 15:16:34 WARN  [pool-5-thread-1]: org.jivesoftware.openfire.spi.LegacyConnectionAcceptor - Configuration allows for up to 16 threads, although implementation is limited to exactly one.
2026.09.04 15:16:34 INFO  [pool-5-thread-1]: org.jivesoftware.openfire.spi.ConnectionListener[socket_s2s] - Started.
2026.09.04 15:16:34 WARN  [pool-5-thread-1]: org.jivesoftware.openfire.spi.LegacyConnectionAcceptor - Configuration allows for up to 16 threads, although implementation is limited to exactly one.
2026.09.04 15:16:34 INFO  [pool-5-thread-1]: org.jivesoftware.openfire.spi.ConnectionListener[socket_s2s-legacyMode] - Started.
2026.09.04 15:16:34 INFO  [pool-5-thread-1]: org.jivesoftware.openfire.spi.ConnectionListener[component] - Started.
2026.09.04 15:16:34 INFO  [pool-5-thread-1]: org.jivesoftware.openfire.spi.ConnectionListener[component-legacyMode] - Started.
2026.09.04 15:16:34 INFO  [pool-5-thread-1]: org.jivesoftware.openfire.spi.ConnectionListener[connection_manager] - Started.
2026.09.04 15:16:34 INFO  [pool-5-thread-1]: org.jivesoftware.openfire.spi.ConnectionListener[connection_manager-legacyMode] - Started.
2026.09.04 15:16:34 INFO  [pool-5-thread-1]: org.jivesoftware.openfire.http.HttpSessionManager - Starting instance
2026.09.04 15:16:34 INFO  [pool-5-thread-1]: org.jivesoftware.openfire.http.HttpBindManager - HTTP bind service started
2026.09.04 15:17:06 INFO  [socket_c2s-thread-3]: org.jivesoftware.util.cache.CacheFactory - Created cache [org.jivesoftware.util.cache.DefaultLocalCacheStrategy] for Locked Out Accounts
2026.09.04 15:59:47 WARN  [socket_c2s-thread-2]: org.jivesoftware.openfire.nio.ConnectionHandler - Closing connection due to exception in session: (0x00000002: nio socket, server, null => 0.0.0.0/0.0.0.0:5222)
java.io.IOException: Se ha forzado la interrupción de una conexión existente por el host remoto
	at sun.nio.ch.SocketDispatcher.read0(Native Method) ~[?:?]
	at sun.nio.ch.SocketDispatcher.read(SocketDispatcher.java:43) ~[?:?]
	at sun.nio.ch.IOUtil.readIntoNativeBuffer(IOUtil.java:276) ~[?:?]
	at sun.nio.ch.IOUtil.read(IOUtil.java:245) ~[?:?]
	at sun.nio.ch.IOUtil.read(IOUtil.java:223) ~[?:?]
	at sun.nio.ch.SocketChannelImpl.read(SocketChannelImpl.java:356) ~[?:?]
	at org.apache.mina.transport.socket.nio.NioProcessor.read(NioProcessor.java:378) ~[mina-core-2.1.3.jar:?]
	at org.apache.mina.transport.socket.nio.NioProcessor.read(NioProcessor.java:47) ~[mina-core-2.1.3.jar:?]
	at org.apache.mina.core.polling.AbstractPollingIoProcessor.read(AbstractPollingIoProcessor.java:519) ~[mina-core-2.1.3.jar:?]
	at org.apache.mina.core.polling.AbstractPollingIoProcessor.access$1200(AbstractPollingIoProcessor.java:68) ~[mina-core-2.1.3.jar:?]
	at org.apache.mina.core.polling.AbstractPollingIoProcessor$Processor.process(AbstractPollingIoProcessor.java:1222) ~[mina-core-2.1.3.jar:?]
	at org.apache.mina.core.polling.AbstractPollingIoProcessor$Processor.process(AbstractPollingIoProcessor.java:1211) ~[mina-core-2.1.3.jar:?]
	at org.apache.mina.core.polling.AbstractPollingIoProcessor$Processor.run(AbstractPollingIoProcessor.java:683) ~[mina-core-2.1.3.jar:?]
	at org.apache.mina.util.NamePreservingRunnable.run(NamePreservingRunnable.java:64) ~[mina-core-2.1.3.jar:?]
	at java.util.concurrent.ThreadPoolExecutor.runWorker(ThreadPoolExecutor.java:1128) ~[?:?]
	at java.util.concurrent.ThreadPoolExecutor$Worker.run(ThreadPoolExecutor.java:628) ~[?:?]
	at java.lang.Thread.run(Thread.java:829) [?:?]
2026.09.04 16:02:41 INFO  [main]: org.jivesoftware.openfire.XMPPServer - Registering shutdown hook (standalone mode)
2026.09.04 16:02:41 INFO  [main]: hsqldb.db.HSQLDBA0638C63BF.ENGINE - checkpointClose start
2026.09.04 16:02:41 INFO  [main]: hsqldb.db.HSQLDBA0638C63BF.ENGINE - checkpointClose synched
2026.09.04 16:02:41 INFO  [main]: hsqldb.db.HSQLDBA0638C63BF.ENGINE - checkpointClose script done
2026.09.04 16:02:41 INFO  [main]: hsqldb.db.HSQLDBA0638C63BF.ENGINE - checkpointClose end
2026.09.04 16:02:41 INFO  [main]: org.jivesoftware.util.cache.CacheFactory - Created cache [org.jivesoftware.util.cache.DefaultLocalCacheStrategy] for Routing Servers Cache
2026.09.04 16:02:41 INFO  [main]: org.jivesoftware.util.cache.CacheFactory - Created cache [org.jivesoftware.util.cache.DefaultLocalCacheStrategy] for Routing Components Cache
2026.09.04 16:02:41 INFO  [main]: org.jivesoftware.util.cache.CacheFactory - Created cache [org.jivesoftware.util.cache.DefaultLocalCacheStrategy] for Routing Users Cache
2026.09.04 16:02:41 INFO  [main]: org.jivesoftware.util.cache.CacheFactory - Created cache [org.jivesoftware.util.cache.DefaultLocalCacheStrategy] for Routing AnonymousUsers Cache
2026.09.04 16:02:41 INFO  [main]: org.jivesoftware.util.cache.CacheFactory - Created cache [org.jivesoftware.util.cache.DefaultLocalCacheStrategy] for Routing User Sessions
2026.09.04 16:02:41 INFO  [main]: org.jivesoftware.util.cache.CacheFactory - Created cache [org.jivesoftware.util.cache.DefaultLocalCacheStrategy] for Roster
2026.09.04 16:02:41 INFO  [main]: org.jivesoftware.util.cache.CacheFactory - Created cache [org.jivesoftware.util.cache.DefaultLocalCacheStrategy] for RosterItems
2026.09.04 16:02:41 INFO  [main]: org.jivesoftware.util.cache.CacheFactory - Created cache [org.jivesoftware.util.cache.DefaultLocalCacheStrategy] for Multicast Service
2026.09.04 16:02:41 INFO  [main]: org.jivesoftware.util.cache.CacheFactory - Created cache [org.jivesoftware.util.cache.DefaultLocalCacheStrategy] for Offline Message Size
2026.09.04 16:02:41 INFO  [main]: org.jivesoftware.util.cache.CacheFactory - Created cache [org.jivesoftware.util.cache.DefaultLocalCacheStrategy] for VCard
2026.09.04 16:02:41 INFO  [main]: org.jivesoftware.util.cache.CacheFactory - Created cache [org.jivesoftware.util.cache.DefaultLocalCacheStrategy] for Privacy Lists
2026.09.04 16:02:41 INFO  [main]: org.jivesoftware.util.cache.CacheFactory - Created cache [org.jivesoftware.util.cache.DefaultLocalCacheStrategy] for File Transfer Cache
2026.09.04 16:02:41 INFO  [main]: org.jivesoftware.util.cache.CacheFactory - Created cache [org.jivesoftware.util.cache.DefaultLocalCacheStrategy] for Offline Presence Cache
2026.09.04 16:02:41 INFO  [main]: org.jivesoftware.util.cache.CacheFactory - Created cache [org.jivesoftware.util.cache.DefaultLocalCacheStrategy] for Last Activity Cache
2026.09.04 16:02:41 INFO  [main]: org.jivesoftware.util.cache.CacheFactory - Created cache [org.jivesoftware.util.cache.DefaultLocalCacheStrategy] for User
2026.09.04 16:02:41 INFO  [main]: org.jivesoftware.util.cache.CacheFactory - Created cache [org.jivesoftware.util.cache.DefaultLocalCacheStrategy] for Remote Users Existence
2026.09.04 16:02:41 INFO  [main]: org.jivesoftware.util.cache.CacheFactory - Created cache [org.jivesoftware.util.cache.DefaultLocalCacheStrategy] for Components Sessions
2026.09.04 16:02:41 INFO  [main]: org.jivesoftware.util.cache.CacheFactory - Created cache [org.jivesoftware.util.cache.DefaultLocalCacheStrategy] for Connection Managers Sessions
2026.09.04 16:02:41 INFO  [main]: org.jivesoftware.util.cache.CacheFactory - Created cache [org.jivesoftware.util.cache.DefaultLocalCacheStrategy] for Incoming Server Sessions
2026.09.04 16:02:41 INFO  [main]: org.jivesoftware.util.cache.CacheFactory - Created cache [org.jivesoftware.util.cache.DefaultLocalCacheStrategy] for Sessions by Hostname
2026.09.04 16:02:41 INFO  [main]: org.jivesoftware.util.cache.CacheFactory - Created cache [org.jivesoftware.util.cache.DefaultLocalCacheStrategy] for Validated Domains
2026.09.04 16:02:41 INFO  [main]: org.jivesoftware.util.cache.CacheFactory - Created cache [org.jivesoftware.util.cache.DefaultLocalCacheStrategy] for Client Session Info Cache
2026.09.04 16:02:41 INFO  [main]: org.jivesoftware.util.cache.CacheFactory - Created cache [org.jivesoftware.util.cache.DefaultLocalCacheStrategy] for Directed Presences
2026.09.04 16:02:41 INFO  [main]: org.jivesoftware.util.cache.CacheFactory - Created local-only cache [org.jivesoftware.util.cache.DefaultLocalCacheStrategy] for PEPServiceManager
2026.09.04 16:02:41 INFO  [main]: org.jivesoftware.util.cache.CacheFactory - Created cache [org.jivesoftware.util.cache.DefaultLocalCacheStrategy] for File Transfer
2026.09.04 16:02:41 INFO  [main]: org.jivesoftware.util.cache.CacheFactory - Created cache [org.jivesoftware.util.cache.DefaultLocalCacheStrategy] for Published Items
2026.09.04 16:02:41 INFO  [main]: org.jivesoftware.util.cache.CacheFactory - Created cache [org.jivesoftware.util.cache.DefaultLocalCacheStrategy] for Disco Server Features
2026.09.04 16:02:41 INFO  [main]: org.jivesoftware.util.cache.CacheFactory - Created cache [org.jivesoftware.util.cache.DefaultLocalCacheStrategy] for Disco Server Items
2026.09.04 16:02:41 INFO  [main]: org.jivesoftware.util.cache.CacheFactory - Created cache [org.jivesoftware.util.cache.DefaultLocalCacheStrategy] for Components
2026.09.04 16:02:41 INFO  [main]: org.jivesoftware.util.cache.CacheFactory - Created local-only cache [org.jivesoftware.util.cache.DefaultLocalCacheStrategy] for Entity Capabilities
2026.09.04 16:02:41 INFO  [main]: org.jivesoftware.util.cache.CacheFactory - Created local-only cache [org.jivesoftware.util.cache.DefaultLocalCacheStrategy] for Entity Capabilities Users
2026.09.04 16:02:41 INFO  [main]: org.jivesoftware.util.cache.CacheFactory - Created cache [org.jivesoftware.util.cache.DefaultLocalCacheStrategy] for Group
2026.09.04 16:02:41 INFO  [main]: org.jivesoftware.util.cache.CacheFactory - Created cache [org.jivesoftware.util.cache.DefaultLocalCacheStrategy] for Group Metadata Cache
2026.09.04 16:02:41 INFO  [main]: org.jivesoftware.openfire.pubsub.PubSubModule - Dominio de Publicar-Suscribir: pubsub.127.0.0.1
2026.09.04 16:02:41 INFO  [main]: org.jivesoftware.openfire.muc.spi.MultiUserChatServiceImpl - Dominio de Chat Multi-usuario: conference.127.0.0.1
2026.09.04 16:02:41 INFO  [main]: org.jivesoftware.openfire.XMPPServer - Openfire 4.5.0 Alpha [Sep 4, 2026, 4:02:41 PM]
2026.09.04 16:02:42 WARN  [pool-5-thread-1]: org.jivesoftware.openfire.container.AdminConsolePlugin - Admin console: Identity store does not have any certificates. HTTPS will be unavailable.
2026.09.04 16:02:42 INFO  [main]: org.jivesoftware.openfire.XMPPServer - Accessing SystemProperty field org.jivesoftware.openfire.auth.AuthFactory#PASSWORD_KEY
2026.09.04 16:02:42 INFO  [main]: org.jivesoftware.openfire.XMPPServer - Accessing SystemProperty field org.jivesoftware.openfire.auth.AuthFactory#AUTH_PROVIDER
2026.09.04 16:02:42 INFO  [main]: org.jivesoftware.openfire.XMPPServer - Accessing SystemProperty field org.jivesoftware.openfire.sasl.ScramSha1SaslServer#ITERATION_COUNT
2026.09.04 16:02:42 INFO  [main]: org.jivesoftware.openfire.XMPPServer - Accessing SystemProperty field org.jivesoftware.openfire.vcard.VCardManager#VCARD_PROVIDER
2026.09.04 16:02:42 INFO  [main]: org.jivesoftware.openfire.XMPPServer - Accessing SystemProperty field org.jivesoftware.openfire.auth.HybridAuthProvider#PRIMARY_PROVIDER
2026.09.04 16:02:42 INFO  [main]: org.jivesoftware.openfire.XMPPServer - Accessing SystemProperty field org.jivesoftware.openfire.auth.HybridAuthProvider#SECONDARY_PROVIDER
2026.09.04 16:02:42 INFO  [main]: org.jivesoftware.openfire.XMPPServer - Accessing SystemProperty field org.jivesoftware.openfire.auth.HybridAuthProvider#TERTIARY_PROVIDER
2026.09.04 16:02:42 INFO  [main]: org.jivesoftware.openfire.XMPPServer - Accessing SystemProperty field org.jivesoftware.openfire.lockout.LockOutManager#LOCKOUT_PROVIDER
2026.09.04 16:02:42 INFO  [main]: org.jivesoftware.openfire.XMPPServer - Accessing SystemProperty field org.jivesoftware.openfire.user.UserManager#USER_PROVIDER
2026.09.04 16:02:42 INFO  [main]: org.jivesoftware.openfire.XMPPServer - Accessing SystemProperty field org.jivesoftware.openfire.user.UserManager#REMOTE_DISCO_INFO_TIMEOUT
2026.09.04 16:02:42 INFO  [main]: org.jivesoftware.openfire.XMPPServer - Accessing SystemProperty field org.jivesoftware.openfire.user.UserManager#USER_PROPERTY_PROVIDER
2026.09.04 16:02:42 INFO  [main]: org.jivesoftware.openfire.XMPPServer - Accessing SystemProperty field org.jivesoftware.openfire.SessionManager#CONFLICT_LIMIT
2026.09.04 16:02:42 INFO  [main]: org.jivesoftware.openfire.XMPPServer - Accessing SystemProperty field org.jivesoftware.openfire.group.GroupManager#GROUP_PROVIDER
2026.09.04 16:02:42 INFO  [main]: org.jivesoftware.openfire.XMPPServer - Accessing SystemProperty field org.jivesoftware.openfire.muc.spi.IQMuclumbusSearchHandler#PROPERTY_ENABLED
2026.09.04 16:02:42 INFO  [main]: org.jivesoftware.openfire.XMPPServer - Accessing SystemProperty field org.jivesoftware.openfire.sasl.AnonymousSaslServer#ENABLED
2026.09.04 16:02:42 INFO  [main]: org.jivesoftware.openfire.XMPPServer - Accessing SystemProperty field org.jivesoftware.openfire.net.SASLAuthentication#SKIP_PEER_CERT_REVALIDATION_CLIENT
2026.09.04 16:02:42 INFO  [main]: org.jivesoftware.openfire.net.SASLAuthentication - Support added for the 'ANONYMOUS' SASL mechanism.
2026.09.04 16:02:42 INFO  [main]: org.jivesoftware.openfire.net.SASLAuthentication - Support added for the 'PLAIN' SASL mechanism.
2026.09.04 16:02:42 INFO  [main]: org.jivesoftware.openfire.net.SASLAuthentication - Support added for the 'DIGEST-MD5' SASL mechanism.
2026.09.04 16:02:42 INFO  [main]: org.jivesoftware.openfire.net.SASLAuthentication - Support added for the 'CRAM-MD5' SASL mechanism.
2026.09.04 16:02:42 INFO  [main]: org.jivesoftware.openfire.net.SASLAuthentication - Support added for the 'SCRAM-SHA-1' SASL mechanism.
2026.09.04 16:02:42 INFO  [main]: org.jivesoftware.openfire.net.SASLAuthentication - Support added for the 'JIVE-SHAREDSECRET' SASL mechanism.
2026.09.04 16:02:42 INFO  [main]: org.jivesoftware.openfire.net.SASLAuthentication - Support added for the 'GSSAPI' SASL mechanism.
2026.09.04 16:02:42 INFO  [main]: org.jivesoftware.openfire.net.SASLAuthentication - Support added for the 'EXTERNAL' SASL mechanism.
2026.09.04 16:02:42 INFO  [main]: org.jivesoftware.openfire.XMPPServer - Accessing SystemProperty field org.jivesoftware.openfire.XMPPServerInfo#XMPP_DOMAIN
2026.09.04 16:02:42 INFO  [main]: org.jivesoftware.openfire.XMPPServer - Accessing SystemProperty field org.jivesoftware.openfire.sasl.ExternalClientSaslServer#PROPERTY_SASL_EXTERNAL_CLIENT_SUPPRESS_MATCHING_REALMNAME
2026.09.04 16:02:42 INFO  [main]: org.jivesoftware.openfire.XMPPServer - Accessing SystemProperty field org.jivesoftware.openfire.admin.AdminManager#ADMIN_PROVIDER
2026.09.04 16:02:42 INFO  [pool-5-thread-1]: org.jivesoftware.util.cache.CacheFactory - Created cache [org.jivesoftware.util.cache.DefaultLocalCacheStrategy] for Favicon Misses
2026.09.04 16:02:42 INFO  [pool-5-thread-1]: org.jivesoftware.util.cache.CacheFactory - Created cache [org.jivesoftware.util.cache.DefaultLocalCacheStrategy] for Favicon Hits
2026.09.04 16:02:42 INFO  [pool-5-thread-1]: org.jivesoftware.openfire.container.AdminConsolePlugin - Consola de administración escuchando en http://127.0.0.1:9090
2026.09.04 16:02:42 INFO  [main]: org.jivesoftware.openfire.XMPPServer - Accessing SystemProperty field org.jivesoftware.openfire.security.SecurityAuditManager#AUDIT_PROVIDER
2026.09.04 16:02:42 INFO  [main]: org.jivesoftware.openfire.XMPPServer - Accessing SystemProperty field org.jivesoftware.openfire.admin.DefaultAdminProvider#ADMIN_JIDS
2026.09.04 16:02:42 INFO  [main]: org.jivesoftware.openfire.XMPPServer - Accessing SystemProperty field org.jivesoftware.openfire.cluster.ClusterMonitor#ENABLED
2026.09.04 16:02:42 INFO  [main]: org.jivesoftware.openfire.XMPPServer - Accessing SystemProperty field org.jivesoftware.openfire.ldap.LdapVCardProvider#STORE_AVATAR_IN_DB
2026.09.04 16:02:42 INFO  [main]: org.jivesoftware.openfire.XMPPServer - Accessing SystemProperty field org.jivesoftware.openfire.spi.EncryptionArtifactFactory#TRUST_MANAGER_CLASS
2026.09.04 16:02:42 INFO  [main]: org.jivesoftware.openfire.XMPPServer - Accessing SystemProperty field org.jivesoftware.openfire.update.UpdateManager#ENABLED
2026.09.04 16:02:42 INFO  [main]: org.jivesoftware.openfire.XMPPServer - Accessing SystemProperty field org.jivesoftware.openfire.update.UpdateManager#NOTIFY_ADMINS
2026.09.04 16:02:42 INFO  [main]: org.jivesoftware.openfire.XMPPServer - Accessing SystemProperty field org.jivesoftware.openfire.update.UpdateManager#LAST_UPDATE_CHECK
2026.09.04 16:02:42 INFO  [main]: org.jivesoftware.openfire.XMPPServer - Accessing SystemProperty field org.jivesoftware.openfire.update.UpdateManager#UPDATE_FREQUENCY
2026.09.04 16:02:42 INFO  [main]: org.jivesoftware.openfire.XMPPServer - Accessing SystemProperty field org.jivesoftware.openfire.update.UpdateManager#PROXY_HOST
2026.09.04 16:02:42 INFO  [main]: org.jivesoftware.openfire.XMPPServer - Accessing SystemProperty field org.jivesoftware.openfire.update.UpdateManager#PROXY_PORT
2026.09.04 16:02:42 INFO  [pool-5-thread-1]: org.jivesoftware.openfire.container.PluginManager - Successfully loaded plugin 'admin'.
2026.09.04 16:02:42 INFO  [pool-6-thread-2]: org.jivesoftware.openfire.container.PluginManager - Successfully loaded plugin 'nonsaslauthentication'.
2026.09.04 16:02:42 INFO  [pool-6-thread-4]: org.jivesoftware.openfire.container.PluginManager - Successfully loaded plugin 'search'.
2026.09.04 16:02:43 INFO  [pool-6-thread-3]: org.jivesoftware.openfire.container.PluginManager - Successfully loaded plugin 'restapi'.
2026.09.04 16:02:43 INFO  [pool-5-thread-1]: org.jivesoftware.openfire.container.PluginMonitor - Finished processing all plugins.
2026.09.04 16:02:43 INFO  [pool-5-thread-1]: org.jivesoftware.openfire.spi.ConnectionListener[socket_c2s] - Started.
2026.09.04 16:02:43 INFO  [pool-5-thread-1]: org.jivesoftware.openfire.spi.ConnectionListener[socket_c2s-legacyMode] - Started.
2026.09.04 16:02:43 WARN  [pool-5-thread-1]: org.jivesoftware.openfire.spi.LegacyConnectionAcceptor - Configuration allows for up to 16 threads, although implementation is limited to exactly one.
2026.09.04 16:02:43 INFO  [pool-5-thread-1]: org.jivesoftware.openfire.spi.ConnectionListener[socket_s2s] - Started.
2026.09.04 16:02:43 WARN  [pool-5-thread-1]: org.jivesoftware.openfire.spi.LegacyConnectionAcceptor - Configuration allows for up to 16 threads, although implementation is limited to exactly one.
2026.09.04 16:02:43 INFO  [pool-5-thread-1]: org.jivesoftware.openfire.spi.ConnectionListener[socket_s2s-legacyMode] - Started.
2026.09.04 16:02:43 INFO  [pool-5-thread-1]: org.jivesoftware.openfire.spi.ConnectionListener[component] - Started.
2026.09.04 16:02:43 INFO  [pool-5-thread-1]: org.jivesoftware.openfire.spi.ConnectionListener[component-legacyMode] - Started.
2026.09.04 16:02:43 INFO  [pool-5-thread-1]: org.jivesoftware.openfire.spi.ConnectionListener[connection_manager] - Started.
2026.09.04 16:02:43 INFO  [pool-5-thread-1]: org.jivesoftware.openfire.spi.ConnectionListener[connection_manager-legacyMode] - Started.
2026.09.04 16:02:43 INFO  [pool-5-thread-1]: org.jivesoftware.openfire.http.HttpSessionManager - Starting instance
2026.09.04 16:02:43 INFO  [pool-5-thread-1]: org.jivesoftware.openfire.http.HttpBindManager - HTTP bind service started
2026.09.04 16:03:05 INFO  [socket_c2s-thread-3]: org.jivesoftware.util.cache.CacheFactory - Created cache [org.jivesoftware.util.cache.DefaultLocalCacheStrategy] for Locked Out Accounts
2026.09.04 16:03:08 WARN  [socket_c2s-thread-3]: org.jivesoftware.openfire.nio.ConnectionHandler - Closing connection due to exception in session: (0x00000002: nio socket, server, null => 0.0.0.0/0.0.0.0:5222)
java.io.IOException: Se ha forzado la interrupción de una conexión existente por el host remoto
	at sun.nio.ch.SocketDispatcher.read0(Native Method) ~[?:?]
	at sun.nio.ch.SocketDispatcher.read(SocketDispatcher.java:43) ~[?:?]
	at sun.nio.ch.IOUtil.readIntoNativeBuffer(IOUtil.java:276) ~[?:?]
	at sun.nio.ch.IOUtil.read(IOUtil.java:245) ~[?:?]
	at sun.nio.ch.IOUtil.read(IOUtil.java:223) ~[?:?]
	at sun.nio.ch.SocketChannelImpl.read(SocketChannelImpl.java:356) ~[?:?]
	at org.apache.mina.transport.socket.nio.NioProcessor.read(NioProcessor.java:378) ~[mina-core-2.1.3.jar:?]
	at org.apache.mina.transport.socket.nio.NioProcessor.read(NioProcessor.java:47) ~[mina-core-2.1.3.jar:?]
	at org.apache.mina.core.polling.AbstractPollingIoProcessor.read(AbstractPollingIoProcessor.java:519) ~[mina-core-2.1.3.jar:?]
	at org.apache.mina.core.polling.AbstractPollingIoProcessor.access$1200(AbstractPollingIoProcessor.java:68) ~[mina-core-2.1.3.jar:?]
	at org.apache.mina.core.polling.AbstractPollingIoProcessor$Processor.process(AbstractPollingIoProcessor.java:1222) ~[mina-core-2.1.3.jar:?]
	at org.apache.mina.core.polling.AbstractPollingIoProcessor$Processor.process(AbstractPollingIoProcessor.java:1211) ~[mina-core-2.1.3.jar:?]
	at org.apache.mina.core.polling.AbstractPollingIoProcessor$Processor.run(AbstractPollingIoProcessor.java:683) ~[mina-core-2.1.3.jar:?]
	at org.apache.mina.util.NamePreservingRunnable.run(NamePreservingRunnable.java:64) ~[mina-core-2.1.3.jar:?]
	at java.util.concurrent.ThreadPoolExecutor.runWorker(ThreadPoolExecutor.java:1128) ~[?:?]
	at java.util.concurrent.ThreadPoolExecutor$Worker.run(ThreadPoolExecutor.java:628) ~[?:?]
	at java.lang.Thread.run(Thread.java:829) [?:?]
2026.09.04 16:05:23 WARN  [socket_c2s-thread-2]: org.jivesoftware.openfire.nio.ConnectionHandler - Closing connection due to exception in session: (0x00000003: nio socket, server, /192.168.1.235:55174 => 0.0.0.0/0.0.0.0:5222)
java.io.IOException: Se ha forzado la interrupción de una conexión existente por el host remoto
	at sun.nio.ch.SocketDispatcher.read0(Native Method) ~[?:?]
	at sun.nio.ch.SocketDispatcher.read(SocketDispatcher.java:43) ~[?:?]
	at sun.nio.ch.IOUtil.readIntoNativeBuffer(IOUtil.java:276) ~[?:?]
	at sun.nio.ch.IOUtil.read(IOUtil.java:245) ~[?:?]
	at sun.nio.ch.IOUtil.read(IOUtil.java:223) ~[?:?]
	at sun.nio.ch.SocketChannelImpl.read(SocketChannelImpl.java:356) ~[?:?]
	at org.apache.mina.transport.socket.nio.NioProcessor.read(NioProcessor.java:378) ~[mina-core-2.1.3.jar:?]
	at org.apache.mina.transport.socket.nio.NioProcessor.read(NioProcessor.java:47) ~[mina-core-2.1.3.jar:?]
	at org.apache.mina.core.polling.AbstractPollingIoProcessor.read(AbstractPollingIoProcessor.java:519) ~[mina-core-2.1.3.jar:?]
	at org.apache.mina.core.polling.AbstractPollingIoProcessor.access$1200(AbstractPollingIoProcessor.java:68) ~[mina-core-2.1.3.jar:?]
	at org.apache.mina.core.polling.AbstractPollingIoProcessor$Processor.process(AbstractPollingIoProcessor.java:1222) ~[mina-core-2.1.3.jar:?]
	at org.apache.mina.core.polling.AbstractPollingIoProcessor$Processor.process(AbstractPollingIoProcessor.java:1211) ~[mina-core-2.1.3.jar:?]
	at org.apache.mina.core.polling.AbstractPollingIoProcessor$Processor.run(AbstractPollingIoProcessor.java:683) ~[mina-core-2.1.3.jar:?]
	at org.apache.mina.util.NamePreservingRunnable.run(NamePreservingRunnable.java:64) ~[mina-core-2.1.3.jar:?]
	at java.util.concurrent.ThreadPoolExecutor.runWorker(ThreadPoolExecutor.java:1128) ~[?:?]
	at java.util.concurrent.ThreadPoolExecutor$Worker.run(ThreadPoolExecutor.java:628) ~[?:?]
	at java.lang.Thread.run(Thread.java:829) [?:?]
2026.09.04 16:17:36 WARN  [socket_c2s-thread-3]: org.jivesoftware.openfire.nio.ClientConnectionHandler - Trying to ping a MINA connection that's idle, but has no corresponding Openfire session. MINA Connection: org.jivesoftware.openfire.nio.NIOConnection@a9da86 MINA Session: (0x00000004: nio socket, server, /192.168.1.235:63575 => /192.168.1.235:5222)
2026.09.04 21:16:16 ERROR [Update Manager]: org.jivesoftware.openfire.update.UpdateManager - Error: update service check did not save correctly. Stopping update service.
2026.09.04 23:02:20 INFO  [main]: org.jivesoftware.openfire.XMPPServer - Registering shutdown hook (standalone mode)
2026.09.04 23:02:20 INFO  [main]: hsqldb.db.HSQLDBA0638C63BF.ENGINE - checkpointClose start
2026.09.04 23:02:20 INFO  [main]: hsqldb.db.HSQLDBA0638C63BF.ENGINE - checkpointClose synched
2026.09.04 23:02:20 INFO  [main]: hsqldb.db.HSQLDBA0638C63BF.ENGINE - checkpointClose script done
2026.09.04 23:02:20 INFO  [main]: hsqldb.db.HSQLDBA0638C63BF.ENGINE - checkpointClose end
2026.09.04 23:02:20 INFO  [main]: org.jivesoftware.util.cache.CacheFactory - Created cache [org.jivesoftware.util.cache.DefaultLocalCacheStrategy] for Routing Servers Cache
2026.09.04 23:02:20 INFO  [main]: org.jivesoftware.util.cache.CacheFactory - Created cache [org.jivesoftware.util.cache.DefaultLocalCacheStrategy] for Routing Components Cache
2026.09.04 23:02:20 INFO  [main]: org.jivesoftware.util.cache.CacheFactory - Created cache [org.jivesoftware.util.cache.DefaultLocalCacheStrategy] for Routing Users Cache
2026.09.04 23:02:20 INFO  [main]: org.jivesoftware.util.cache.CacheFactory - Created cache [org.jivesoftware.util.cache.DefaultLocalCacheStrategy] for Routing AnonymousUsers Cache
2026.09.04 23:02:20 INFO  [main]: org.jivesoftware.util.cache.CacheFactory - Created cache [org.jivesoftware.util.cache.DefaultLocalCacheStrategy] for Routing User Sessions
2026.09.04 23:02:20 INFO  [main]: org.jivesoftware.util.cache.CacheFactory - Created cache [org.jivesoftware.util.cache.DefaultLocalCacheStrategy] for Roster
2026.09.04 23:02:20 INFO  [main]: org.jivesoftware.util.cache.CacheFactory - Created cache [org.jivesoftware.util.cache.DefaultLocalCacheStrategy] for RosterItems
2026.09.04 23:02:20 INFO  [main]: org.jivesoftware.util.cache.CacheFactory - Created cache [org.jivesoftware.util.cache.DefaultLocalCacheStrategy] for Multicast Service
2026.09.04 23:02:20 INFO  [main]: org.jivesoftware.util.cache.CacheFactory - Created cache [org.jivesoftware.util.cache.DefaultLocalCacheStrategy] for Offline Message Size
2026.09.04 23:02:20 INFO  [main]: org.jivesoftware.util.cache.CacheFactory - Created cache [org.jivesoftware.util.cache.DefaultLocalCacheStrategy] for VCard
2026.09.04 23:02:20 INFO  [main]: org.jivesoftware.util.cache.CacheFactory - Created cache [org.jivesoftware.util.cache.DefaultLocalCacheStrategy] for Privacy Lists
2026.09.04 23:02:20 INFO  [main]: org.jivesoftware.util.cache.CacheFactory - Created cache [org.jivesoftware.util.cache.DefaultLocalCacheStrategy] for File Transfer Cache
2026.09.04 23:02:20 INFO  [main]: org.jivesoftware.util.cache.CacheFactory - Created cache [org.jivesoftware.util.cache.DefaultLocalCacheStrategy] for Offline Presence Cache
2026.09.04 23:02:20 INFO  [main]: org.jivesoftware.util.cache.CacheFactory - Created cache [org.jivesoftware.util.cache.DefaultLocalCacheStrategy] for Last Activity Cache
2026.09.04 23:02:20 INFO  [main]: org.jivesoftware.util.cache.CacheFactory - Created cache [org.jivesoftware.util.cache.DefaultLocalCacheStrategy] for User
2026.09.04 23:02:20 INFO  [main]: org.jivesoftware.util.cache.CacheFactory - Created cache [org.jivesoftware.util.cache.DefaultLocalCacheStrategy] for Remote Users Existence
2026.09.04 23:02:20 INFO  [main]: org.jivesoftware.util.cache.CacheFactory - Created cache [org.jivesoftware.util.cache.DefaultLocalCacheStrategy] for Components Sessions
2026.09.04 23:02:20 INFO  [main]: org.jivesoftware.util.cache.CacheFactory - Created cache [org.jivesoftware.util.cache.DefaultLocalCacheStrategy] for Connection Managers Sessions
2026.09.04 23:02:20 INFO  [main]: org.jivesoftware.util.cache.CacheFactory - Created cache [org.jivesoftware.util.cache.DefaultLocalCacheStrategy] for Incoming Server Sessions
2026.09.04 23:02:20 INFO  [main]: org.jivesoftware.util.cache.CacheFactory - Created cache [org.jivesoftware.util.cache.DefaultLocalCacheStrategy] for Sessions by Hostname
2026.09.04 23:02:20 INFO  [main]: org.jivesoftware.util.cache.CacheFactory - Created cache [org.jivesoftware.util.cache.DefaultLocalCacheStrategy] for Validated Domains
2026.09.04 23:02:20 INFO  [main]: org.jivesoftware.util.cache.CacheFactory - Created cache [org.jivesoftware.util.cache.DefaultLocalCacheStrategy] for Client Session Info Cache
2026.09.04 23:02:20 INFO  [main]: org.jivesoftware.util.cache.CacheFactory - Created cache [org.jivesoftware.util.cache.DefaultLocalCacheStrategy] for Directed Presences
2026.09.04 23:02:20 INFO  [main]: org.jivesoftware.util.cache.CacheFactory - Created local-only cache [org.jivesoftware.util.cache.DefaultLocalCacheStrategy] for PEPServiceManager
2026.09.04 23:02:20 INFO  [main]: org.jivesoftware.util.cache.CacheFactory - Created cache [org.jivesoftware.util.cache.DefaultLocalCacheStrategy] for File Transfer
2026.09.04 23:02:20 INFO  [main]: org.jivesoftware.util.cache.CacheFactory - Created cache [org.jivesoftware.util.cache.DefaultLocalCacheStrategy] for Published Items
2026.09.04 23:02:20 INFO  [main]: org.jivesoftware.util.cache.CacheFactory - Created cache [org.jivesoftware.util.cache.DefaultLocalCacheStrategy] for Disco Server Features
2026.09.04 23:02:20 INFO  [main]: org.jivesoftware.util.cache.CacheFactory - Created cache [org.jivesoftware.util.cache.DefaultLocalCacheStrategy] for Disco Server Items
2026.09.04 23:02:20 INFO  [main]: org.jivesoftware.util.cache.CacheFactory - Created cache [org.jivesoftware.util.cache.DefaultLocalCacheStrategy] for Components
2026.09.04 23:02:20 INFO  [main]: org.jivesoftware.util.cache.CacheFactory - Created local-only cache [org.jivesoftware.util.cache.DefaultLocalCacheStrategy] for Entity Capabilities
2026.09.04 23:02:20 INFO  [main]: org.jivesoftware.util.cache.CacheFactory - Created local-only cache [org.jivesoftware.util.cache.DefaultLocalCacheStrategy] for Entity Capabilities Users
2026.09.04 23:02:20 INFO  [main]: org.jivesoftware.util.cache.CacheFactory - Created cache [org.jivesoftware.util.cache.DefaultLocalCacheStrategy] for Group
2026.09.04 23:02:20 INFO  [main]: org.jivesoftware.util.cache.CacheFactory - Created cache [org.jivesoftware.util.cache.DefaultLocalCacheStrategy] for Group Metadata Cache
2026.09.04 23:02:20 INFO  [main]: org.jivesoftware.openfire.pubsub.PubSubModule - Dominio de Publicar-Suscribir: pubsub.127.0.0.1
2026.09.04 23:02:20 INFO  [main]: org.jivesoftware.openfire.muc.spi.MultiUserChatServiceImpl - Dominio de Chat Multi-usuario: conference.127.0.0.1
2026.09.04 23:02:20 INFO  [main]: org.jivesoftware.openfire.XMPPServer - Openfire 4.5.0 Alpha [Sep 4, 2026, 11:02:20 PM]
2026.09.04 23:02:21 WARN  [pool-5-thread-1]: org.jivesoftware.openfire.container.AdminConsolePlugin - Admin console: Identity store does not have any certificates. HTTPS will be unavailable.
2026.09.04 23:02:21 INFO  [main]: org.jivesoftware.openfire.XMPPServer - Accessing SystemProperty field org.jivesoftware.openfire.auth.AuthFactory#PASSWORD_KEY
2026.09.04 23:02:21 INFO  [main]: org.jivesoftware.openfire.XMPPServer - Accessing SystemProperty field org.jivesoftware.openfire.auth.AuthFactory#AUTH_PROVIDER
2026.09.04 23:02:21 INFO  [main]: org.jivesoftware.openfire.XMPPServer - Accessing SystemProperty field org.jivesoftware.openfire.sasl.ScramSha1SaslServer#ITERATION_COUNT
2026.09.04 23:02:21 INFO  [main]: org.jivesoftware.openfire.XMPPServer - Accessing SystemProperty field org.jivesoftware.openfire.vcard.VCardManager#VCARD_PROVIDER
2026.09.04 23:02:21 INFO  [main]: org.jivesoftware.openfire.XMPPServer - Accessing SystemProperty field org.jivesoftware.openfire.auth.HybridAuthProvider#PRIMARY_PROVIDER
2026.09.04 23:02:21 INFO  [main]: org.jivesoftware.openfire.XMPPServer - Accessing SystemProperty field org.jivesoftware.openfire.auth.HybridAuthProvider#SECONDARY_PROVIDER
2026.09.04 23:02:21 INFO  [main]: org.jivesoftware.openfire.XMPPServer - Accessing SystemProperty field org.jivesoftware.openfire.auth.HybridAuthProvider#TERTIARY_PROVIDER
2026.09.04 23:02:21 INFO  [main]: org.jivesoftware.openfire.XMPPServer - Accessing SystemProperty field org.jivesoftware.openfire.lockout.LockOutManager#LOCKOUT_PROVIDER
2026.09.04 23:02:21 INFO  [main]: org.jivesoftware.openfire.XMPPServer - Accessing SystemProperty field org.jivesoftware.openfire.user.UserManager#USER_PROVIDER
2026.09.04 23:02:21 INFO  [main]: org.jivesoftware.openfire.XMPPServer - Accessing SystemProperty field org.jivesoftware.openfire.user.UserManager#REMOTE_DISCO_INFO_TIMEOUT
2026.09.04 23:02:21 INFO  [main]: org.jivesoftware.openfire.XMPPServer - Accessing SystemProperty field org.jivesoftware.openfire.user.UserManager#USER_PROPERTY_PROVIDER
2026.09.04 23:02:21 INFO  [main]: org.jivesoftware.openfire.XMPPServer - Accessing SystemProperty field org.jivesoftware.openfire.SessionManager#CONFLICT_LIMIT
2026.09.04 23:02:21 INFO  [main]: org.jivesoftware.openfire.XMPPServer - Accessing SystemProperty field org.jivesoftware.openfire.group.GroupManager#GROUP_PROVIDER
2026.09.04 23:02:21 INFO  [main]: org.jivesoftware.openfire.XMPPServer - Accessing SystemProperty field org.jivesoftware.openfire.muc.spi.IQMuclumbusSearchHandler#PROPERTY_ENABLED
2026.09.04 23:02:21 INFO  [main]: org.jivesoftware.openfire.XMPPServer - Accessing SystemProperty field org.jivesoftware.openfire.sasl.AnonymousSaslServer#ENABLED
2026.09.04 23:02:21 INFO  [main]: org.jivesoftware.openfire.XMPPServer - Accessing SystemProperty field org.jivesoftware.openfire.net.SASLAuthentication#SKIP_PEER_CERT_REVALIDATION_CLIENT
2026.09.04 23:02:21 INFO  [main]: org.jivesoftware.openfire.net.SASLAuthentication - Support added for the 'ANONYMOUS' SASL mechanism.
2026.09.04 23:02:21 INFO  [main]: org.jivesoftware.openfire.net.SASLAuthentication - Support added for the 'PLAIN' SASL mechanism.
2026.09.04 23:02:21 INFO  [main]: org.jivesoftware.openfire.net.SASLAuthentication - Support added for the 'DIGEST-MD5' SASL mechanism.
2026.09.04 23:02:21 INFO  [main]: org.jivesoftware.openfire.net.SASLAuthentication - Support added for the 'CRAM-MD5' SASL mechanism.
2026.09.04 23:02:21 INFO  [main]: org.jivesoftware.openfire.net.SASLAuthentication - Support added for the 'SCRAM-SHA-1' SASL mechanism.
2026.09.04 23:02:21 INFO  [main]: org.jivesoftware.openfire.net.SASLAuthentication - Support added for the 'JIVE-SHAREDSECRET' SASL mechanism.
2026.09.04 23:02:21 INFO  [main]: org.jivesoftware.openfire.net.SASLAuthentication - Support added for the 'GSSAPI' SASL mechanism.
2026.09.04 23:02:21 INFO  [main]: org.jivesoftware.openfire.net.SASLAuthentication - Support added for the 'EXTERNAL' SASL mechanism.
2026.09.04 23:02:21 INFO  [main]: org.jivesoftware.openfire.XMPPServer - Accessing SystemProperty field org.jivesoftware.openfire.XMPPServerInfo#XMPP_DOMAIN
2026.09.04 23:02:21 INFO  [main]: org.jivesoftware.openfire.XMPPServer - Accessing SystemProperty field org.jivesoftware.openfire.sasl.ExternalClientSaslServer#PROPERTY_SASL_EXTERNAL_CLIENT_SUPPRESS_MATCHING_REALMNAME
2026.09.04 23:02:21 INFO  [main]: org.jivesoftware.openfire.XMPPServer - Accessing SystemProperty field org.jivesoftware.openfire.admin.AdminManager#ADMIN_PROVIDER
2026.09.04 23:02:21 INFO  [pool-5-thread-1]: org.jivesoftware.util.cache.CacheFactory - Created cache [org.jivesoftware.util.cache.DefaultLocalCacheStrategy] for Favicon Misses
2026.09.04 23:02:21 INFO  [pool-5-thread-1]: org.jivesoftware.util.cache.CacheFactory - Created cache [org.jivesoftware.util.cache.DefaultLocalCacheStrategy] for Favicon Hits
2026.09.04 23:02:21 INFO  [pool-5-thread-1]: org.jivesoftware.openfire.container.AdminConsolePlugin - Consola de administración escuchando en http://127.0.0.1:9090
2026.09.04 23:02:21 INFO  [main]: org.jivesoftware.openfire.XMPPServer - Accessing SystemProperty field org.jivesoftware.openfire.security.SecurityAuditManager#AUDIT_PROVIDER
2026.09.04 23:02:21 INFO  [main]: org.jivesoftware.openfire.XMPPServer - Accessing SystemProperty field org.jivesoftware.openfire.admin.DefaultAdminProvider#ADMIN_JIDS
2026.09.04 23:02:21 INFO  [main]: org.jivesoftware.openfire.XMPPServer - Accessing SystemProperty field org.jivesoftware.openfire.cluster.ClusterMonitor#ENABLED
2026.09.04 23:02:21 INFO  [main]: org.jivesoftware.openfire.XMPPServer - Accessing SystemProperty field org.jivesoftware.openfire.ldap.LdapVCardProvider#STORE_AVATAR_IN_DB
2026.09.04 23:02:21 INFO  [main]: org.jivesoftware.openfire.XMPPServer - Accessing SystemProperty field org.jivesoftware.openfire.spi.EncryptionArtifactFactory#TRUST_MANAGER_CLASS
2026.09.04 23:02:21 INFO  [main]: org.jivesoftware.openfire.XMPPServer - Accessing SystemProperty field org.jivesoftware.openfire.update.UpdateManager#ENABLED
2026.09.04 23:02:21 INFO  [main]: org.jivesoftware.openfire.XMPPServer - Accessing SystemProperty field org.jivesoftware.openfire.update.UpdateManager#NOTIFY_ADMINS
2026.09.04 23:02:21 INFO  [main]: org.jivesoftware.openfire.XMPPServer - Accessing SystemProperty field org.jivesoftware.openfire.update.UpdateManager#LAST_UPDATE_CHECK
2026.09.04 23:02:21 INFO  [main]: org.jivesoftware.openfire.XMPPServer - Accessing SystemProperty field org.jivesoftware.openfire.update.UpdateManager#UPDATE_FREQUENCY
2026.09.04 23:02:21 INFO  [main]: org.jivesoftware.openfire.XMPPServer - Accessing SystemProperty field org.jivesoftware.openfire.update.UpdateManager#PROXY_HOST
2026.09.04 23:02:21 INFO  [main]: org.jivesoftware.openfire.XMPPServer - Accessing SystemProperty field org.jivesoftware.openfire.update.UpdateManager#PROXY_PORT
2026.09.04 23:02:21 INFO  [pool-5-thread-1]: org.jivesoftware.openfire.container.PluginManager - Successfully loaded plugin 'admin'.
2026.09.04 23:02:21 INFO  [pool-6-thread-2]: org.jivesoftware.openfire.container.PluginManager - Successfully loaded plugin 'nonsaslauthentication'.
2026.09.04 23:02:21 INFO  [pool-6-thread-4]: org.jivesoftware.openfire.container.PluginManager - Successfully loaded plugin 'search'.
2026.09.04 23:02:22 INFO  [pool-6-thread-3]: org.jivesoftware.openfire.container.PluginManager - Successfully loaded plugin 'restapi'.
2026.09.04 23:02:22 INFO  [pool-5-thread-1]: org.jivesoftware.openfire.container.PluginMonitor - Finished processing all plugins.
2026.09.04 23:02:22 INFO  [pool-5-thread-1]: org.jivesoftware.openfire.spi.ConnectionListener[socket_c2s] - Started.
2026.09.04 23:02:22 INFO  [pool-5-thread-1]: org.jivesoftware.openfire.spi.ConnectionListener[socket_c2s-legacyMode] - Started.
2026.09.04 23:02:22 WARN  [pool-5-thread-1]: org.jivesoftware.openfire.spi.LegacyConnectionAcceptor - Configuration allows for up to 16 threads, although implementation is limited to exactly one.
2026.09.04 23:02:22 INFO  [pool-5-thread-1]: org.jivesoftware.openfire.spi.ConnectionListener[socket_s2s] - Started.
2026.09.04 23:02:22 WARN  [pool-5-thread-1]: org.jivesoftware.openfire.spi.LegacyConnectionAcceptor - Configuration allows for up to 16 threads, although implementation is limited to exactly one.
2026.09.04 23:02:22 INFO  [pool-5-thread-1]: org.jivesoftware.openfire.spi.ConnectionListener[socket_s2s-legacyMode] - Started.
2026.09.04 23:02:22 INFO  [pool-5-thread-1]: org.jivesoftware.openfire.spi.ConnectionListener[component] - Started.
2026.09.04 23:02:22 INFO  [pool-5-thread-1]: org.jivesoftware.openfire.spi.ConnectionListener[component-legacyMode] - Started.
2026.09.04 23:02:22 INFO  [pool-5-thread-1]: org.jivesoftware.openfire.spi.ConnectionListener[connection_manager] - Started.
2026.09.04 23:02:22 INFO  [pool-5-thread-1]: org.jivesoftware.openfire.spi.ConnectionListener[connection_manager-legacyMode] - Started.
2026.09.04 23:02:22 INFO  [pool-5-thread-1]: org.jivesoftware.openfire.http.HttpSessionManager - Starting instance
2026.09.04 23:02:22 INFO  [pool-5-thread-1]: org.jivesoftware.openfire.http.HttpBindManager - HTTP bind service started
2026.09.04 23:02:47 INFO  [socket_c2s-thread-3]: org.jivesoftware.util.cache.CacheFactory - Created cache [org.jivesoftware.util.cache.DefaultLocalCacheStrategy] for Locked Out Accounts
2026.09.04 23:02:51 WARN  [socket_c2s-thread-3]: org.jivesoftware.openfire.nio.ConnectionHandler - Closing connection due to exception in session: (0x00000002: nio socket, server, null => 0.0.0.0/0.0.0.0:5222)
java.io.IOException: Se ha forzado la interrupción de una conexión existente por el host remoto
	at sun.nio.ch.SocketDispatcher.read0(Native Method) ~[?:?]
	at sun.nio.ch.SocketDispatcher.read(SocketDispatcher.java:43) ~[?:?]
	at sun.nio.ch.IOUtil.readIntoNativeBuffer(IOUtil.java:276) ~[?:?]
	at sun.nio.ch.IOUtil.read(IOUtil.java:245) ~[?:?]
	at sun.nio.ch.IOUtil.read(IOUtil.java:223) ~[?:?]
	at sun.nio.ch.SocketChannelImpl.read(SocketChannelImpl.java:356) ~[?:?]
	at org.apache.mina.transport.socket.nio.NioProcessor.read(NioProcessor.java:378) ~[mina-core-2.1.3.jar:?]
	at org.apache.mina.transport.socket.nio.NioProcessor.read(NioProcessor.java:47) ~[mina-core-2.1.3.jar:?]
	at org.apache.mina.core.polling.AbstractPollingIoProcessor.read(AbstractPollingIoProcessor.java:519) ~[mina-core-2.1.3.jar:?]
	at org.apache.mina.core.polling.AbstractPollingIoProcessor.access$1200(AbstractPollingIoProcessor.java:68) ~[mina-core-2.1.3.jar:?]
	at org.apache.mina.core.polling.AbstractPollingIoProcessor$Processor.process(AbstractPollingIoProcessor.java:1222) ~[mina-core-2.1.3.jar:?]
	at org.apache.mina.core.polling.AbstractPollingIoProcessor$Processor.process(AbstractPollingIoProcessor.java:1211) ~[mina-core-2.1.3.jar:?]
	at org.apache.mina.core.polling.AbstractPollingIoProcessor$Processor.run(AbstractPollingIoProcessor.java:683) ~[mina-core-2.1.3.jar:?]
	at org.apache.mina.util.NamePreservingRunnable.run(NamePreservingRunnable.java:64) ~[mina-core-2.1.3.jar:?]
	at java.util.concurrent.ThreadPoolExecutor.runWorker(ThreadPoolExecutor.java:1128) ~[?:?]
	at java.util.concurrent.ThreadPoolExecutor$Worker.run(ThreadPoolExecutor.java:628) ~[?:?]
	at java.lang.Thread.run(Thread.java:829) [?:?]
2026.09.04 23:05:05 WARN  [socket_c2s-thread-2]: org.jivesoftware.openfire.nio.ConnectionHandler - Closing connection due to exception in session: (0x00000003: nio socket, server, null => 0.0.0.0/0.0.0.0:5222)
java.io.IOException: Se ha forzado la interrupción de una conexión existente por el host remoto
	at sun.nio.ch.SocketDispatcher.read0(Native Method) ~[?:?]
	at sun.nio.ch.SocketDispatcher.read(SocketDispatcher.java:43) ~[?:?]
	at sun.nio.ch.IOUtil.readIntoNativeBuffer(IOUtil.java:276) ~[?:?]
	at sun.nio.ch.IOUtil.read(IOUtil.java:245) ~[?:?]
	at sun.nio.ch.IOUtil.read(IOUtil.java:223) ~[?:?]
	at sun.nio.ch.SocketChannelImpl.read(SocketChannelImpl.java:356) ~[?:?]
	at org.apache.mina.transport.socket.nio.NioProcessor.read(NioProcessor.java:378) ~[mina-core-2.1.3.jar:?]
	at org.apache.mina.transport.socket.nio.NioProcessor.read(NioProcessor.java:47) ~[mina-core-2.1.3.jar:?]
	at org.apache.mina.core.polling.AbstractPollingIoProcessor.read(AbstractPollingIoProcessor.java:519) ~[mina-core-2.1.3.jar:?]
	at org.apache.mina.core.polling.AbstractPollingIoProcessor.access$1200(AbstractPollingIoProcessor.java:68) ~[mina-core-2.1.3.jar:?]
	at org.apache.mina.core.polling.AbstractPollingIoProcessor$Processor.process(AbstractPollingIoProcessor.java:1222) ~[mina-core-2.1.3.jar:?]
	at org.apache.mina.core.polling.AbstractPollingIoProcessor$Processor.process(AbstractPollingIoProcessor.java:1211) ~[mina-core-2.1.3.jar:?]
	at org.apache.mina.core.polling.AbstractPollingIoProcessor$Processor.run(AbstractPollingIoProcessor.java:683) ~[mina-core-2.1.3.jar:?]
	at org.apache.mina.util.NamePreservingRunnable.run(NamePreservingRunnable.java:64) ~[mina-core-2.1.3.jar:?]
	at java.util.concurrent.ThreadPoolExecutor.runWorker(ThreadPoolExecutor.java:1128) ~[?:?]
	at java.util.concurrent.ThreadPoolExecutor$Worker.run(ThreadPoolExecutor.java:628) ~[?:?]
	at java.lang.Thread.run(Thread.java:829) [?:?]
2026.09.05 03:01:40 ERROR [Jetty-QTP-AdminConsole-85]: org.jivesoftware.openfire.plugin.rest.exceptions.RESTExceptionMapper - UserNotFoundException: Could not get user with resource sbrw.100
2026.09.05 03:03:27 INFO  [socket_c2s-thread-2]: org.jivesoftware.util.cache.CacheFactory - Created cache [org.jivesoftware.util.cache.DefaultLocalCacheStrategy] for Remote Server Configurations
2026.09.05 03:03:27 WARN  [Server SR - 573173639]: org.jivesoftware.openfire.net.SocketReader - Closing session due to incorrect hostname in stream header. Host: 192.168.1.235. Connection: org.jivesoftware.openfire.net.SocketConnection@6ee75398 socket: Socket[addr=/192.168.1.235,port=56578,localport=5269] session: null
2026.09.05 03:03:27 INFO  [pool-747-thread-1]: org.jivesoftware.util.cache.CacheFactory - Created cache [org.jivesoftware.util.cache.DefaultLocalCacheStrategy] for Secret Keys Cache
2026.09.05 03:03:29 WARN  [Server SR - 1525112704]: org.jivesoftware.openfire.net.SocketReader - Closing session due to incorrect hostname in stream header. Host: 192.168.1.235. Connection: org.jivesoftware.openfire.net.SocketConnection@5fc3bd20 socket: Socket[addr=/192.168.1.235,port=63924,localport=5269] session: null
2026.09.05 03:03:29 WARN  [pool-747-thread-1]: org.jivesoftware.openfire.server.ServerDialback[Acting as Originating Server: Create Outgoing Session from: 127.0.0.1 to RS at: 192.168.1.235 (port: 5269)] - Unable to create a new outgoing session
2026.09.05 03:03:29 WARN  [pool-747-thread-1]: org.jivesoftware.openfire.session.LocalOutgoingServerSession[Create outgoing session for: 127.0.0.1 to 192.168.1.235] - Unable to create a new session: Dialback (as a fallback) failed.
2026.09.05 03:03:29 WARN  [pool-747-thread-1]: org.jivesoftware.openfire.session.LocalOutgoingServerSession[Authenticate local domain: '127.0.0.1' to remote domain: '192.168.1.235'] - Unable to authenticate: Fail to create new session.
2026.09.05 03:03:41 WARN  [Server SR - 1676689246]: org.jivesoftware.openfire.net.SocketReader - Closing session due to incorrect hostname in stream header. Host: 192.168.1.235. Connection: org.jivesoftware.openfire.net.SocketConnection@ec8acd7 socket: Socket[addr=/192.168.1.235,port=56268,localport=5269] session: null
2026.09.05 03:03:45 WARN  [pool-747-thread-3]: org.jivesoftware.openfire.net.SocketUtil - Unable to create a socket connection to XMPP domain 'conference.192.168.1.235' using remote host: conference.192.168.1.235:5269. Cause: conference.192.168.1.235 (a full stacktrace is logged on debug level)
2026.09.05 03:03:45 WARN  [pool-747-thread-3]: org.jivesoftware.openfire.net.SocketUtil - Unable to create a socket connection to XMPP domain 'conference.192.168.1.235': Unable to connect to any of its remote hosts.
2026.09.05 03:03:45 INFO  [pool-747-thread-3]: org.jivesoftware.openfire.session.LocalOutgoingServerSession[Create outgoing session for: 127.0.0.1 to conference.192.168.1.235] - Unable to create new session: Cannot create a plain socket connection with any applicable remote host.
2026.09.05 03:03:45 WARN  [pool-747-thread-3]: org.jivesoftware.openfire.session.LocalOutgoingServerSession[Authenticate local domain: '127.0.0.1' to remote domain: 'conference.192.168.1.235'] - Unable to authenticate: Fail to create new session.
2026.09.05 03:03:46 WARN  [Server SR - 1105458241]: org.jivesoftware.openfire.net.SocketReader - Closing session due to incorrect hostname in stream header. Host: 192.168.1.235. Connection: org.jivesoftware.openfire.net.SocketConnection@2118b4bd socket: Socket[addr=/192.168.1.235,port=64559,localport=5269] session: null
2026.09.05 03:03:46 WARN  [pool-747-thread-2]: org.jivesoftware.openfire.server.ServerDialback[Acting as Originating Server: Create Outgoing Session from: 127.0.0.1 to RS at: 192.168.1.235 (port: 5269)] - Unable to create a new outgoing session
2026.09.05 03:03:46 WARN  [pool-747-thread-2]: org.jivesoftware.openfire.session.LocalOutgoingServerSession[Create outgoing session for: 127.0.0.1 to 192.168.1.235] - Unable to create a new session: Dialback (as a fallback) failed.
2026.09.05 03:03:46 WARN  [pool-747-thread-2]: org.jivesoftware.openfire.session.LocalOutgoingServerSession[Authenticate local domain: '127.0.0.1' to remote domain: '192.168.1.235'] - Unable to authenticate: Fail to create new session.
2026.09.05 03:08:41 WARN  [pool-747-thread-4]: org.jivesoftware.openfire.net.SocketUtil - Unable to create a socket connection to XMPP domain 'conference.192.168.1.235' using remote host: conference.192.168.1.235:5269. Cause: conference.192.168.1.235 (a full stacktrace is logged on debug level)
2026.09.05 03:08:41 WARN  [pool-747-thread-4]: org.jivesoftware.openfire.net.SocketUtil - Unable to create a socket connection to XMPP domain 'conference.192.168.1.235': Unable to connect to any of its remote hosts.
2026.09.05 03:08:41 INFO  [pool-747-thread-4]: org.jivesoftware.openfire.session.LocalOutgoingServerSession[Create outgoing session for: 127.0.0.1 to conference.192.168.1.235] - Unable to create new session: Cannot create a plain socket connection with any applicable remote host.
2026.09.05 03:08:41 WARN  [pool-747-thread-4]: org.jivesoftware.openfire.session.LocalOutgoingServerSession[Authenticate local domain: '127.0.0.1' to remote domain: 'conference.192.168.1.235'] - Unable to authenticate: Fail to create new session.
2026.09.05 05:47:48 WARN  [Server SR - 1760465535]: org.jivesoftware.openfire.net.SocketReader - Closing session due to incorrect hostname in stream header. Host: 192.168.1.235. Connection: org.jivesoftware.openfire.net.SocketConnection@a8656be socket: Socket[addr=/192.168.1.235,port=60952,localport=5269] session: null
2026.09.05 05:47:48 WARN  [pool-747-thread-5]: org.jivesoftware.openfire.server.ServerDialback[Acting as Originating Server: Create Outgoing Session from: 127.0.0.1 to RS at: 192.168.1.235 (port: 5269)] - Unable to create a new outgoing session
2026.09.05 05:47:48 WARN  [Server SR - 1378407080]: org.jivesoftware.openfire.net.SocketReader - Closing session due to incorrect hostname in stream header. Host: 192.168.1.235. Connection: org.jivesoftware.openfire.net.SocketConnection@cb77e83 socket: Socket[addr=/192.168.1.235,port=60953,localport=5269] session: null
2026.09.05 05:47:48 WARN  [pool-747-thread-5]: org.jivesoftware.openfire.session.LocalOutgoingServerSession[Create outgoing session for: 127.0.0.1 to 192.168.1.235] - Unable to create a new session: Dialback (as a fallback) failed.
2026.09.05 05:47:48 WARN  [pool-747-thread-5]: org.jivesoftware.openfire.session.LocalOutgoingServerSession[Authenticate local domain: '127.0.0.1' to remote domain: '192.168.1.235'] - Unable to authenticate: Fail to create new session.
2026.09.05 05:47:49 WARN  [pool-747-thread-1]: org.jivesoftware.openfire.net.SocketUtil - Unable to create a socket connection to XMPP domain 'conference.192.168.1.235' using remote host: conference.192.168.1.235:5269. Cause: conference.192.168.1.235 (a full stacktrace is logged on debug level)
2026.09.05 05:47:49 WARN  [pool-747-thread-1]: org.jivesoftware.openfire.net.SocketUtil - Unable to create a socket connection to XMPP domain 'conference.192.168.1.235': Unable to connect to any of its remote hosts.
2026.09.05 05:47:49 INFO  [pool-747-thread-1]: org.jivesoftware.openfire.session.LocalOutgoingServerSession[Create outgoing session for: 127.0.0.1 to conference.192.168.1.235] - Unable to create new session: Cannot create a plain socket connection with any applicable remote host.
2026.09.05 05:47:49 WARN  [pool-747-thread-1]: org.jivesoftware.openfire.session.LocalOutgoingServerSession[Authenticate local domain: '127.0.0.1' to remote domain: 'conference.192.168.1.235'] - Unable to authenticate: Fail to create new session.
2026.09.05 05:53:42 WARN  [Server SR - 1984059300]: org.jivesoftware.openfire.net.SocketReader - Closing session due to incorrect hostname in stream header. Host: 192.168.1.235. Connection: org.jivesoftware.openfire.net.SocketConnection@6a234df5 socket: Socket[addr=/192.168.1.235,port=52602,localport=5269] session: null
2026.09.05 05:53:42 WARN  [pool-747-thread-3]: org.jivesoftware.openfire.server.ServerDialback[Acting as Originating Server: Create Outgoing Session from: 127.0.0.1 to RS at: 192.168.1.235 (port: 5269)] - Unable to create a new outgoing session
2026.09.05 05:53:42 WARN  [Server SR - 1436507029]: org.jivesoftware.openfire.net.SocketReader - Closing session due to incorrect hostname in stream header. Host: 192.168.1.235. Connection: org.jivesoftware.openfire.net.SocketConnection@41367c89 socket: Socket[addr=/192.168.1.235,port=52603,localport=5269] session: null
2026.09.05 05:53:42 WARN  [pool-747-thread-3]: org.jivesoftware.openfire.session.LocalOutgoingServerSession[Create outgoing session for: 127.0.0.1 to 192.168.1.235] - Unable to create a new session: Dialback (as a fallback) failed.
2026.09.05 05:53:42 WARN  [pool-747-thread-3]: org.jivesoftware.openfire.session.LocalOutgoingServerSession[Authenticate local domain: '127.0.0.1' to remote domain: '192.168.1.235'] - Unable to authenticate: Fail to create new session.
2026.09.05 05:54:11 WARN  [Server SR - 1094218833]: org.jivesoftware.openfire.net.SocketReader - Closing session due to incorrect hostname in stream header. Host: 192.168.1.235. Connection: org.jivesoftware.openfire.net.SocketConnection@25a3f836 socket: Socket[addr=/192.168.1.235,port=52618,localport=5269] session: null
2026.09.05 05:54:12 WARN  [Server SR - 485768398]: org.jivesoftware.openfire.net.SocketReader - Closing session due to incorrect hostname in stream header. Host: 192.168.1.235. Connection: org.jivesoftware.openfire.net.SocketConnection@33189acb socket: Socket[addr=/192.168.1.235,port=52619,localport=5269] session: null
2026.09.05 05:54:12 WARN  [pool-747-thread-2]: org.jivesoftware.openfire.server.ServerDialback[Acting as Originating Server: Create Outgoing Session from: 127.0.0.1 to RS at: 192.168.1.235 (port: 5269)] - Unable to create a new outgoing session
2026.09.05 05:54:12 WARN  [pool-747-thread-2]: org.jivesoftware.openfire.session.LocalOutgoingServerSession[Create outgoing session for: 127.0.0.1 to 192.168.1.235] - Unable to create a new session: Dialback (as a fallback) failed.
2026.09.05 05:54:12 WARN  [pool-747-thread-2]: org.jivesoftware.openfire.session.LocalOutgoingServerSession[Authenticate local domain: '127.0.0.1' to remote domain: '192.168.1.235'] - Unable to authenticate: Fail to create new session.
2026.09.05 06:00:12 WARN  [Server SR - 615806806]: org.jivesoftware.openfire.net.SocketReader - Closing session due to incorrect hostname in stream header. Host: 192.168.1.235. Connection: org.jivesoftware.openfire.net.SocketConnection@26ac152e socket: Socket[addr=/192.168.1.235,port=53234,localport=5269] session: null
2026.09.05 06:00:12 WARN  [Server SR - 1856121642]: org.jivesoftware.openfire.net.SocketReader - Closing session due to incorrect hostname in stream header. Host: 192.168.1.235. Connection: org.jivesoftware.openfire.net.SocketConnection@530d6fc9 socket: Socket[addr=/192.168.1.235,port=53236,localport=5269] session: null
2026.09.05 06:00:12 WARN  [pool-747-thread-4]: org.jivesoftware.openfire.server.ServerDialback[Acting as Originating Server: Create Outgoing Session from: 127.0.0.1 to RS at: 192.168.1.235 (port: 5269)] - Unable to create a new outgoing session
2026.09.05 06:00:12 WARN  [pool-747-thread-4]: org.jivesoftware.openfire.session.LocalOutgoingServerSession[Create outgoing session for: 127.0.0.1 to 192.168.1.235] - Unable to create a new session: Dialback (as a fallback) failed.
2026.09.05 06:00:12 WARN  [pool-747-thread-4]: org.jivesoftware.openfire.session.LocalOutgoingServerSession[Authenticate local domain: '127.0.0.1' to remote domain: '192.168.1.235'] - Unable to authenticate: Fail to create new session.
2026.09.05 06:05:46 WARN  [Server SR - 803768888]: org.jivesoftware.openfire.net.SocketReader - Closing session due to incorrect hostname in stream header. Host: 192.168.1.235. Connection: org.jivesoftware.openfire.net.SocketConnection@28e146b5 socket: Socket[addr=/192.168.1.235,port=49924,localport=5269] session: null
2026.09.05 06:05:46 WARN  [Server SR - 1755793822]: org.jivesoftware.openfire.net.SocketReader - Closing session due to incorrect hostname in stream header. Host: 192.168.1.235. Connection: org.jivesoftware.openfire.net.SocketConnection@1723db2b socket: Socket[addr=/192.168.1.235,port=49927,localport=5269] session: null
2026.09.05 06:05:46 WARN  [pool-747-thread-5]: org.jivesoftware.openfire.server.ServerDialback[Acting as Originating Server: Create Outgoing Session from: 127.0.0.1 to RS at: 192.168.1.235 (port: 5269)] - Unable to create a new outgoing session
2026.09.05 06:05:46 WARN  [pool-747-thread-5]: org.jivesoftware.openfire.session.LocalOutgoingServerSession[Create outgoing session for: 127.0.0.1 to 192.168.1.235] - Unable to create a new session: Dialback (as a fallback) failed.
2026.09.05 06:05:46 WARN  [pool-747-thread-5]: org.jivesoftware.openfire.session.LocalOutgoingServerSession[Authenticate local domain: '127.0.0.1' to remote domain: '192.168.1.235'] - Unable to authenticate: Fail to create new session.
2026.09.05 06:05:52 WARN  [Server SR - 562267369]: org.jivesoftware.openfire.net.SocketReader - Closing session due to incorrect hostname in stream header. Host: 192.168.1.235. Connection: org.jivesoftware.openfire.net.SocketConnection@4a516ed1 socket: Socket[addr=/192.168.1.235,port=49932,localport=5269] session: null
2026.09.05 06:05:52 WARN  [Server SR - 2060041800]: org.jivesoftware.openfire.net.SocketReader - Closing session due to incorrect hostname in stream header. Host: 192.168.1.235. Connection: org.jivesoftware.openfire.net.SocketConnection@28f0e971 socket: Socket[addr=/192.168.1.235,port=49933,localport=5269] session: null
2026.09.05 06:05:52 WARN  [pool-747-thread-1]: org.jivesoftware.openfire.server.ServerDialback[Acting as Originating Server: Create Outgoing Session from: 127.0.0.1 to RS at: 192.168.1.235 (port: 5269)] - Unable to create a new outgoing session
2026.09.05 06:05:52 WARN  [pool-747-thread-1]: org.jivesoftware.openfire.session.LocalOutgoingServerSession[Create outgoing session for: 127.0.0.1 to 192.168.1.235] - Unable to create a new session: Dialback (as a fallback) failed.
2026.09.05 06:05:52 WARN  [pool-747-thread-1]: org.jivesoftware.openfire.session.LocalOutgoingServerSession[Authenticate local domain: '127.0.0.1' to remote domain: '192.168.1.235'] - Unable to authenticate: Fail to create new session.
2026.09.05 06:06:00 WARN  [Server SR - 112598902]: org.jivesoftware.openfire.net.SocketReader - Closing session due to incorrect hostname in stream header. Host: 192.168.1.235. Connection: org.jivesoftware.openfire.net.SocketConnection@3baf6026 socket: Socket[addr=/192.168.1.235,port=49941,localport=5269] session: null
2026.09.05 06:06:00 WARN  [pool-747-thread-3]: org.jivesoftware.openfire.server.ServerDialback[Acting as Originating Server: Create Outgoing Session from: 127.0.0.1 to RS at: 192.168.1.235 (port: 5269)] - Unable to create a new outgoing session
2026.09.05 06:06:00 WARN  [Server SR - 506336562]: org.jivesoftware.openfire.net.SocketReader - Closing session due to incorrect hostname in stream header. Host: 192.168.1.235. Connection: org.jivesoftware.openfire.net.SocketConnection@29a2c5b0 socket: Socket[addr=/192.168.1.235,port=49942,localport=5269] session: null
2026.09.05 06:06:00 WARN  [pool-747-thread-3]: org.jivesoftware.openfire.session.LocalOutgoingServerSession[Create outgoing session for: 127.0.0.1 to 192.168.1.235] - Unable to create a new session: Dialback (as a fallback) failed.
2026.09.05 06:06:00 WARN  [pool-747-thread-3]: org.jivesoftware.openfire.session.LocalOutgoingServerSession[Authenticate local domain: '127.0.0.1' to remote domain: '192.168.1.235'] - Unable to authenticate: Fail to create new session.
2026.09.05 06:06:15 WARN  [Server SR - 1757090192]: org.jivesoftware.openfire.net.SocketReader - Closing session due to incorrect hostname in stream header. Host: 192.168.1.235. Connection: org.jivesoftware.openfire.net.SocketConnection@5e40e881 socket: Socket[addr=/192.168.1.235,port=49952,localport=5269] session: null
2026.09.05 06:06:15 WARN  [pool-747-thread-2]: org.jivesoftware.openfire.server.ServerDialback[Acting as Originating Server: Create Outgoing Session from: 127.0.0.1 to RS at: 192.168.1.235 (port: 5269)] - Unable to create a new outgoing session
2026.09.05 06:06:15 WARN  [Server SR - 962776628]: org.jivesoftware.openfire.net.SocketReader - Closing session due to incorrect hostname in stream header. Host: 192.168.1.235. Connection: org.jivesoftware.openfire.net.SocketConnection@578bd672 socket: Socket[addr=/192.168.1.235,port=49953,localport=5269] session: null
2026.09.05 06:06:15 WARN  [pool-747-thread-2]: org.jivesoftware.openfire.session.LocalOutgoingServerSession[Create outgoing session for: 127.0.0.1 to 192.168.1.235] - Unable to create a new session: Dialback (as a fallback) failed.
2026.09.05 06:06:15 WARN  [pool-747-thread-2]: org.jivesoftware.openfire.session.LocalOutgoingServerSession[Authenticate local domain: '127.0.0.1' to remote domain: '192.168.1.235'] - Unable to authenticate: Fail to create new session.
2026.09.05 06:06:16 WARN  [Server SR - 1345886063]: org.jivesoftware.openfire.net.SocketReader - Closing session due to incorrect hostname in stream header. Host: 192.168.1.235. Connection: org.jivesoftware.openfire.net.SocketConnection@60bf3d79 socket: Socket[addr=/192.168.1.235,port=49958,localport=5269] session: null
2026.09.05 06:06:16 WARN  [Server SR - 1983218999]: org.jivesoftware.openfire.net.SocketReader - Closing session due to incorrect hostname in stream header. Host: 192.168.1.235. Connection: org.jivesoftware.openfire.net.SocketConnection@5989f35c socket: Socket[addr=/192.168.1.235,port=49959,localport=5269] session: null
2026.09.05 06:06:16 WARN  [pool-747-thread-4]: org.jivesoftware.openfire.server.ServerDialback[Acting as Originating Server: Create Outgoing Session from: 127.0.0.1 to RS at: 192.168.1.235 (port: 5269)] - Unable to create a new outgoing session
2026.09.05 06:06:16 WARN  [pool-747-thread-4]: org.jivesoftware.openfire.session.LocalOutgoingServerSession[Create outgoing session for: 127.0.0.1 to 192.168.1.235] - Unable to create a new session: Dialback (as a fallback) failed.
2026.09.05 06:06:16 WARN  [pool-747-thread-4]: org.jivesoftware.openfire.session.LocalOutgoingServerSession[Authenticate local domain: '127.0.0.1' to remote domain: '192.168.1.235'] - Unable to authenticate: Fail to create new session.
2026.09.05 06:06:16 WARN  [Server SR - 2070895362]: org.jivesoftware.openfire.net.SocketReader - Closing session due to incorrect hostname in stream header. Host: 192.168.1.235. Connection: org.jivesoftware.openfire.net.SocketConnection@6ff83a7d socket: Socket[addr=/192.168.1.235,port=49963,localport=5269] session: null
2026.09.05 06:06:16 WARN  [pool-747-thread-5]: org.jivesoftware.openfire.server.ServerDialback[Acting as Originating Server: Create Outgoing Session from: 127.0.0.1 to RS at: 192.168.1.235 (port: 5269)] - Unable to create a new outgoing session
2026.09.05 06:06:16 WARN  [Server SR - 925661319]: org.jivesoftware.openfire.net.SocketReader - Closing session due to incorrect hostname in stream header. Host: 192.168.1.235. Connection: org.jivesoftware.openfire.net.SocketConnection@6d6a5420 socket: Socket[addr=/192.168.1.235,port=49964,localport=5269] session: null
2026.09.05 06:06:16 WARN  [pool-747-thread-5]: org.jivesoftware.openfire.session.LocalOutgoingServerSession[Create outgoing session for: 127.0.0.1 to 192.168.1.235] - Unable to create a new session: Dialback (as a fallback) failed.
2026.09.05 06:06:16 WARN  [pool-747-thread-5]: org.jivesoftware.openfire.session.LocalOutgoingServerSession[Authenticate local domain: '127.0.0.1' to remote domain: '192.168.1.235'] - Unable to authenticate: Fail to create new session.
2026.09.05 06:06:17 WARN  [Server SR - 404711601]: org.jivesoftware.openfire.net.SocketReader - Closing session due to incorrect hostname in stream header. Host: 192.168.1.235. Connection: org.jivesoftware.openfire.net.SocketConnection@19a987cd socket: Socket[addr=/192.168.1.235,port=49968,localport=5269] session: null
2026.09.05 06:06:17 WARN  [pool-747-thread-1]: org.jivesoftware.openfire.server.ServerDialback[Acting as Originating Server: Create Outgoing Session from: 127.0.0.1 to RS at: 192.168.1.235 (port: 5269)] - Unable to create a new outgoing session
2026.09.05 06:06:17 WARN  [Server SR - 1935104252]: org.jivesoftware.openfire.net.SocketReader - Closing session due to incorrect hostname in stream header. Host: 192.168.1.235. Connection: org.jivesoftware.openfire.net.SocketConnection@27ebe4c6 socket: Socket[addr=/192.168.1.235,port=49969,localport=5269] session: null
2026.09.05 06:06:17 WARN  [pool-747-thread-1]: org.jivesoftware.openfire.session.LocalOutgoingServerSession[Create outgoing session for: 127.0.0.1 to 192.168.1.235] - Unable to create a new session: Dialback (as a fallback) failed.
2026.09.05 06:06:17 WARN  [pool-747-thread-1]: org.jivesoftware.openfire.session.LocalOutgoingServerSession[Authenticate local domain: '127.0.0.1' to remote domain: '192.168.1.235'] - Unable to authenticate: Fail to create new session.
2026.09.05 06:06:18 WARN  [Server SR - 1160544295]: org.jivesoftware.openfire.net.SocketReader - Closing session due to incorrect hostname in stream header. Host: 192.168.1.235. Connection: org.jivesoftware.openfire.net.SocketConnection@26153eb4 socket: Socket[addr=/192.168.1.235,port=49973,localport=5269] session: null
2026.09.05 06:06:18 WARN  [Server SR - 1958784631]: org.jivesoftware.openfire.net.SocketReader - Closing session due to incorrect hostname in stream header. Host: 192.168.1.235. Connection: org.jivesoftware.openfire.net.SocketConnection@3d199190 socket: Socket[addr=/192.168.1.235,port=49974,localport=5269] session: null
2026.09.05 06:06:18 WARN  [pool-747-thread-3]: org.jivesoftware.openfire.server.ServerDialback[Acting as Originating Server: Create Outgoing Session from: 127.0.0.1 to RS at: 192.168.1.235 (port: 5269)] - Unable to create a new outgoing session
2026.09.05 06:06:18 WARN  [pool-747-thread-3]: org.jivesoftware.openfire.session.LocalOutgoingServerSession[Create outgoing session for: 127.0.0.1 to 192.168.1.235] - Unable to create a new session: Dialback (as a fallback) failed.
2026.09.05 06:06:18 WARN  [pool-747-thread-3]: org.jivesoftware.openfire.session.LocalOutgoingServerSession[Authenticate local domain: '127.0.0.1' to remote domain: '192.168.1.235'] - Unable to authenticate: Fail to create new session.
2026.09.05 06:06:19 WARN  [Server SR - 1520653359]: org.jivesoftware.openfire.net.SocketReader - Closing session due to incorrect hostname in stream header. Host: 192.168.1.235. Connection: org.jivesoftware.openfire.net.SocketConnection@7bafcec5 socket: Socket[addr=/192.168.1.235,port=49978,localport=5269] session: null
2026.09.05 06:06:19 WARN  [Server SR - 1510308851]: org.jivesoftware.openfire.net.SocketReader - Closing session due to incorrect hostname in stream header. Host: 192.168.1.235. Connection: org.jivesoftware.openfire.net.SocketConnection@2b47dbfa socket: Socket[addr=/192.168.1.235,port=49980,localport=5269] session: null
2026.09.05 06:06:19 WARN  [pool-747-thread-2]: org.jivesoftware.openfire.server.ServerDialback[Acting as Originating Server: Create Outgoing Session from: 127.0.0.1 to RS at: 192.168.1.235 (port: 5269)] - Unable to create a new outgoing session
2026.09.05 06:06:19 WARN  [pool-747-thread-2]: org.jivesoftware.openfire.session.LocalOutgoingServerSession[Create outgoing session for: 127.0.0.1 to 192.168.1.235] - Unable to create a new session: Dialback (as a fallback) failed.
2026.09.05 06:06:19 WARN  [pool-747-thread-2]: org.jivesoftware.openfire.session.LocalOutgoingServerSession[Authenticate local domain: '127.0.0.1' to remote domain: '192.168.1.235'] - Unable to authenticate: Fail to create new session.
2026.09.05 06:06:20 WARN  [Server SR - 530279016]: org.jivesoftware.openfire.net.SocketReader - Closing session due to incorrect hostname in stream header. Host: 192.168.1.235. Connection: org.jivesoftware.openfire.net.SocketConnection@5fd95f90 socket: Socket[addr=/192.168.1.235,port=49984,localport=5269] session: null
2026.09.05 06:06:20 WARN  [Server SR - 2067644984]: org.jivesoftware.openfire.net.SocketReader - Closing session due to incorrect hostname in stream header. Host: 192.168.1.235. Connection: org.jivesoftware.openfire.net.SocketConnection@a16ea6a socket: Socket[addr=/192.168.1.235,port=49985,localport=5269] session: null
2026.09.05 06:06:20 WARN  [pool-747-thread-4]: org.jivesoftware.openfire.server.ServerDialback[Acting as Originating Server: Create Outgoing Session from: 127.0.0.1 to RS at: 192.168.1.235 (port: 5269)] - Unable to create a new outgoing session
2026.09.05 06:06:20 WARN  [pool-747-thread-4]: org.jivesoftware.openfire.session.LocalOutgoingServerSession[Create outgoing session for: 127.0.0.1 to 192.168.1.235] - Unable to create a new session: Dialback (as a fallback) failed.
2026.09.05 06:06:20 WARN  [pool-747-thread-4]: org.jivesoftware.openfire.session.LocalOutgoingServerSession[Authenticate local domain: '127.0.0.1' to remote domain: '192.168.1.235'] - Unable to authenticate: Fail to create new session.
2026.09.05 06:06:20 WARN  [Server SR - 713152659]: org.jivesoftware.openfire.net.SocketReader - Closing session due to incorrect hostname in stream header. Host: 192.168.1.235. Connection: org.jivesoftware.openfire.net.SocketConnection@6e0d3710 socket: Socket[addr=/192.168.1.235,port=49989,localport=5269] session: null
2026.09.05 06:06:20 WARN  [pool-747-thread-5]: org.jivesoftware.openfire.server.ServerDialback[Acting as Originating Server: Create Outgoing Session from: 127.0.0.1 to RS at: 192.168.1.235 (port: 5269)] - Unable to create a new outgoing session
2026.09.05 06:06:20 WARN  [Server SR - 37752534]: org.jivesoftware.openfire.net.SocketReader - Closing session due to incorrect hostname in stream header. Host: 192.168.1.235. Connection: org.jivesoftware.openfire.net.SocketConnection@17f92213 socket: Socket[addr=/192.168.1.235,port=49990,localport=5269] session: null
2026.09.05 06:06:20 WARN  [pool-747-thread-5]: org.jivesoftware.openfire.session.LocalOutgoingServerSession[Create outgoing session for: 127.0.0.1 to 192.168.1.235] - Unable to create a new session: Dialback (as a fallback) failed.
2026.09.05 06:06:20 WARN  [pool-747-thread-5]: org.jivesoftware.openfire.session.LocalOutgoingServerSession[Authenticate local domain: '127.0.0.1' to remote domain: '192.168.1.235'] - Unable to authenticate: Fail to create new session.
2026.09.05 06:13:15 WARN  [Server SR - 563284308]: org.jivesoftware.openfire.net.SocketReader - Closing session due to incorrect hostname in stream header. Host: 192.168.1.235. Connection: org.jivesoftware.openfire.net.SocketConnection@5f21c39 socket: Socket[addr=/192.168.1.235,port=50153,localport=5269] session: null
2026.09.05 06:13:15 WARN  [pool-747-thread-1]: org.jivesoftware.openfire.server.ServerDialback[Acting as Originating Server: Create Outgoing Session from: 127.0.0.1 to RS at: 192.168.1.235 (port: 5269)] - Unable to create a new outgoing session
2026.09.05 06:13:15 WARN  [Server SR - 2098252115]: org.jivesoftware.openfire.net.SocketReader - Closing session due to incorrect hostname in stream header. Host: 192.168.1.235. Connection: org.jivesoftware.openfire.net.SocketConnection@7fa44ecf socket: Socket[addr=/192.168.1.235,port=50154,localport=5269] session: null
2026.09.05 06:13:15 WARN  [pool-747-thread-1]: org.jivesoftware.openfire.session.LocalOutgoingServerSession[Create outgoing session for: 127.0.0.1 to 192.168.1.235] - Unable to create a new session: Dialback (as a fallback) failed.
2026.09.05 06:13:15 WARN  [pool-747-thread-1]: org.jivesoftware.openfire.session.LocalOutgoingServerSession[Authenticate local domain: '127.0.0.1' to remote domain: '192.168.1.235'] - Unable to authenticate: Fail to create new session.
2026.09.05 06:13:40 WARN  [Server SR - 1375108323]: org.jivesoftware.openfire.net.SocketReader - Closing session due to incorrect hostname in stream header. Host: 192.168.1.235. Connection: org.jivesoftware.openfire.net.SocketConnection@6816111c socket: Socket[addr=/192.168.1.235,port=58449,localport=5269] session: null
2026.09.05 06:13:40 WARN  [Server SR - 2002294953]: org.jivesoftware.openfire.net.SocketReader - Closing session due to incorrect hostname in stream header. Host: 192.168.1.235. Connection: org.jivesoftware.openfire.net.SocketConnection@c798224 socket: Socket[addr=/192.168.1.235,port=58450,localport=5269] session: null
2026.09.05 06:13:40 WARN  [pool-747-thread-3]: org.jivesoftware.openfire.server.ServerDialback[Acting as Originating Server: Create Outgoing Session from: 127.0.0.1 to RS at: 192.168.1.235 (port: 5269)] - Unable to create a new outgoing session
2026.09.05 06:13:40 WARN  [pool-747-thread-3]: org.jivesoftware.openfire.session.LocalOutgoingServerSession[Create outgoing session for: 127.0.0.1 to 192.168.1.235] - Unable to create a new session: Dialback (as a fallback) failed.
2026.09.05 06:13:40 WARN  [pool-747-thread-3]: org.jivesoftware.openfire.session.LocalOutgoingServerSession[Authenticate local domain: '127.0.0.1' to remote domain: '192.168.1.235'] - Unable to authenticate: Fail to create new session.
2026.09.05 06:14:10 WARN  [Server SR - 1307412955]: org.jivesoftware.openfire.net.SocketReader - Closing session due to incorrect hostname in stream header. Host: 192.168.1.235. Connection: org.jivesoftware.openfire.net.SocketConnection@2f9ee9af socket: Socket[addr=/192.168.1.235,port=58466,localport=5269] session: null
2026.09.05 06:14:10 WARN  [Server SR - 1047201313]: org.jivesoftware.openfire.net.SocketReader - Closing session due to incorrect hostname in stream header. Host: 192.168.1.235. Connection: org.jivesoftware.openfire.net.SocketConnection@dc55ae0 socket: Socket[addr=/192.168.1.235,port=58467,localport=5269] session: null
2026.09.05 06:14:10 WARN  [pool-747-thread-2]: org.jivesoftware.openfire.server.ServerDialback[Acting as Originating Server: Create Outgoing Session from: 127.0.0.1 to RS at: 192.168.1.235 (port: 5269)] - Unable to create a new outgoing session
2026.09.05 06:14:10 WARN  [pool-747-thread-2]: org.jivesoftware.openfire.session.LocalOutgoingServerSession[Create outgoing session for: 127.0.0.1 to 192.168.1.235] - Unable to create a new session: Dialback (as a fallback) failed.
2026.09.05 06:14:10 WARN  [pool-747-thread-2]: org.jivesoftware.openfire.session.LocalOutgoingServerSession[Authenticate local domain: '127.0.0.1' to remote domain: '192.168.1.235'] - Unable to authenticate: Fail to create new session.
2026.09.05 06:14:27 WARN  [Server SR - 1206041988]: org.jivesoftware.openfire.net.SocketReader - Closing session due to incorrect hostname in stream header. Host: 192.168.1.235. Connection: org.jivesoftware.openfire.net.SocketConnection@66e053d2 socket: Socket[addr=/192.168.1.235,port=58479,localport=5269] session: null
2026.09.05 06:14:28 WARN  [pool-747-thread-4]: org.jivesoftware.openfire.server.ServerDialback[Acting as Originating Server: Create Outgoing Session from: 127.0.0.1 to RS at: 192.168.1.235 (port: 5269)] - Unable to create a new outgoing session
2026.09.05 06:14:28 WARN  [Server SR - 116110823]: org.jivesoftware.openfire.net.SocketReader - Closing session due to incorrect hostname in stream header. Host: 192.168.1.235. Connection: org.jivesoftware.openfire.net.SocketConnection@6057fdc2 socket: Socket[addr=/192.168.1.235,port=58480,localport=5269] session: null
2026.09.05 06:14:28 WARN  [pool-747-thread-4]: org.jivesoftware.openfire.session.LocalOutgoingServerSession[Create outgoing session for: 127.0.0.1 to 192.168.1.235] - Unable to create a new session: Dialback (as a fallback) failed.
2026.09.05 06:14:28 WARN  [pool-747-thread-4]: org.jivesoftware.openfire.session.LocalOutgoingServerSession[Authenticate local domain: '127.0.0.1' to remote domain: '192.168.1.235'] - Unable to authenticate: Fail to create new session.
2026.09.05 06:15:49 WARN  [Server SR - 808290172]: org.jivesoftware.openfire.net.SocketReader - Closing session due to incorrect hostname in stream header. Host: 192.168.1.235. Connection: org.jivesoftware.openfire.net.SocketConnection@6271082b socket: Socket[addr=/192.168.1.235,port=54728,localport=5269] session: null
2026.09.05 06:15:49 WARN  [Server SR - 886313413]: org.jivesoftware.openfire.net.SocketReader - Closing session due to incorrect hostname in stream header. Host: 192.168.1.235. Connection: org.jivesoftware.openfire.net.SocketConnection@6fcbc556 socket: Socket[addr=/192.168.1.235,port=54729,localport=5269] session: null
2026.09.05 06:15:49 WARN  [pool-747-thread-5]: org.jivesoftware.openfire.server.ServerDialback[Acting as Originating Server: Create Outgoing Session from: 127.0.0.1 to RS at: 192.168.1.235 (port: 5269)] - Unable to create a new outgoing session
2026.09.05 06:15:49 WARN  [pool-747-thread-5]: org.jivesoftware.openfire.session.LocalOutgoingServerSession[Create outgoing session for: 127.0.0.1 to 192.168.1.235] - Unable to create a new session: Dialback (as a fallback) failed.
2026.09.05 06:15:49 WARN  [pool-747-thread-5]: org.jivesoftware.openfire.session.LocalOutgoingServerSession[Authenticate local domain: '127.0.0.1' to remote domain: '192.168.1.235'] - Unable to authenticate: Fail to create new session.
2026.09.05 06:15:58 WARN  [Server SR - 38014446]: org.jivesoftware.openfire.net.SocketReader - Closing session due to incorrect hostname in stream header. Host: 192.168.1.235. Connection: org.jivesoftware.openfire.net.SocketConnection@5e8e6724 socket: Socket[addr=/192.168.1.235,port=54736,localport=5269] session: null
2026.09.05 06:15:58 WARN  [Server SR - 660270107]: org.jivesoftware.openfire.net.SocketReader - Closing session due to incorrect hostname in stream header. Host: 192.168.1.235. Connection: org.jivesoftware.openfire.net.SocketConnection@33149985 socket: Socket[addr=/192.168.1.235,port=54737,localport=5269] session: null
2026.09.05 06:15:58 WARN  [pool-747-thread-1]: org.jivesoftware.openfire.server.ServerDialback[Acting as Originating Server: Create Outgoing Session from: 127.0.0.1 to RS at: 192.168.1.235 (port: 5269)] - Unable to create a new outgoing session
2026.09.05 06:15:58 WARN  [pool-747-thread-1]: org.jivesoftware.openfire.session.LocalOutgoingServerSession[Create outgoing session for: 127.0.0.1 to 192.168.1.235] - Unable to create a new session: Dialback (as a fallback) failed.
2026.09.05 06:15:58 WARN  [pool-747-thread-1]: org.jivesoftware.openfire.session.LocalOutgoingServerSession[Authenticate local domain: '127.0.0.1' to remote domain: '192.168.1.235'] - Unable to authenticate: Fail to create new session.
2026.09.05 06:17:13 WARN  [pool-747-thread-3]: org.jivesoftware.openfire.net.SocketUtil - Unable to create a socket connection to XMPP domain 'conference.192.168.1.235' using remote host: conference.192.168.1.235:5269. Cause: conference.192.168.1.235 (a full stacktrace is logged on debug level)
2026.09.05 06:17:13 WARN  [pool-747-thread-3]: org.jivesoftware.openfire.net.SocketUtil - Unable to create a socket connection to XMPP domain 'conference.192.168.1.235': Unable to connect to any of its remote hosts.
2026.09.05 06:17:13 INFO  [pool-747-thread-3]: org.jivesoftware.openfire.session.LocalOutgoingServerSession[Create outgoing session for: 127.0.0.1 to conference.192.168.1.235] - Unable to create new session: Cannot create a plain socket connection with any applicable remote host.
2026.09.05 06:17:13 WARN  [pool-747-thread-3]: org.jivesoftware.openfire.session.LocalOutgoingServerSession[Authenticate local domain: '127.0.0.1' to remote domain: 'conference.192.168.1.235'] - Unable to authenticate: Fail to create new session.
2026.09.05 06:25:01 WARN  [socket_c2s-thread-3]: org.jivesoftware.openfire.nio.ConnectionHandler - Closing connection due to exception in session: (0x00000004: nio socket, server, null => 0.0.0.0/0.0.0.0:5222)
java.io.IOException: Se ha forzado la interrupción de una conexión existente por el host remoto
	at sun.nio.ch.SocketDispatcher.read0(Native Method) ~[?:?]
	at sun.nio.ch.SocketDispatcher.read(SocketDispatcher.java:43) ~[?:?]
	at sun.nio.ch.IOUtil.readIntoNativeBuffer(IOUtil.java:276) ~[?:?]
	at sun.nio.ch.IOUtil.read(IOUtil.java:245) ~[?:?]
	at sun.nio.ch.IOUtil.read(IOUtil.java:223) ~[?:?]
	at sun.nio.ch.SocketChannelImpl.read(SocketChannelImpl.java:356) ~[?:?]
	at org.apache.mina.transport.socket.nio.NioProcessor.read(NioProcessor.java:378) ~[mina-core-2.1.3.jar:?]
	at org.apache.mina.transport.socket.nio.NioProcessor.read(NioProcessor.java:47) ~[mina-core-2.1.3.jar:?]
	at org.apache.mina.core.polling.AbstractPollingIoProcessor.read(AbstractPollingIoProcessor.java:519) ~[mina-core-2.1.3.jar:?]
	at org.apache.mina.core.polling.AbstractPollingIoProcessor.access$1200(AbstractPollingIoProcessor.java:68) ~[mina-core-2.1.3.jar:?]
	at org.apache.mina.core.polling.AbstractPollingIoProcessor$Processor.process(AbstractPollingIoProcessor.java:1222) ~[mina-core-2.1.3.jar:?]
	at org.apache.mina.core.polling.AbstractPollingIoProcessor$Processor.process(AbstractPollingIoProcessor.java:1211) ~[mina-core-2.1.3.jar:?]
	at org.apache.mina.core.polling.AbstractPollingIoProcessor$Processor.run(AbstractPollingIoProcessor.java:683) ~[mina-core-2.1.3.jar:?]
	at org.apache.mina.util.NamePreservingRunnable.run(NamePreservingRunnable.java:64) ~[mina-core-2.1.3.jar:?]
	at java.util.concurrent.ThreadPoolExecutor.runWorker(ThreadPoolExecutor.java:1128) ~[?:?]
	at java.util.concurrent.ThreadPoolExecutor$Worker.run(ThreadPoolExecutor.java:628) ~[?:?]
	at java.lang.Thread.run(Thread.java:829) [?:?]
2026.09.05 15:50:18 INFO  [main]: org.jivesoftware.openfire.XMPPServer - Registering shutdown hook (standalone mode)
2026.09.05 15:50:18 INFO  [main]: hsqldb.db.HSQLDBA0638C63BF.ENGINE - checkpointClose start
2026.09.05 15:50:18 INFO  [main]: hsqldb.db.HSQLDBA0638C63BF.ENGINE - checkpointClose synched
2026.09.05 15:50:18 INFO  [main]: hsqldb.db.HSQLDBA0638C63BF.ENGINE - checkpointClose script done
2026.09.05 15:50:18 INFO  [main]: hsqldb.db.HSQLDBA0638C63BF.ENGINE - checkpointClose end
2026.09.05 15:50:18 INFO  [main]: org.jivesoftware.util.cache.CacheFactory - Created cache [org.jivesoftware.util.cache.DefaultLocalCacheStrategy] for Routing Servers Cache
2026.09.05 15:50:18 INFO  [main]: org.jivesoftware.util.cache.CacheFactory - Created cache [org.jivesoftware.util.cache.DefaultLocalCacheStrategy] for Routing Components Cache
2026.09.05 15:50:18 INFO  [main]: org.jivesoftware.util.cache.CacheFactory - Created cache [org.jivesoftware.util.cache.DefaultLocalCacheStrategy] for Routing Users Cache
2026.09.05 15:50:18 INFO  [main]: org.jivesoftware.util.cache.CacheFactory - Created cache [org.jivesoftware.util.cache.DefaultLocalCacheStrategy] for Routing AnonymousUsers Cache
2026.09.05 15:50:18 INFO  [main]: org.jivesoftware.util.cache.CacheFactory - Created cache [org.jivesoftware.util.cache.DefaultLocalCacheStrategy] for Routing User Sessions
2026.09.05 15:50:18 INFO  [main]: org.jivesoftware.util.cache.CacheFactory - Created cache [org.jivesoftware.util.cache.DefaultLocalCacheStrategy] for Roster
2026.09.05 15:50:18 INFO  [main]: org.jivesoftware.util.cache.CacheFactory - Created cache [org.jivesoftware.util.cache.DefaultLocalCacheStrategy] for RosterItems
2026.09.05 15:50:18 INFO  [main]: org.jivesoftware.util.cache.CacheFactory - Created cache [org.jivesoftware.util.cache.DefaultLocalCacheStrategy] for Multicast Service
2026.09.05 15:50:18 INFO  [main]: org.jivesoftware.util.cache.CacheFactory - Created cache [org.jivesoftware.util.cache.DefaultLocalCacheStrategy] for Offline Message Size
2026.09.05 15:50:18 INFO  [main]: org.jivesoftware.util.cache.CacheFactory - Created cache [org.jivesoftware.util.cache.DefaultLocalCacheStrategy] for VCard
2026.09.05 15:50:18 INFO  [main]: org.jivesoftware.util.cache.CacheFactory - Created cache [org.jivesoftware.util.cache.DefaultLocalCacheStrategy] for Privacy Lists
2026.09.05 15:50:18 INFO  [main]: org.jivesoftware.util.cache.CacheFactory - Created cache [org.jivesoftware.util.cache.DefaultLocalCacheStrategy] for File Transfer Cache
2026.09.05 15:50:18 INFO  [main]: org.jivesoftware.util.cache.CacheFactory - Created cache [org.jivesoftware.util.cache.DefaultLocalCacheStrategy] for Offline Presence Cache
2026.09.05 15:50:18 INFO  [main]: org.jivesoftware.util.cache.CacheFactory - Created cache [org.jivesoftware.util.cache.DefaultLocalCacheStrategy] for Last Activity Cache
2026.09.05 15:50:18 INFO  [main]: org.jivesoftware.util.cache.CacheFactory - Created cache [org.jivesoftware.util.cache.DefaultLocalCacheStrategy] for User
2026.09.05 15:50:18 INFO  [main]: org.jivesoftware.util.cache.CacheFactory - Created cache [org.jivesoftware.util.cache.DefaultLocalCacheStrategy] for Remote Users Existence
2026.09.05 15:50:18 INFO  [main]: org.jivesoftware.util.cache.CacheFactory - Created cache [org.jivesoftware.util.cache.DefaultLocalCacheStrategy] for Components Sessions
2026.09.05 15:50:18 INFO  [main]: org.jivesoftware.util.cache.CacheFactory - Created cache [org.jivesoftware.util.cache.DefaultLocalCacheStrategy] for Connection Managers Sessions
2026.09.05 15:50:18 INFO  [main]: org.jivesoftware.util.cache.CacheFactory - Created cache [org.jivesoftware.util.cache.DefaultLocalCacheStrategy] for Incoming Server Sessions
2026.09.05 15:50:18 INFO  [main]: org.jivesoftware.util.cache.CacheFactory - Created cache [org.jivesoftware.util.cache.DefaultLocalCacheStrategy] for Sessions by Hostname
2026.09.05 15:50:18 INFO  [main]: org.jivesoftware.util.cache.CacheFactory - Created cache [org.jivesoftware.util.cache.DefaultLocalCacheStrategy] for Validated Domains
2026.09.05 15:50:18 INFO  [main]: org.jivesoftware.util.cache.CacheFactory - Created cache [org.jivesoftware.util.cache.DefaultLocalCacheStrategy] for Client Session Info Cache
2026.09.05 15:50:18 INFO  [main]: org.jivesoftware.util.cache.CacheFactory - Created cache [org.jivesoftware.util.cache.DefaultLocalCacheStrategy] for Directed Presences
2026.09.05 15:50:18 INFO  [main]: org.jivesoftware.util.cache.CacheFactory - Created local-only cache [org.jivesoftware.util.cache.DefaultLocalCacheStrategy] for PEPServiceManager
2026.09.05 15:50:18 INFO  [main]: org.jivesoftware.util.cache.CacheFactory - Created cache [org.jivesoftware.util.cache.DefaultLocalCacheStrategy] for File Transfer
2026.09.05 15:50:18 INFO  [main]: org.jivesoftware.util.cache.CacheFactory - Created cache [org.jivesoftware.util.cache.DefaultLocalCacheStrategy] for Published Items
2026.09.05 15:50:18 INFO  [main]: org.jivesoftware.util.cache.CacheFactory - Created cache [org.jivesoftware.util.cache.DefaultLocalCacheStrategy] for Disco Server Features
2026.09.05 15:50:18 INFO  [main]: org.jivesoftware.util.cache.CacheFactory - Created cache [org.jivesoftware.util.cache.DefaultLocalCacheStrategy] for Disco Server Items
2026.09.05 15:50:18 INFO  [main]: org.jivesoftware.util.cache.CacheFactory - Created cache [org.jivesoftware.util.cache.DefaultLocalCacheStrategy] for Components
2026.09.05 15:50:18 INFO  [main]: org.jivesoftware.util.cache.CacheFactory - Created local-only cache [org.jivesoftware.util.cache.DefaultLocalCacheStrategy] for Entity Capabilities
2026.09.05 15:50:18 INFO  [main]: org.jivesoftware.util.cache.CacheFactory - Created local-only cache [org.jivesoftware.util.cache.DefaultLocalCacheStrategy] for Entity Capabilities Users
2026.09.05 15:50:18 INFO  [main]: org.jivesoftware.util.cache.CacheFactory - Created cache [org.jivesoftware.util.cache.DefaultLocalCacheStrategy] for Group
2026.09.05 15:50:18 INFO  [main]: org.jivesoftware.util.cache.CacheFactory - Created cache [org.jivesoftware.util.cache.DefaultLocalCacheStrategy] for Group Metadata Cache
2026.09.05 15:50:18 INFO  [main]: org.jivesoftware.openfire.pubsub.PubSubModule - Dominio de Publicar-Suscribir: pubsub.127.0.0.1
2026.09.05 15:50:18 INFO  [main]: org.jivesoftware.openfire.muc.spi.MultiUserChatServiceImpl - Dominio de Chat Multi-usuario: conference.127.0.0.1
2026.09.05 15:50:19 INFO  [main]: org.jivesoftware.openfire.XMPPServer - Openfire 4.5.0 Alpha [Sep 5, 2026, 3:50:19 PM]
2026.09.05 15:50:19 WARN  [pool-5-thread-1]: org.jivesoftware.openfire.container.AdminConsolePlugin - Admin console: Identity store does not have any certificates. HTTPS will be unavailable.
2026.09.05 15:50:19 INFO  [main]: org.jivesoftware.openfire.XMPPServer - Accessing SystemProperty field org.jivesoftware.openfire.auth.AuthFactory#PASSWORD_KEY
2026.09.05 15:50:19 INFO  [main]: org.jivesoftware.openfire.XMPPServer - Accessing SystemProperty field org.jivesoftware.openfire.auth.AuthFactory#AUTH_PROVIDER
2026.09.05 15:50:19 INFO  [main]: org.jivesoftware.openfire.XMPPServer - Accessing SystemProperty field org.jivesoftware.openfire.sasl.ScramSha1SaslServer#ITERATION_COUNT
2026.09.05 15:50:19 INFO  [main]: org.jivesoftware.openfire.XMPPServer - Accessing SystemProperty field org.jivesoftware.openfire.vcard.VCardManager#VCARD_PROVIDER
2026.09.05 15:50:19 INFO  [main]: org.jivesoftware.openfire.XMPPServer - Accessing SystemProperty field org.jivesoftware.openfire.auth.HybridAuthProvider#PRIMARY_PROVIDER
2026.09.05 15:50:19 INFO  [main]: org.jivesoftware.openfire.XMPPServer - Accessing SystemProperty field org.jivesoftware.openfire.auth.HybridAuthProvider#SECONDARY_PROVIDER
2026.09.05 15:50:19 INFO  [main]: org.jivesoftware.openfire.XMPPServer - Accessing SystemProperty field org.jivesoftware.openfire.auth.HybridAuthProvider#TERTIARY_PROVIDER
2026.09.05 15:50:19 INFO  [main]: org.jivesoftware.openfire.XMPPServer - Accessing SystemProperty field org.jivesoftware.openfire.lockout.LockOutManager#LOCKOUT_PROVIDER
2026.09.05 15:50:19 INFO  [main]: org.jivesoftware.openfire.XMPPServer - Accessing SystemProperty field org.jivesoftware.openfire.user.UserManager#USER_PROVIDER
2026.09.05 15:50:19 INFO  [main]: org.jivesoftware.openfire.XMPPServer - Accessing SystemProperty field org.jivesoftware.openfire.user.UserManager#REMOTE_DISCO_INFO_TIMEOUT
2026.09.05 15:50:19 INFO  [main]: org.jivesoftware.openfire.XMPPServer - Accessing SystemProperty field org.jivesoftware.openfire.user.UserManager#USER_PROPERTY_PROVIDER
2026.09.05 15:50:19 INFO  [main]: org.jivesoftware.openfire.XMPPServer - Accessing SystemProperty field org.jivesoftware.openfire.SessionManager#CONFLICT_LIMIT
2026.09.05 15:50:19 INFO  [main]: org.jivesoftware.openfire.XMPPServer - Accessing SystemProperty field org.jivesoftware.openfire.group.GroupManager#GROUP_PROVIDER
2026.09.05 15:50:19 INFO  [main]: org.jivesoftware.openfire.XMPPServer - Accessing SystemProperty field org.jivesoftware.openfire.muc.spi.IQMuclumbusSearchHandler#PROPERTY_ENABLED
2026.09.05 15:50:19 INFO  [main]: org.jivesoftware.openfire.XMPPServer - Accessing SystemProperty field org.jivesoftware.openfire.sasl.AnonymousSaslServer#ENABLED
2026.09.05 15:50:19 INFO  [main]: org.jivesoftware.openfire.XMPPServer - Accessing SystemProperty field org.jivesoftware.openfire.net.SASLAuthentication#SKIP_PEER_CERT_REVALIDATION_CLIENT
2026.09.05 15:50:19 INFO  [main]: org.jivesoftware.openfire.net.SASLAuthentication - Support added for the 'ANONYMOUS' SASL mechanism.
2026.09.05 15:50:19 INFO  [main]: org.jivesoftware.openfire.net.SASLAuthentication - Support added for the 'PLAIN' SASL mechanism.
2026.09.05 15:50:19 INFO  [main]: org.jivesoftware.openfire.net.SASLAuthentication - Support added for the 'DIGEST-MD5' SASL mechanism.
2026.09.05 15:50:19 INFO  [main]: org.jivesoftware.openfire.net.SASLAuthentication - Support added for the 'CRAM-MD5' SASL mechanism.
2026.09.05 15:50:19 INFO  [main]: org.jivesoftware.openfire.net.SASLAuthentication - Support added for the 'SCRAM-SHA-1' SASL mechanism.
2026.09.05 15:50:19 INFO  [main]: org.jivesoftware.openfire.net.SASLAuthentication - Support added for the 'JIVE-SHAREDSECRET' SASL mechanism.
2026.09.05 15:50:19 INFO  [main]: org.jivesoftware.openfire.net.SASLAuthentication - Support added for the 'GSSAPI' SASL mechanism.
2026.09.05 15:50:19 INFO  [main]: org.jivesoftware.openfire.net.SASLAuthentication - Support added for the 'EXTERNAL' SASL mechanism.
2026.09.05 15:50:19 INFO  [main]: org.jivesoftware.openfire.XMPPServer - Accessing SystemProperty field org.jivesoftware.openfire.XMPPServerInfo#XMPP_DOMAIN
2026.09.05 15:50:19 INFO  [main]: org.jivesoftware.openfire.XMPPServer - Accessing SystemProperty field org.jivesoftware.openfire.sasl.ExternalClientSaslServer#PROPERTY_SASL_EXTERNAL_CLIENT_SUPPRESS_MATCHING_REALMNAME
2026.09.05 15:50:19 INFO  [main]: org.jivesoftware.openfire.XMPPServer - Accessing SystemProperty field org.jivesoftware.openfire.admin.AdminManager#ADMIN_PROVIDER
2026.09.05 15:50:19 INFO  [main]: org.jivesoftware.openfire.XMPPServer - Accessing SystemProperty field org.jivesoftware.openfire.security.SecurityAuditManager#AUDIT_PROVIDER
2026.09.05 15:50:19 INFO  [main]: org.jivesoftware.openfire.XMPPServer - Accessing SystemProperty field org.jivesoftware.openfire.admin.DefaultAdminProvider#ADMIN_JIDS
2026.09.05 15:50:19 INFO  [main]: org.jivesoftware.openfire.XMPPServer - Accessing SystemProperty field org.jivesoftware.openfire.cluster.ClusterMonitor#ENABLED
2026.09.05 15:50:20 INFO  [main]: org.jivesoftware.openfire.XMPPServer - Accessing SystemProperty field org.jivesoftware.openfire.ldap.LdapVCardProvider#STORE_AVATAR_IN_DB
2026.09.05 15:50:20 INFO  [main]: org.jivesoftware.openfire.XMPPServer - Accessing SystemProperty field org.jivesoftware.openfire.spi.EncryptionArtifactFactory#TRUST_MANAGER_CLASS
2026.09.05 15:50:20 INFO  [main]: org.jivesoftware.openfire.XMPPServer - Accessing SystemProperty field org.jivesoftware.openfire.update.UpdateManager#ENABLED
2026.09.05 15:50:20 INFO  [main]: org.jivesoftware.openfire.XMPPServer - Accessing SystemProperty field org.jivesoftware.openfire.update.UpdateManager#NOTIFY_ADMINS
2026.09.05 15:50:20 INFO  [main]: org.jivesoftware.openfire.XMPPServer - Accessing SystemProperty field org.jivesoftware.openfire.update.UpdateManager#LAST_UPDATE_CHECK
2026.09.05 15:50:20 INFO  [main]: org.jivesoftware.openfire.XMPPServer - Accessing SystemProperty field org.jivesoftware.openfire.update.UpdateManager#UPDATE_FREQUENCY
2026.09.05 15:50:20 INFO  [main]: org.jivesoftware.openfire.XMPPServer - Accessing SystemProperty field org.jivesoftware.openfire.update.UpdateManager#PROXY_HOST
2026.09.05 15:50:20 INFO  [main]: org.jivesoftware.openfire.XMPPServer - Accessing SystemProperty field org.jivesoftware.openfire.update.UpdateManager#PROXY_PORT
2026.09.05 15:50:20 INFO  [pool-5-thread-1]: org.jivesoftware.util.cache.CacheFactory - Created cache [org.jivesoftware.util.cache.DefaultLocalCacheStrategy] for Favicon Misses
2026.09.05 15:50:20 INFO  [pool-5-thread-1]: org.jivesoftware.util.cache.CacheFactory - Created cache [org.jivesoftware.util.cache.DefaultLocalCacheStrategy] for Favicon Hits
2026.09.05 15:50:20 INFO  [pool-5-thread-1]: org.jivesoftware.openfire.container.AdminConsolePlugin - Consola de administración escuchando en http://127.0.0.1:9090
2026.09.05 15:50:20 INFO  [pool-5-thread-1]: org.jivesoftware.openfire.container.PluginManager - Successfully loaded plugin 'admin'.
2026.09.05 15:50:20 INFO  [pool-6-thread-2]: org.jivesoftware.openfire.container.PluginManager - Successfully loaded plugin 'nonsaslauthentication'.
2026.09.05 15:50:20 INFO  [pool-6-thread-4]: org.jivesoftware.openfire.container.PluginManager - Successfully loaded plugin 'search'.
2026.09.05 15:50:20 INFO  [pool-6-thread-3]: org.jivesoftware.openfire.container.PluginManager - Successfully loaded plugin 'restapi'.
2026.09.05 15:50:20 INFO  [pool-5-thread-1]: org.jivesoftware.openfire.container.PluginMonitor - Finished processing all plugins.
2026.09.05 15:50:20 INFO  [pool-5-thread-1]: org.jivesoftware.openfire.spi.ConnectionListener[socket_c2s] - Started.
2026.09.05 15:50:20 INFO  [pool-5-thread-1]: org.jivesoftware.openfire.spi.ConnectionListener[socket_c2s-legacyMode] - Started.
2026.09.05 15:50:20 WARN  [pool-5-thread-1]: org.jivesoftware.openfire.spi.LegacyConnectionAcceptor - Configuration allows for up to 16 threads, although implementation is limited to exactly one.
2026.09.05 15:50:20 INFO  [pool-5-thread-1]: org.jivesoftware.openfire.spi.ConnectionListener[socket_s2s] - Started.
2026.09.05 15:50:20 WARN  [pool-5-thread-1]: org.jivesoftware.openfire.spi.LegacyConnectionAcceptor - Configuration allows for up to 16 threads, although implementation is limited to exactly one.
2026.09.05 15:50:20 INFO  [pool-5-thread-1]: org.jivesoftware.openfire.spi.ConnectionListener[socket_s2s-legacyMode] - Started.
2026.09.05 15:50:21 INFO  [pool-5-thread-1]: org.jivesoftware.openfire.spi.ConnectionListener[component] - Started.
2026.09.05 15:50:21 INFO  [pool-5-thread-1]: org.jivesoftware.openfire.spi.ConnectionListener[component-legacyMode] - Started.
2026.09.05 15:50:21 INFO  [pool-5-thread-1]: org.jivesoftware.openfire.spi.ConnectionListener[connection_manager] - Started.
2026.09.05 15:50:21 INFO  [pool-5-thread-1]: org.jivesoftware.openfire.spi.ConnectionListener[connection_manager-legacyMode] - Started.
2026.09.05 15:50:21 INFO  [pool-5-thread-1]: org.jivesoftware.openfire.http.HttpSessionManager - Starting instance
2026.09.05 15:50:21 INFO  [pool-5-thread-1]: org.jivesoftware.openfire.http.HttpBindManager - HTTP bind service started
2026.09.05 15:50:48 INFO  [socket_c2s-thread-2]: org.jivesoftware.util.cache.CacheFactory - Created cache [org.jivesoftware.util.cache.DefaultLocalCacheStrategy] for Locked Out Accounts
2026.09.05 20:49:16 WARN  [socket_c2s-thread-2]: org.jivesoftware.openfire.nio.ConnectionHandler - Closing connection due to exception in session: (0x00000002: nio socket, server, 192.168.1.235/192.168.1.235:61527 => 0.0.0.0/0.0.0.0:5222)
java.io.IOException: Se ha forzado la interrupción de una conexión existente por el host remoto
	at sun.nio.ch.SocketDispatcher.read0(Native Method) ~[?:?]
	at sun.nio.ch.SocketDispatcher.read(SocketDispatcher.java:43) ~[?:?]
	at sun.nio.ch.IOUtil.readIntoNativeBuffer(IOUtil.java:276) ~[?:?]
	at sun.nio.ch.IOUtil.read(IOUtil.java:245) ~[?:?]
	at sun.nio.ch.IOUtil.read(IOUtil.java:223) ~[?:?]
	at sun.nio.ch.SocketChannelImpl.read(SocketChannelImpl.java:356) ~[?:?]
	at org.apache.mina.transport.socket.nio.NioProcessor.read(NioProcessor.java:378) ~[mina-core-2.1.3.jar:?]
	at org.apache.mina.transport.socket.nio.NioProcessor.read(NioProcessor.java:47) ~[mina-core-2.1.3.jar:?]
	at org.apache.mina.core.polling.AbstractPollingIoProcessor.read(AbstractPollingIoProcessor.java:519) ~[mina-core-2.1.3.jar:?]
	at org.apache.mina.core.polling.AbstractPollingIoProcessor.access$1200(AbstractPollingIoProcessor.java:68) ~[mina-core-2.1.3.jar:?]
	at org.apache.mina.core.polling.AbstractPollingIoProcessor$Processor.process(AbstractPollingIoProcessor.java:1222) ~[mina-core-2.1.3.jar:?]
	at org.apache.mina.core.polling.AbstractPollingIoProcessor$Processor.process(AbstractPollingIoProcessor.java:1211) ~[mina-core-2.1.3.jar:?]
	at org.apache.mina.core.polling.AbstractPollingIoProcessor$Processor.run(AbstractPollingIoProcessor.java:683) ~[mina-core-2.1.3.jar:?]
	at org.apache.mina.util.NamePreservingRunnable.run(NamePreservingRunnable.java:64) ~[mina-core-2.1.3.jar:?]
	at java.util.concurrent.ThreadPoolExecutor.runWorker(ThreadPoolExecutor.java:1128) ~[?:?]
	at java.util.concurrent.ThreadPoolExecutor$Worker.run(ThreadPoolExecutor.java:628) ~[?:?]
	at java.lang.Thread.run(Thread.java:829) [?:?]
2026.09.05 21:14:06 INFO  [main]: org.jivesoftware.openfire.XMPPServer - Registering shutdown hook (standalone mode)
2026.09.05 21:14:06 INFO  [main]: hsqldb.db.HSQLDBA0638C63BF.ENGINE - checkpointClose start
2026.09.05 21:14:06 INFO  [main]: hsqldb.db.HSQLDBA0638C63BF.ENGINE - checkpointClose synched
2026.09.05 21:14:06 INFO  [main]: hsqldb.db.HSQLDBA0638C63BF.ENGINE - checkpointClose script done
2026.09.05 21:14:06 INFO  [main]: hsqldb.db.HSQLDBA0638C63BF.ENGINE - checkpointClose end
2026.09.05 21:14:06 INFO  [main]: org.jivesoftware.util.cache.CacheFactory - Created cache [org.jivesoftware.util.cache.DefaultLocalCacheStrategy] for Routing Servers Cache
2026.09.05 21:14:06 INFO  [main]: org.jivesoftware.util.cache.CacheFactory - Created cache [org.jivesoftware.util.cache.DefaultLocalCacheStrategy] for Routing Components Cache
2026.09.05 21:14:06 INFO  [main]: org.jivesoftware.util.cache.CacheFactory - Created cache [org.jivesoftware.util.cache.DefaultLocalCacheStrategy] for Routing Users Cache
2026.09.05 21:14:06 INFO  [main]: org.jivesoftware.util.cache.CacheFactory - Created cache [org.jivesoftware.util.cache.DefaultLocalCacheStrategy] for Routing AnonymousUsers Cache
2026.09.05 21:14:06 INFO  [main]: org.jivesoftware.util.cache.CacheFactory - Created cache [org.jivesoftware.util.cache.DefaultLocalCacheStrategy] for Routing User Sessions
2026.09.05 21:14:06 INFO  [main]: org.jivesoftware.util.cache.CacheFactory - Created cache [org.jivesoftware.util.cache.DefaultLocalCacheStrategy] for Roster
2026.09.05 21:14:06 INFO  [main]: org.jivesoftware.util.cache.CacheFactory - Created cache [org.jivesoftware.util.cache.DefaultLocalCacheStrategy] for RosterItems
2026.09.05 21:14:06 INFO  [main]: org.jivesoftware.util.cache.CacheFactory - Created cache [org.jivesoftware.util.cache.DefaultLocalCacheStrategy] for Multicast Service
2026.09.05 21:14:06 INFO  [main]: org.jivesoftware.util.cache.CacheFactory - Created cache [org.jivesoftware.util.cache.DefaultLocalCacheStrategy] for Offline Message Size
2026.09.05 21:14:06 INFO  [main]: org.jivesoftware.util.cache.CacheFactory - Created cache [org.jivesoftware.util.cache.DefaultLocalCacheStrategy] for VCard
2026.09.05 21:14:06 INFO  [main]: org.jivesoftware.util.cache.CacheFactory - Created cache [org.jivesoftware.util.cache.DefaultLocalCacheStrategy] for Privacy Lists
2026.09.05 21:14:06 INFO  [main]: org.jivesoftware.util.cache.CacheFactory - Created cache [org.jivesoftware.util.cache.DefaultLocalCacheStrategy] for File Transfer Cache
2026.09.05 21:14:06 INFO  [main]: org.jivesoftware.util.cache.CacheFactory - Created cache [org.jivesoftware.util.cache.DefaultLocalCacheStrategy] for Offline Presence Cache
2026.09.05 21:14:06 INFO  [main]: org.jivesoftware.util.cache.CacheFactory - Created cache [org.jivesoftware.util.cache.DefaultLocalCacheStrategy] for Last Activity Cache
2026.09.05 21:14:06 INFO  [main]: org.jivesoftware.util.cache.CacheFactory - Created cache [org.jivesoftware.util.cache.DefaultLocalCacheStrategy] for User
2026.09.05 21:14:06 INFO  [main]: org.jivesoftware.util.cache.CacheFactory - Created cache [org.jivesoftware.util.cache.DefaultLocalCacheStrategy] for Remote Users Existence
2026.09.05 21:14:06 INFO  [main]: org.jivesoftware.util.cache.CacheFactory - Created cache [org.jivesoftware.util.cache.DefaultLocalCacheStrategy] for Components Sessions
2026.09.05 21:14:06 INFO  [main]: org.jivesoftware.util.cache.CacheFactory - Created cache [org.jivesoftware.util.cache.DefaultLocalCacheStrategy] for Connection Managers Sessions
2026.09.05 21:14:06 INFO  [main]: org.jivesoftware.util.cache.CacheFactory - Created cache [org.jivesoftware.util.cache.DefaultLocalCacheStrategy] for Incoming Server Sessions
2026.09.05 21:14:06 INFO  [main]: org.jivesoftware.util.cache.CacheFactory - Created cache [org.jivesoftware.util.cache.DefaultLocalCacheStrategy] for Sessions by Hostname
2026.09.05 21:14:06 INFO  [main]: org.jivesoftware.util.cache.CacheFactory - Created cache [org.jivesoftware.util.cache.DefaultLocalCacheStrategy] for Validated Domains
2026.09.05 21:14:06 INFO  [main]: org.jivesoftware.util.cache.CacheFactory - Created cache [org.jivesoftware.util.cache.DefaultLocalCacheStrategy] for Client Session Info Cache
2026.09.05 21:14:06 INFO  [main]: org.jivesoftware.util.cache.CacheFactory - Created cache [org.jivesoftware.util.cache.DefaultLocalCacheStrategy] for Directed Presences
2026.09.05 21:14:06 INFO  [main]: org.jivesoftware.util.cache.CacheFactory - Created local-only cache [org.jivesoftware.util.cache.DefaultLocalCacheStrategy] for PEPServiceManager
2026.09.05 21:14:06 INFO  [main]: org.jivesoftware.util.cache.CacheFactory - Created cache [org.jivesoftware.util.cache.DefaultLocalCacheStrategy] for File Transfer
2026.09.05 21:14:06 INFO  [main]: org.jivesoftware.util.cache.CacheFactory - Created cache [org.jivesoftware.util.cache.DefaultLocalCacheStrategy] for Published Items
2026.09.05 21:14:06 INFO  [main]: org.jivesoftware.util.cache.CacheFactory - Created cache [org.jivesoftware.util.cache.DefaultLocalCacheStrategy] for Disco Server Features
2026.09.05 21:14:06 INFO  [main]: org.jivesoftware.util.cache.CacheFactory - Created cache [org.jivesoftware.util.cache.DefaultLocalCacheStrategy] for Disco Server Items
2026.09.05 21:14:06 INFO  [main]: org.jivesoftware.util.cache.CacheFactory - Created cache [org.jivesoftware.util.cache.DefaultLocalCacheStrategy] for Components
2026.09.05 21:14:06 INFO  [main]: org.jivesoftware.util.cache.CacheFactory - Created local-only cache [org.jivesoftware.util.cache.DefaultLocalCacheStrategy] for Entity Capabilities
2026.09.05 21:14:06 INFO  [main]: org.jivesoftware.util.cache.CacheFactory - Created local-only cache [org.jivesoftware.util.cache.DefaultLocalCacheStrategy] for Entity Capabilities Users
2026.09.05 21:14:06 INFO  [main]: org.jivesoftware.util.cache.CacheFactory - Created cache [org.jivesoftware.util.cache.DefaultLocalCacheStrategy] for Group
2026.09.05 21:14:06 INFO  [main]: org.jivesoftware.util.cache.CacheFactory - Created cache [org.jivesoftware.util.cache.DefaultLocalCacheStrategy] for Group Metadata Cache
2026.09.05 21:14:07 INFO  [main]: org.jivesoftware.openfire.pubsub.PubSubModule - Dominio de Publicar-Suscribir: pubsub.192.168.1.235
2026.09.05 21:14:07 INFO  [main]: org.jivesoftware.openfire.muc.spi.MultiUserChatServiceImpl - Dominio de Chat Multi-usuario: conference.192.168.1.235
2026.09.05 21:14:07 INFO  [main]: org.jivesoftware.openfire.XMPPServer - Openfire 4.5.0 Alpha [Sep 5, 2026, 9:14:07 PM]
2026.09.05 21:14:07 WARN  [pool-5-thread-1]: org.jivesoftware.openfire.container.AdminConsolePlugin - Admin console: Identity store does not have any certificates. HTTPS will be unavailable.
2026.09.05 21:14:07 INFO  [main]: org.jivesoftware.openfire.XMPPServer - Accessing SystemProperty field org.jivesoftware.openfire.auth.AuthFactory#PASSWORD_KEY
2026.09.05 21:14:07 INFO  [main]: org.jivesoftware.openfire.XMPPServer - Accessing SystemProperty field org.jivesoftware.openfire.auth.AuthFactory#AUTH_PROVIDER
2026.09.05 21:14:07 INFO  [main]: org.jivesoftware.openfire.XMPPServer - Accessing SystemProperty field org.jivesoftware.openfire.sasl.ScramSha1SaslServer#ITERATION_COUNT
2026.09.05 21:14:07 INFO  [main]: org.jivesoftware.openfire.XMPPServer - Accessing SystemProperty field org.jivesoftware.openfire.vcard.VCardManager#VCARD_PROVIDER
2026.09.05 21:14:07 INFO  [main]: org.jivesoftware.openfire.XMPPServer - Accessing SystemProperty field org.jivesoftware.openfire.auth.HybridAuthProvider#PRIMARY_PROVIDER
2026.09.05 21:14:07 INFO  [main]: org.jivesoftware.openfire.XMPPServer - Accessing SystemProperty field org.jivesoftware.openfire.auth.HybridAuthProvider#SECONDARY_PROVIDER
2026.09.05 21:14:07 INFO  [main]: org.jivesoftware.openfire.XMPPServer - Accessing SystemProperty field org.jivesoftware.openfire.auth.HybridAuthProvider#TERTIARY_PROVIDER
2026.09.05 21:14:07 INFO  [main]: org.jivesoftware.openfire.XMPPServer - Accessing SystemProperty field org.jivesoftware.openfire.lockout.LockOutManager#LOCKOUT_PROVIDER
2026.09.05 21:14:07 INFO  [main]: org.jivesoftware.openfire.XMPPServer - Accessing SystemProperty field org.jivesoftware.openfire.user.UserManager#USER_PROVIDER
2026.09.05 21:14:07 INFO  [main]: org.jivesoftware.openfire.XMPPServer - Accessing SystemProperty field org.jivesoftware.openfire.user.UserManager#REMOTE_DISCO_INFO_TIMEOUT
2026.09.05 21:14:07 INFO  [main]: org.jivesoftware.openfire.XMPPServer - Accessing SystemProperty field org.jivesoftware.openfire.user.UserManager#USER_PROPERTY_PROVIDER
2026.09.05 21:14:07 INFO  [main]: org.jivesoftware.openfire.XMPPServer - Accessing SystemProperty field org.jivesoftware.openfire.SessionManager#CONFLICT_LIMIT
2026.09.05 21:14:07 INFO  [main]: org.jivesoftware.openfire.XMPPServer - Accessing SystemProperty field org.jivesoftware.openfire.group.GroupManager#GROUP_PROVIDER
2026.09.05 21:14:07 INFO  [main]: org.jivesoftware.openfire.XMPPServer - Accessing SystemProperty field org.jivesoftware.openfire.muc.spi.IQMuclumbusSearchHandler#PROPERTY_ENABLED
2026.09.05 21:14:07 INFO  [main]: org.jivesoftware.openfire.XMPPServer - Accessing SystemProperty field org.jivesoftware.openfire.sasl.AnonymousSaslServer#ENABLED
2026.09.05 21:14:07 INFO  [main]: org.jivesoftware.openfire.XMPPServer - Accessing SystemProperty field org.jivesoftware.openfire.net.SASLAuthentication#SKIP_PEER_CERT_REVALIDATION_CLIENT
2026.09.05 21:14:07 INFO  [main]: org.jivesoftware.openfire.net.SASLAuthentication - Support added for the 'ANONYMOUS' SASL mechanism.
2026.09.05 21:14:07 INFO  [main]: org.jivesoftware.openfire.net.SASLAuthentication - Support added for the 'PLAIN' SASL mechanism.
2026.09.05 21:14:07 INFO  [main]: org.jivesoftware.openfire.net.SASLAuthentication - Support added for the 'DIGEST-MD5' SASL mechanism.
2026.09.05 21:14:07 INFO  [main]: org.jivesoftware.openfire.net.SASLAuthentication - Support added for the 'CRAM-MD5' SASL mechanism.
2026.09.05 21:14:07 INFO  [main]: org.jivesoftware.openfire.net.SASLAuthentication - Support added for the 'SCRAM-SHA-1' SASL mechanism.
2026.09.05 21:14:07 INFO  [main]: org.jivesoftware.openfire.net.SASLAuthentication - Support added for the 'JIVE-SHAREDSECRET' SASL mechanism.
2026.09.05 21:14:07 INFO  [main]: org.jivesoftware.openfire.net.SASLAuthentication - Support added for the 'GSSAPI' SASL mechanism.
2026.09.05 21:14:07 INFO  [main]: org.jivesoftware.openfire.net.SASLAuthentication - Support added for the 'EXTERNAL' SASL mechanism.
2026.09.05 21:14:07 INFO  [main]: org.jivesoftware.openfire.XMPPServer - Accessing SystemProperty field org.jivesoftware.openfire.XMPPServerInfo#XMPP_DOMAIN
2026.09.05 21:14:07 INFO  [main]: org.jivesoftware.openfire.XMPPServer - Accessing SystemProperty field org.jivesoftware.openfire.sasl.ExternalClientSaslServer#PROPERTY_SASL_EXTERNAL_CLIENT_SUPPRESS_MATCHING_REALMNAME
2026.09.05 21:14:07 INFO  [main]: org.jivesoftware.openfire.XMPPServer - Accessing SystemProperty field org.jivesoftware.openfire.admin.AdminManager#ADMIN_PROVIDER
2026.09.05 21:14:07 INFO  [pool-5-thread-1]: org.jivesoftware.util.cache.CacheFactory - Created cache [org.jivesoftware.util.cache.DefaultLocalCacheStrategy] for Favicon Misses
2026.09.05 21:14:07 INFO  [pool-5-thread-1]: org.jivesoftware.util.cache.CacheFactory - Created cache [org.jivesoftware.util.cache.DefaultLocalCacheStrategy] for Favicon Hits
2026.09.05 21:14:07 INFO  [main]: org.jivesoftware.openfire.XMPPServer - Accessing SystemProperty field org.jivesoftware.openfire.security.SecurityAuditManager#AUDIT_PROVIDER
2026.09.05 21:14:07 INFO  [main]: org.jivesoftware.openfire.XMPPServer - Accessing SystemProperty field org.jivesoftware.openfire.admin.DefaultAdminProvider#ADMIN_JIDS
2026.09.05 21:14:07 INFO  [main]: org.jivesoftware.openfire.XMPPServer - Accessing SystemProperty field org.jivesoftware.openfire.cluster.ClusterMonitor#ENABLED
2026.09.05 21:14:07 INFO  [pool-5-thread-1]: org.jivesoftware.openfire.container.AdminConsolePlugin - Consola de administración escuchando en http://192.168.1.235:9090
2026.09.05 21:14:07 INFO  [main]: org.jivesoftware.openfire.XMPPServer - Accessing SystemProperty field org.jivesoftware.openfire.ldap.LdapVCardProvider#STORE_AVATAR_IN_DB
2026.09.05 21:14:07 INFO  [main]: org.jivesoftware.openfire.XMPPServer - Accessing SystemProperty field org.jivesoftware.openfire.spi.EncryptionArtifactFactory#TRUST_MANAGER_CLASS
2026.09.05 21:14:07 INFO  [main]: org.jivesoftware.openfire.XMPPServer - Accessing SystemProperty field org.jivesoftware.openfire.update.UpdateManager#ENABLED
2026.09.05 21:14:07 INFO  [main]: org.jivesoftware.openfire.XMPPServer - Accessing SystemProperty field org.jivesoftware.openfire.update.UpdateManager#NOTIFY_ADMINS
2026.09.05 21:14:07 INFO  [main]: org.jivesoftware.openfire.XMPPServer - Accessing SystemProperty field org.jivesoftware.openfire.update.UpdateManager#LAST_UPDATE_CHECK
2026.09.05 21:14:07 INFO  [main]: org.jivesoftware.openfire.XMPPServer - Accessing SystemProperty field org.jivesoftware.openfire.update.UpdateManager#UPDATE_FREQUENCY
2026.09.05 21:14:07 INFO  [main]: org.jivesoftware.openfire.XMPPServer - Accessing SystemProperty field org.jivesoftware.openfire.update.UpdateManager#PROXY_HOST
2026.09.05 21:14:07 INFO  [main]: org.jivesoftware.openfire.XMPPServer - Accessing SystemProperty field org.jivesoftware.openfire.update.UpdateManager#PROXY_PORT
2026.09.05 21:14:07 INFO  [pool-5-thread-1]: org.jivesoftware.openfire.container.PluginManager - Successfully loaded plugin 'admin'.
2026.09.05 21:14:08 INFO  [pool-6-thread-2]: org.jivesoftware.openfire.container.PluginManager - Successfully loaded plugin 'nonsaslauthentication'.
2026.09.05 21:14:08 INFO  [pool-6-thread-4]: org.jivesoftware.openfire.container.PluginManager - Successfully loaded plugin 'search'.
2026.09.05 21:14:08 INFO  [pool-6-thread-3]: org.jivesoftware.openfire.container.PluginManager - Successfully loaded plugin 'restapi'.
2026.09.05 21:14:08 INFO  [pool-5-thread-1]: org.jivesoftware.openfire.container.PluginMonitor - Finished processing all plugins.
2026.09.05 21:14:08 INFO  [pool-5-thread-1]: org.jivesoftware.openfire.spi.ConnectionListener[socket_c2s] - Started.
2026.09.05 21:14:08 INFO  [pool-5-thread-1]: org.jivesoftware.openfire.spi.ConnectionListener[socket_c2s-legacyMode] - Started.
2026.09.05 21:14:08 WARN  [pool-5-thread-1]: org.jivesoftware.openfire.spi.LegacyConnectionAcceptor - Configuration allows for up to 16 threads, although implementation is limited to exactly one.
2026.09.05 21:14:08 INFO  [pool-5-thread-1]: org.jivesoftware.openfire.spi.ConnectionListener[socket_s2s] - Started.
2026.09.05 21:14:08 WARN  [pool-5-thread-1]: org.jivesoftware.openfire.spi.LegacyConnectionAcceptor - Configuration allows for up to 16 threads, although implementation is limited to exactly one.
2026.09.05 21:14:08 INFO  [pool-5-thread-1]: org.jivesoftware.openfire.spi.ConnectionListener[socket_s2s-legacyMode] - Started.
2026.09.05 21:14:08 INFO  [pool-5-thread-1]: org.jivesoftware.openfire.spi.ConnectionListener[component] - Started.
2026.09.05 21:14:08 INFO  [pool-5-thread-1]: org.jivesoftware.openfire.spi.ConnectionListener[component-legacyMode] - Started.
2026.09.05 21:14:08 INFO  [pool-5-thread-1]: org.jivesoftware.openfire.spi.ConnectionListener[connection_manager] - Started.
2026.09.05 21:14:08 INFO  [pool-5-thread-1]: org.jivesoftware.openfire.spi.ConnectionListener[connection_manager-legacyMode] - Started.
2026.09.05 21:14:08 INFO  [pool-5-thread-1]: org.jivesoftware.openfire.http.HttpSessionManager - Starting instance
2026.09.05 21:14:08 INFO  [pool-5-thread-1]: org.jivesoftware.openfire.http.HttpBindManager - HTTP bind service started
2026.09.05 21:14:33 INFO  [socket_c2s-thread-3]: org.jivesoftware.util.cache.CacheFactory - Created cache [org.jivesoftware.util.cache.DefaultLocalCacheStrategy] for Locked Out Accounts
2026.09.05 21:15:27 WARN  [TaskEngine-pool-2]: org.jivesoftware.openfire.nio.OfflinePacketDeliverer - No se pudo rutear el paquete

<iq type="get" id="119-11" to="sbrw.engine.engine@192.168.1.235/prueba" from="192.168.1.235">
  <query xmlns="jabber:iq:version"/>
</iq>
2026.09.05 21:15:51 ERROR [Jetty-QTP-AdminConsole-48]: org.jivesoftware.openfire.plugin.rest.exceptions.RESTExceptionMapper - UserNotFoundException: Could not get user with resource sbrw.101
2026.09.05 21:17:20 WARN  [TaskEngine-pool-4]: org.jivesoftware.openfire.nio.OfflinePacketDeliverer - No se pudo rutear el paquete

<iq type="get" id="629-13" to="sbrw.engine.engine@192.168.1.235/prueba2" from="192.168.1.235">
  <query xmlns="jabber:iq:version"/>
</iq>
2026.09.05 22:12:16 WARN  [socket_c2s-thread-2]: org.jivesoftware.openfire.nio.ConnectionHandler - Closing connection due to exception in session: (0x00000005: nio socket, server, null => 0.0.0.0/0.0.0.0:5222)
java.io.IOException: Se ha forzado la interrupción de una conexión existente por el host remoto
	at sun.nio.ch.SocketDispatcher.read0(Native Method) ~[?:?]
	at sun.nio.ch.SocketDispatcher.read(SocketDispatcher.java:43) ~[?:?]
	at sun.nio.ch.IOUtil.readIntoNativeBuffer(IOUtil.java:276) ~[?:?]
	at sun.nio.ch.IOUtil.read(IOUtil.java:245) ~[?:?]
	at sun.nio.ch.IOUtil.read(IOUtil.java:223) ~[?:?]
	at sun.nio.ch.SocketChannelImpl.read(SocketChannelImpl.java:356) ~[?:?]
	at org.apache.mina.transport.socket.nio.NioProcessor.read(NioProcessor.java:378) ~[mina-core-2.1.3.jar:?]
	at org.apache.mina.transport.socket.nio.NioProcessor.read(NioProcessor.java:47) ~[mina-core-2.1.3.jar:?]
	at org.apache.mina.core.polling.AbstractPollingIoProcessor.read(AbstractPollingIoProcessor.java:519) ~[mina-core-2.1.3.jar:?]
	at org.apache.mina.core.polling.AbstractPollingIoProcessor.access$1200(AbstractPollingIoProcessor.java:68) ~[mina-core-2.1.3.jar:?]
	at org.apache.mina.core.polling.AbstractPollingIoProcessor$Processor.process(AbstractPollingIoProcessor.java:1222) ~[mina-core-2.1.3.jar:?]
	at org.apache.mina.core.polling.AbstractPollingIoProcessor$Processor.process(AbstractPollingIoProcessor.java:1211) ~[mina-core-2.1.3.jar:?]
	at org.apache.mina.core.polling.AbstractPollingIoProcessor$Processor.run(AbstractPollingIoProcessor.java:683) ~[mina-core-2.1.3.jar:?]
	at org.apache.mina.util.NamePreservingRunnable.run(NamePreservingRunnable.java:64) ~[mina-core-2.1.3.jar:?]
	at java.util.concurrent.ThreadPoolExecutor.runWorker(ThreadPoolExecutor.java:1128) ~[?:?]
	at java.util.concurrent.ThreadPoolExecutor$Worker.run(ThreadPoolExecutor.java:628) ~[?:?]
	at java.lang.Thread.run(Thread.java:829) [?:?]
2026.09.06 00:34:54 WARN  [socket_c2s-thread-2]: org.jivesoftware.openfire.nio.ConnectionHandler - Closing connection due to exception in session: (0x00000002: nio socket, server, null => 0.0.0.0/0.0.0.0:5222)
java.io.IOException: Se ha forzado la interrupción de una conexión existente por el host remoto
	at sun.nio.ch.SocketDispatcher.read0(Native Method) ~[?:?]
	at sun.nio.ch.SocketDispatcher.read(SocketDispatcher.java:43) ~[?:?]
	at sun.nio.ch.IOUtil.readIntoNativeBuffer(IOUtil.java:276) ~[?:?]
	at sun.nio.ch.IOUtil.read(IOUtil.java:245) ~[?:?]
	at sun.nio.ch.IOUtil.read(IOUtil.java:223) ~[?:?]
	at sun.nio.ch.SocketChannelImpl.read(SocketChannelImpl.java:356) ~[?:?]
	at org.apache.mina.transport.socket.nio.NioProcessor.read(NioProcessor.java:378) ~[mina-core-2.1.3.jar:?]
	at org.apache.mina.transport.socket.nio.NioProcessor.read(NioProcessor.java:47) ~[mina-core-2.1.3.jar:?]
	at org.apache.mina.core.polling.AbstractPollingIoProcessor.read(AbstractPollingIoProcessor.java:519) ~[mina-core-2.1.3.jar:?]
	at org.apache.mina.core.polling.AbstractPollingIoProcessor.access$1200(AbstractPollingIoProcessor.java:68) ~[mina-core-2.1.3.jar:?]
	at org.apache.mina.core.polling.AbstractPollingIoProcessor$Processor.process(AbstractPollingIoProcessor.java:1222) ~[mina-core-2.1.3.jar:?]
	at org.apache.mina.core.polling.AbstractPollingIoProcessor$Processor.process(AbstractPollingIoProcessor.java:1211) ~[mina-core-2.1.3.jar:?]
	at org.apache.mina.core.polling.AbstractPollingIoProcessor$Processor.run(AbstractPollingIoProcessor.java:683) ~[mina-core-2.1.3.jar:?]
	at org.apache.mina.util.NamePreservingRunnable.run(NamePreservingRunnable.java:64) ~[mina-core-2.1.3.jar:?]
	at java.util.concurrent.ThreadPoolExecutor.runWorker(ThreadPoolExecutor.java:1128) ~[?:?]
	at java.util.concurrent.ThreadPoolExecutor$Worker.run(ThreadPoolExecutor.java:628) ~[?:?]
	at java.lang.Thread.run(Thread.java:829) [?:?]
2026.09.06 00:35:59 INFO  [main]: org.jivesoftware.openfire.XMPPServer - Registering shutdown hook (standalone mode)
2026.09.06 00:36:00 INFO  [main]: hsqldb.db.HSQLDBA0638C63BF.ENGINE - checkpointClose start
2026.09.06 00:36:00 INFO  [main]: hsqldb.db.HSQLDBA0638C63BF.ENGINE - checkpointClose synched
2026.09.06 00:36:00 INFO  [main]: hsqldb.db.HSQLDBA0638C63BF.ENGINE - checkpointClose script done
2026.09.06 00:36:00 INFO  [main]: hsqldb.db.HSQLDBA0638C63BF.ENGINE - checkpointClose end
2026.09.06 00:36:00 INFO  [main]: org.jivesoftware.util.cache.CacheFactory - Created cache [org.jivesoftware.util.cache.DefaultLocalCacheStrategy] for Routing Servers Cache
2026.09.06 00:36:00 INFO  [main]: org.jivesoftware.util.cache.CacheFactory - Created cache [org.jivesoftware.util.cache.DefaultLocalCacheStrategy] for Routing Components Cache
2026.09.06 00:36:00 INFO  [main]: org.jivesoftware.util.cache.CacheFactory - Created cache [org.jivesoftware.util.cache.DefaultLocalCacheStrategy] for Routing Users Cache
2026.09.06 00:36:00 INFO  [main]: org.jivesoftware.util.cache.CacheFactory - Created cache [org.jivesoftware.util.cache.DefaultLocalCacheStrategy] for Routing AnonymousUsers Cache
2026.09.06 00:36:00 INFO  [main]: org.jivesoftware.util.cache.CacheFactory - Created cache [org.jivesoftware.util.cache.DefaultLocalCacheStrategy] for Routing User Sessions
2026.09.06 00:36:00 INFO  [main]: org.jivesoftware.util.cache.CacheFactory - Created cache [org.jivesoftware.util.cache.DefaultLocalCacheStrategy] for Roster
2026.09.06 00:36:00 INFO  [main]: org.jivesoftware.util.cache.CacheFactory - Created cache [org.jivesoftware.util.cache.DefaultLocalCacheStrategy] for RosterItems
2026.09.06 00:36:00 INFO  [main]: org.jivesoftware.util.cache.CacheFactory - Created cache [org.jivesoftware.util.cache.DefaultLocalCacheStrategy] for Multicast Service
2026.09.06 00:36:00 INFO  [main]: org.jivesoftware.util.cache.CacheFactory - Created cache [org.jivesoftware.util.cache.DefaultLocalCacheStrategy] for Offline Message Size
2026.09.06 00:36:00 INFO  [main]: org.jivesoftware.util.cache.CacheFactory - Created cache [org.jivesoftware.util.cache.DefaultLocalCacheStrategy] for VCard
2026.09.06 00:36:00 INFO  [main]: org.jivesoftware.util.cache.CacheFactory - Created cache [org.jivesoftware.util.cache.DefaultLocalCacheStrategy] for Privacy Lists
2026.09.06 00:36:00 INFO  [main]: org.jivesoftware.util.cache.CacheFactory - Created cache [org.jivesoftware.util.cache.DefaultLocalCacheStrategy] for File Transfer Cache
2026.09.06 00:36:00 INFO  [main]: org.jivesoftware.util.cache.CacheFactory - Created cache [org.jivesoftware.util.cache.DefaultLocalCacheStrategy] for Offline Presence Cache
2026.09.06 00:36:00 INFO  [main]: org.jivesoftware.util.cache.CacheFactory - Created cache [org.jivesoftware.util.cache.DefaultLocalCacheStrategy] for Last Activity Cache
2026.09.06 00:36:00 INFO  [main]: org.jivesoftware.util.cache.CacheFactory - Created cache [org.jivesoftware.util.cache.DefaultLocalCacheStrategy] for User
2026.09.06 00:36:00 INFO  [main]: org.jivesoftware.util.cache.CacheFactory - Created cache [org.jivesoftware.util.cache.DefaultLocalCacheStrategy] for Remote Users Existence
2026.09.06 00:36:00 INFO  [main]: org.jivesoftware.util.cache.CacheFactory - Created cache [org.jivesoftware.util.cache.DefaultLocalCacheStrategy] for Components Sessions
2026.09.06 00:36:00 INFO  [main]: org.jivesoftware.util.cache.CacheFactory - Created cache [org.jivesoftware.util.cache.DefaultLocalCacheStrategy] for Connection Managers Sessions
2026.09.06 00:36:00 INFO  [main]: org.jivesoftware.util.cache.CacheFactory - Created cache [org.jivesoftware.util.cache.DefaultLocalCacheStrategy] for Incoming Server Sessions
2026.09.06 00:36:00 INFO  [main]: org.jivesoftware.util.cache.CacheFactory - Created cache [org.jivesoftware.util.cache.DefaultLocalCacheStrategy] for Sessions by Hostname
2026.09.06 00:36:00 INFO  [main]: org.jivesoftware.util.cache.CacheFactory - Created cache [org.jivesoftware.util.cache.DefaultLocalCacheStrategy] for Validated Domains
2026.09.06 00:36:00 INFO  [main]: org.jivesoftware.util.cache.CacheFactory - Created cache [org.jivesoftware.util.cache.DefaultLocalCacheStrategy] for Client Session Info Cache
2026.09.06 00:36:00 INFO  [main]: org.jivesoftware.util.cache.CacheFactory - Created cache [org.jivesoftware.util.cache.DefaultLocalCacheStrategy] for Directed Presences
2026.09.06 00:36:00 INFO  [main]: org.jivesoftware.util.cache.CacheFactory - Created local-only cache [org.jivesoftware.util.cache.DefaultLocalCacheStrategy] for PEPServiceManager
2026.09.06 00:36:00 INFO  [main]: org.jivesoftware.util.cache.CacheFactory - Created cache [org.jivesoftware.util.cache.DefaultLocalCacheStrategy] for File Transfer
2026.09.06 00:36:00 INFO  [main]: org.jivesoftware.util.cache.CacheFactory - Created cache [org.jivesoftware.util.cache.DefaultLocalCacheStrategy] for Published Items
2026.09.06 00:36:00 INFO  [main]: org.jivesoftware.util.cache.CacheFactory - Created cache [org.jivesoftware.util.cache.DefaultLocalCacheStrategy] for Disco Server Features
2026.09.06 00:36:00 INFO  [main]: org.jivesoftware.util.cache.CacheFactory - Created cache [org.jivesoftware.util.cache.DefaultLocalCacheStrategy] for Disco Server Items
2026.09.06 00:36:00 INFO  [main]: org.jivesoftware.util.cache.CacheFactory - Created cache [org.jivesoftware.util.cache.DefaultLocalCacheStrategy] for Components
2026.09.06 00:36:01 INFO  [main]: org.jivesoftware.util.cache.CacheFactory - Created local-only cache [org.jivesoftware.util.cache.DefaultLocalCacheStrategy] for Entity Capabilities
2026.09.06 00:36:01 INFO  [main]: org.jivesoftware.util.cache.CacheFactory - Created local-only cache [org.jivesoftware.util.cache.DefaultLocalCacheStrategy] for Entity Capabilities Users
2026.09.06 00:36:01 INFO  [main]: org.jivesoftware.util.cache.CacheFactory - Created cache [org.jivesoftware.util.cache.DefaultLocalCacheStrategy] for Group
2026.09.06 00:36:01 INFO  [main]: org.jivesoftware.util.cache.CacheFactory - Created cache [org.jivesoftware.util.cache.DefaultLocalCacheStrategy] for Group Metadata Cache
2026.09.06 00:36:01 INFO  [main]: org.jivesoftware.openfire.pubsub.PubSubModule - Dominio de Publicar-Suscribir: pubsub.192.168.1.235
2026.09.06 00:36:01 INFO  [main]: org.jivesoftware.openfire.muc.spi.MultiUserChatServiceImpl - Dominio de Chat Multi-usuario: conference.192.168.1.235
2026.09.06 00:36:01 INFO  [main]: org.jivesoftware.openfire.XMPPServer - Openfire 4.5.0 Alpha [Sep 6, 2026, 12:36:01 AM]
2026.09.06 00:36:01 WARN  [pool-5-thread-1]: org.jivesoftware.openfire.container.AdminConsolePlugin - Admin console: Identity store does not have any certificates. HTTPS will be unavailable.
2026.09.06 00:36:02 INFO  [main]: org.jivesoftware.openfire.XMPPServer - Accessing SystemProperty field org.jivesoftware.openfire.auth.AuthFactory#PASSWORD_KEY
2026.09.06 00:36:02 INFO  [main]: org.jivesoftware.openfire.XMPPServer - Accessing SystemProperty field org.jivesoftware.openfire.auth.AuthFactory#AUTH_PROVIDER
2026.09.06 00:36:02 INFO  [main]: org.jivesoftware.openfire.XMPPServer - Accessing SystemProperty field org.jivesoftware.openfire.sasl.ScramSha1SaslServer#ITERATION_COUNT
2026.09.06 00:36:02 INFO  [main]: org.jivesoftware.openfire.XMPPServer - Accessing SystemProperty field org.jivesoftware.openfire.vcard.VCardManager#VCARD_PROVIDER
2026.09.06 00:36:02 INFO  [main]: org.jivesoftware.openfire.XMPPServer - Accessing SystemProperty field org.jivesoftware.openfire.auth.HybridAuthProvider#PRIMARY_PROVIDER
2026.09.06 00:36:02 INFO  [main]: org.jivesoftware.openfire.XMPPServer - Accessing SystemProperty field org.jivesoftware.openfire.auth.HybridAuthProvider#SECONDARY_PROVIDER
2026.09.06 00:36:02 INFO  [main]: org.jivesoftware.openfire.XMPPServer - Accessing SystemProperty field org.jivesoftware.openfire.auth.HybridAuthProvider#TERTIARY_PROVIDER
2026.09.06 00:36:02 INFO  [main]: org.jivesoftware.openfire.XMPPServer - Accessing SystemProperty field org.jivesoftware.openfire.lockout.LockOutManager#LOCKOUT_PROVIDER
2026.09.06 00:36:02 INFO  [main]: org.jivesoftware.openfire.XMPPServer - Accessing SystemProperty field org.jivesoftware.openfire.user.UserManager#USER_PROVIDER
2026.09.06 00:36:02 INFO  [main]: org.jivesoftware.openfire.XMPPServer - Accessing SystemProperty field org.jivesoftware.openfire.user.UserManager#REMOTE_DISCO_INFO_TIMEOUT
2026.09.06 00:36:02 INFO  [main]: org.jivesoftware.openfire.XMPPServer - Accessing SystemProperty field org.jivesoftware.openfire.user.UserManager#USER_PROPERTY_PROVIDER
2026.09.06 00:36:02 INFO  [main]: org.jivesoftware.openfire.XMPPServer - Accessing SystemProperty field org.jivesoftware.openfire.SessionManager#CONFLICT_LIMIT
2026.09.06 00:36:02 INFO  [main]: org.jivesoftware.openfire.XMPPServer - Accessing SystemProperty field org.jivesoftware.openfire.group.GroupManager#GROUP_PROVIDER
2026.09.06 00:36:02 INFO  [main]: org.jivesoftware.openfire.XMPPServer - Accessing SystemProperty field org.jivesoftware.openfire.muc.spi.IQMuclumbusSearchHandler#PROPERTY_ENABLED
2026.09.06 00:36:02 INFO  [main]: org.jivesoftware.openfire.XMPPServer - Accessing SystemProperty field org.jivesoftware.openfire.sasl.AnonymousSaslServer#ENABLED
2026.09.06 00:36:02 INFO  [main]: org.jivesoftware.openfire.XMPPServer - Accessing SystemProperty field org.jivesoftware.openfire.net.SASLAuthentication#SKIP_PEER_CERT_REVALIDATION_CLIENT
2026.09.06 00:36:02 INFO  [main]: org.jivesoftware.openfire.net.SASLAuthentication - Support added for the 'ANONYMOUS' SASL mechanism.
2026.09.06 00:36:02 INFO  [main]: org.jivesoftware.openfire.net.SASLAuthentication - Support added for the 'PLAIN' SASL mechanism.
2026.09.06 00:36:02 INFO  [main]: org.jivesoftware.openfire.net.SASLAuthentication - Support added for the 'DIGEST-MD5' SASL mechanism.
2026.09.06 00:36:02 INFO  [main]: org.jivesoftware.openfire.net.SASLAuthentication - Support added for the 'CRAM-MD5' SASL mechanism.
2026.09.06 00:36:02 INFO  [main]: org.jivesoftware.openfire.net.SASLAuthentication - Support added for the 'SCRAM-SHA-1' SASL mechanism.
2026.09.06 00:36:02 INFO  [main]: org.jivesoftware.openfire.net.SASLAuthentication - Support added for the 'JIVE-SHAREDSECRET' SASL mechanism.
2026.09.06 00:36:02 INFO  [main]: org.jivesoftware.openfire.net.SASLAuthentication - Support added for the 'GSSAPI' SASL mechanism.
2026.09.06 00:36:02 INFO  [main]: org.jivesoftware.openfire.net.SASLAuthentication - Support added for the 'EXTERNAL' SASL mechanism.
2026.09.06 00:36:02 INFO  [main]: org.jivesoftware.openfire.XMPPServer - Accessing SystemProperty field org.jivesoftware.openfire.XMPPServerInfo#XMPP_DOMAIN
2026.09.06 00:36:02 INFO  [main]: org.jivesoftware.openfire.XMPPServer - Accessing SystemProperty field org.jivesoftware.openfire.sasl.ExternalClientSaslServer#PROPERTY_SASL_EXTERNAL_CLIENT_SUPPRESS_MATCHING_REALMNAME
2026.09.06 00:36:02 INFO  [main]: org.jivesoftware.openfire.XMPPServer - Accessing SystemProperty field org.jivesoftware.openfire.admin.AdminManager#ADMIN_PROVIDER
2026.09.06 00:36:02 INFO  [main]: org.jivesoftware.openfire.XMPPServer - Accessing SystemProperty field org.jivesoftware.openfire.security.SecurityAuditManager#AUDIT_PROVIDER
2026.09.06 00:36:02 INFO  [main]: org.jivesoftware.openfire.XMPPServer - Accessing SystemProperty field org.jivesoftware.openfire.admin.DefaultAdminProvider#ADMIN_JIDS
2026.09.06 00:36:02 INFO  [main]: org.jivesoftware.openfire.XMPPServer - Accessing SystemProperty field org.jivesoftware.openfire.cluster.ClusterMonitor#ENABLED
2026.09.06 00:36:02 INFO  [main]: org.jivesoftware.openfire.XMPPServer - Accessing SystemProperty field org.jivesoftware.openfire.ldap.LdapVCardProvider#STORE_AVATAR_IN_DB
2026.09.06 00:36:02 INFO  [main]: org.jivesoftware.openfire.XMPPServer - Accessing SystemProperty field org.jivesoftware.openfire.spi.EncryptionArtifactFactory#TRUST_MANAGER_CLASS
2026.09.06 00:36:02 INFO  [main]: org.jivesoftware.openfire.XMPPServer - Accessing SystemProperty field org.jivesoftware.openfire.update.UpdateManager#ENABLED
2026.09.06 00:36:02 INFO  [main]: org.jivesoftware.openfire.XMPPServer - Accessing SystemProperty field org.jivesoftware.openfire.update.UpdateManager#NOTIFY_ADMINS
2026.09.06 00:36:02 INFO  [main]: org.jivesoftware.openfire.XMPPServer - Accessing SystemProperty field org.jivesoftware.openfire.update.UpdateManager#LAST_UPDATE_CHECK
2026.09.06 00:36:02 INFO  [main]: org.jivesoftware.openfire.XMPPServer - Accessing SystemProperty field org.jivesoftware.openfire.update.UpdateManager#UPDATE_FREQUENCY
2026.09.06 00:36:02 INFO  [main]: org.jivesoftware.openfire.XMPPServer - Accessing SystemProperty field org.jivesoftware.openfire.update.UpdateManager#PROXY_HOST
2026.09.06 00:36:02 INFO  [main]: org.jivesoftware.openfire.XMPPServer - Accessing SystemProperty field org.jivesoftware.openfire.update.UpdateManager#PROXY_PORT
2026.09.06 00:36:02 INFO  [pool-5-thread-1]: org.jivesoftware.util.cache.CacheFactory - Created cache [org.jivesoftware.util.cache.DefaultLocalCacheStrategy] for Favicon Misses
2026.09.06 00:36:02 INFO  [pool-5-thread-1]: org.jivesoftware.util.cache.CacheFactory - Created cache [org.jivesoftware.util.cache.DefaultLocalCacheStrategy] for Favicon Hits
2026.09.06 00:36:02 INFO  [pool-5-thread-1]: org.jivesoftware.openfire.container.AdminConsolePlugin - Consola de administración escuchando en http://192.168.1.235:9090
2026.09.06 00:36:02 INFO  [pool-5-thread-1]: org.jivesoftware.openfire.container.PluginManager - Successfully loaded plugin 'admin'.
2026.09.06 00:36:02 INFO  [pool-6-thread-2]: org.jivesoftware.openfire.container.PluginManager - Successfully loaded plugin 'nonsaslauthentication'.
2026.09.06 00:36:02 INFO  [pool-6-thread-4]: org.jivesoftware.openfire.container.PluginManager - Successfully loaded plugin 'search'.
2026.09.06 00:36:03 INFO  [pool-6-thread-3]: org.jivesoftware.openfire.container.PluginManager - Successfully loaded plugin 'restapi'.
2026.09.06 00:36:03 INFO  [pool-5-thread-1]: org.jivesoftware.openfire.container.PluginMonitor - Finished processing all plugins.
2026.09.06 00:36:03 INFO  [pool-5-thread-1]: org.jivesoftware.openfire.spi.ConnectionListener[socket_c2s] - Started.
2026.09.06 00:36:03 INFO  [pool-5-thread-1]: org.jivesoftware.openfire.spi.ConnectionListener[socket_c2s-legacyMode] - Started.
2026.09.06 00:36:03 WARN  [pool-5-thread-1]: org.jivesoftware.openfire.spi.LegacyConnectionAcceptor - Configuration allows for up to 16 threads, although implementation is limited to exactly one.
2026.09.06 00:36:03 INFO  [pool-5-thread-1]: org.jivesoftware.openfire.spi.ConnectionListener[socket_s2s] - Started.
2026.09.06 00:36:03 WARN  [pool-5-thread-1]: org.jivesoftware.openfire.spi.LegacyConnectionAcceptor - Configuration allows for up to 16 threads, although implementation is limited to exactly one.
2026.09.06 00:36:03 INFO  [pool-5-thread-1]: org.jivesoftware.openfire.spi.ConnectionListener[socket_s2s-legacyMode] - Started.
2026.09.06 00:36:03 INFO  [pool-5-thread-1]: org.jivesoftware.openfire.spi.ConnectionListener[component] - Started.
2026.09.06 00:36:03 INFO  [pool-5-thread-1]: org.jivesoftware.openfire.spi.ConnectionListener[component-legacyMode] - Started.
2026.09.06 00:36:03 INFO  [pool-5-thread-1]: org.jivesoftware.openfire.spi.ConnectionListener[connection_manager] - Started.
2026.09.06 00:36:03 INFO  [pool-5-thread-1]: org.jivesoftware.openfire.spi.ConnectionListener[connection_manager-legacyMode] - Started.
2026.09.06 00:36:03 INFO  [pool-5-thread-1]: org.jivesoftware.openfire.http.HttpSessionManager - Starting instance
2026.09.06 00:36:03 INFO  [pool-5-thread-1]: org.jivesoftware.openfire.http.HttpBindManager - HTTP bind service started
2026.09.06 00:36:35 INFO  [socket_c2s-thread-3]: org.jivesoftware.util.cache.CacheFactory - Created cache [org.jivesoftware.util.cache.DefaultLocalCacheStrategy] for Locked Out Accounts
2026.09.06 00:36:41 WARN  [socket_c2s-thread-3]: org.jivesoftware.openfire.nio.ConnectionHandler - Closing connection due to exception in session: (0x00000002: nio socket, server, null => 0.0.0.0/0.0.0.0:5222)
java.io.IOException: Se ha forzado la interrupción de una conexión existente por el host remoto
	at sun.nio.ch.SocketDispatcher.read0(Native Method) ~[?:?]
	at sun.nio.ch.SocketDispatcher.read(SocketDispatcher.java:43) ~[?:?]
	at sun.nio.ch.IOUtil.readIntoNativeBuffer(IOUtil.java:276) ~[?:?]
	at sun.nio.ch.IOUtil.read(IOUtil.java:245) ~[?:?]
	at sun.nio.ch.IOUtil.read(IOUtil.java:223) ~[?:?]
	at sun.nio.ch.SocketChannelImpl.read(SocketChannelImpl.java:356) ~[?:?]
	at org.apache.mina.transport.socket.nio.NioProcessor.read(NioProcessor.java:378) ~[mina-core-2.1.3.jar:?]
	at org.apache.mina.transport.socket.nio.NioProcessor.read(NioProcessor.java:47) ~[mina-core-2.1.3.jar:?]
	at org.apache.mina.core.polling.AbstractPollingIoProcessor.read(AbstractPollingIoProcessor.java:519) ~[mina-core-2.1.3.jar:?]
	at org.apache.mina.core.polling.AbstractPollingIoProcessor.access$1200(AbstractPollingIoProcessor.java:68) ~[mina-core-2.1.3.jar:?]
	at org.apache.mina.core.polling.AbstractPollingIoProcessor$Processor.process(AbstractPollingIoProcessor.java:1222) ~[mina-core-2.1.3.jar:?]
	at org.apache.mina.core.polling.AbstractPollingIoProcessor$Processor.process(AbstractPollingIoProcessor.java:1211) ~[mina-core-2.1.3.jar:?]
	at org.apache.mina.core.polling.AbstractPollingIoProcessor$Processor.run(AbstractPollingIoProcessor.java:683) ~[mina-core-2.1.3.jar:?]
	at org.apache.mina.util.NamePreservingRunnable.run(NamePreservingRunnable.java:64) ~[mina-core-2.1.3.jar:?]
	at java.util.concurrent.ThreadPoolExecutor.runWorker(ThreadPoolExecutor.java:1128) ~[?:?]
	at java.util.concurrent.ThreadPoolExecutor$Worker.run(ThreadPoolExecutor.java:628) ~[?:?]
	at java.lang.Thread.run(Thread.java:829) [?:?]
2026.09.06 00:37:44 INFO  [main]: org.jivesoftware.openfire.XMPPServer - Registering shutdown hook (standalone mode)
2026.09.06 00:37:45 INFO  [main]: hsqldb.db.HSQLDBA0638C63BF.ENGINE - checkpointClose start
2026.09.06 00:37:45 INFO  [main]: hsqldb.db.HSQLDBA0638C63BF.ENGINE - checkpointClose synched
2026.09.06 00:37:45 INFO  [main]: hsqldb.db.HSQLDBA0638C63BF.ENGINE - checkpointClose script done
2026.09.06 00:37:45 INFO  [main]: hsqldb.db.HSQLDBA0638C63BF.ENGINE - checkpointClose end
2026.09.06 00:37:45 INFO  [main]: org.jivesoftware.util.cache.CacheFactory - Created cache [org.jivesoftware.util.cache.DefaultLocalCacheStrategy] for Routing Servers Cache
2026.09.06 00:37:45 INFO  [main]: org.jivesoftware.util.cache.CacheFactory - Created cache [org.jivesoftware.util.cache.DefaultLocalCacheStrategy] for Routing Components Cache
2026.09.06 00:37:45 INFO  [main]: org.jivesoftware.util.cache.CacheFactory - Created cache [org.jivesoftware.util.cache.DefaultLocalCacheStrategy] for Routing Users Cache
2026.09.06 00:37:45 INFO  [main]: org.jivesoftware.util.cache.CacheFactory - Created cache [org.jivesoftware.util.cache.DefaultLocalCacheStrategy] for Routing AnonymousUsers Cache
2026.09.06 00:37:45 INFO  [main]: org.jivesoftware.util.cache.CacheFactory - Created cache [org.jivesoftware.util.cache.DefaultLocalCacheStrategy] for Routing User Sessions
2026.09.06 00:37:45 INFO  [main]: org.jivesoftware.util.cache.CacheFactory - Created cache [org.jivesoftware.util.cache.DefaultLocalCacheStrategy] for Roster
2026.09.06 00:37:45 INFO  [main]: org.jivesoftware.util.cache.CacheFactory - Created cache [org.jivesoftware.util.cache.DefaultLocalCacheStrategy] for RosterItems
2026.09.06 00:37:45 INFO  [main]: org.jivesoftware.util.cache.CacheFactory - Created cache [org.jivesoftware.util.cache.DefaultLocalCacheStrategy] for Multicast Service
2026.09.06 00:37:45 INFO  [main]: org.jivesoftware.util.cache.CacheFactory - Created cache [org.jivesoftware.util.cache.DefaultLocalCacheStrategy] for Offline Message Size
2026.09.06 00:37:45 INFO  [main]: org.jivesoftware.util.cache.CacheFactory - Created cache [org.jivesoftware.util.cache.DefaultLocalCacheStrategy] for VCard
2026.09.06 00:37:45 INFO  [main]: org.jivesoftware.util.cache.CacheFactory - Created cache [org.jivesoftware.util.cache.DefaultLocalCacheStrategy] for Privacy Lists
2026.09.06 00:37:45 INFO  [main]: org.jivesoftware.util.cache.CacheFactory - Created cache [org.jivesoftware.util.cache.DefaultLocalCacheStrategy] for File Transfer Cache
2026.09.06 00:37:45 INFO  [main]: org.jivesoftware.util.cache.CacheFactory - Created cache [org.jivesoftware.util.cache.DefaultLocalCacheStrategy] for Offline Presence Cache
2026.09.06 00:37:45 INFO  [main]: org.jivesoftware.util.cache.CacheFactory - Created cache [org.jivesoftware.util.cache.DefaultLocalCacheStrategy] for Last Activity Cache
2026.09.06 00:37:45 INFO  [main]: org.jivesoftware.util.cache.CacheFactory - Created cache [org.jivesoftware.util.cache.DefaultLocalCacheStrategy] for User
2026.09.06 00:37:45 INFO  [main]: org.jivesoftware.util.cache.CacheFactory - Created cache [org.jivesoftware.util.cache.DefaultLocalCacheStrategy] for Remote Users Existence
2026.09.06 00:37:45 INFO  [main]: org.jivesoftware.util.cache.CacheFactory - Created cache [org.jivesoftware.util.cache.DefaultLocalCacheStrategy] for Components Sessions
2026.09.06 00:37:45 INFO  [main]: org.jivesoftware.util.cache.CacheFactory - Created cache [org.jivesoftware.util.cache.DefaultLocalCacheStrategy] for Connection Managers Sessions
2026.09.06 00:37:45 INFO  [main]: org.jivesoftware.util.cache.CacheFactory - Created cache [org.jivesoftware.util.cache.DefaultLocalCacheStrategy] for Incoming Server Sessions
2026.09.06 00:37:45 INFO  [main]: org.jivesoftware.util.cache.CacheFactory - Created cache [org.jivesoftware.util.cache.DefaultLocalCacheStrategy] for Sessions by Hostname
2026.09.06 00:37:45 INFO  [main]: org.jivesoftware.util.cache.CacheFactory - Created cache [org.jivesoftware.util.cache.DefaultLocalCacheStrategy] for Validated Domains
2026.09.06 00:37:45 INFO  [main]: org.jivesoftware.util.cache.CacheFactory - Created cache [org.jivesoftware.util.cache.DefaultLocalCacheStrategy] for Client Session Info Cache
2026.09.06 00:37:45 INFO  [main]: org.jivesoftware.util.cache.CacheFactory - Created cache [org.jivesoftware.util.cache.DefaultLocalCacheStrategy] for Directed Presences
2026.09.06 00:37:45 INFO  [main]: org.jivesoftware.util.cache.CacheFactory - Created local-only cache [org.jivesoftware.util.cache.DefaultLocalCacheStrategy] for PEPServiceManager
2026.09.06 00:37:45 INFO  [main]: org.jivesoftware.util.cache.CacheFactory - Created cache [org.jivesoftware.util.cache.DefaultLocalCacheStrategy] for File Transfer
2026.09.06 00:37:45 INFO  [main]: org.jivesoftware.util.cache.CacheFactory - Created cache [org.jivesoftware.util.cache.DefaultLocalCacheStrategy] for Published Items
2026.09.06 00:37:45 INFO  [main]: org.jivesoftware.util.cache.CacheFactory - Created cache [org.jivesoftware.util.cache.DefaultLocalCacheStrategy] for Disco Server Features
2026.09.06 00:37:45 INFO  [main]: org.jivesoftware.util.cache.CacheFactory - Created cache [org.jivesoftware.util.cache.DefaultLocalCacheStrategy] for Disco Server Items
2026.09.06 00:37:45 INFO  [main]: org.jivesoftware.util.cache.CacheFactory - Created cache [org.jivesoftware.util.cache.DefaultLocalCacheStrategy] for Components
2026.09.06 00:37:45 INFO  [main]: org.jivesoftware.util.cache.CacheFactory - Created local-only cache [org.jivesoftware.util.cache.DefaultLocalCacheStrategy] for Entity Capabilities
2026.09.06 00:37:45 INFO  [main]: org.jivesoftware.util.cache.CacheFactory - Created local-only cache [org.jivesoftware.util.cache.DefaultLocalCacheStrategy] for Entity Capabilities Users
2026.09.06 00:37:45 INFO  [main]: org.jivesoftware.util.cache.CacheFactory - Created cache [org.jivesoftware.util.cache.DefaultLocalCacheStrategy] for Group
2026.09.06 00:37:45 INFO  [main]: org.jivesoftware.util.cache.CacheFactory - Created cache [org.jivesoftware.util.cache.DefaultLocalCacheStrategy] for Group Metadata Cache
2026.09.06 00:37:45 INFO  [main]: org.jivesoftware.openfire.pubsub.PubSubModule - Dominio de Publicar-Suscribir: pubsub.192.168.1.235
2026.09.06 00:37:45 INFO  [main]: org.jivesoftware.openfire.muc.spi.MultiUserChatServiceImpl - Dominio de Chat Multi-usuario: conference.192.168.1.235
2026.09.06 00:37:45 INFO  [main]: org.jivesoftware.openfire.XMPPServer - Openfire 4.5.0 Alpha [Sep 6, 2026, 12:37:45 AM]
2026.09.06 00:37:45 WARN  [pool-5-thread-1]: org.jivesoftware.openfire.container.AdminConsolePlugin - Admin console: Identity store does not have any certificates. HTTPS will be unavailable.
2026.09.06 00:37:45 INFO  [main]: org.jivesoftware.openfire.XMPPServer - Accessing SystemProperty field org.jivesoftware.openfire.auth.AuthFactory#PASSWORD_KEY
2026.09.06 00:37:45 INFO  [main]: org.jivesoftware.openfire.XMPPServer - Accessing SystemProperty field org.jivesoftware.openfire.auth.AuthFactory#AUTH_PROVIDER
2026.09.06 00:37:45 INFO  [main]: org.jivesoftware.openfire.XMPPServer - Accessing SystemProperty field org.jivesoftware.openfire.sasl.ScramSha1SaslServer#ITERATION_COUNT
2026.09.06 00:37:46 INFO  [main]: org.jivesoftware.openfire.XMPPServer - Accessing SystemProperty field org.jivesoftware.openfire.vcard.VCardManager#VCARD_PROVIDER
2026.09.06 00:37:46 INFO  [main]: org.jivesoftware.openfire.XMPPServer - Accessing SystemProperty field org.jivesoftware.openfire.auth.HybridAuthProvider#PRIMARY_PROVIDER
2026.09.06 00:37:46 INFO  [main]: org.jivesoftware.openfire.XMPPServer - Accessing SystemProperty field org.jivesoftware.openfire.auth.HybridAuthProvider#SECONDARY_PROVIDER
2026.09.06 00:37:46 INFO  [main]: org.jivesoftware.openfire.XMPPServer - Accessing SystemProperty field org.jivesoftware.openfire.auth.HybridAuthProvider#TERTIARY_PROVIDER
2026.09.06 00:37:46 INFO  [main]: org.jivesoftware.openfire.XMPPServer - Accessing SystemProperty field org.jivesoftware.openfire.lockout.LockOutManager#LOCKOUT_PROVIDER
2026.09.06 00:37:46 INFO  [main]: org.jivesoftware.openfire.XMPPServer - Accessing SystemProperty field org.jivesoftware.openfire.user.UserManager#USER_PROVIDER
2026.09.06 00:37:46 INFO  [main]: org.jivesoftware.openfire.XMPPServer - Accessing SystemProperty field org.jivesoftware.openfire.user.UserManager#REMOTE_DISCO_INFO_TIMEOUT
2026.09.06 00:37:46 INFO  [main]: org.jivesoftware.openfire.XMPPServer - Accessing SystemProperty field org.jivesoftware.openfire.user.UserManager#USER_PROPERTY_PROVIDER
2026.09.06 00:37:46 INFO  [main]: org.jivesoftware.openfire.XMPPServer - Accessing SystemProperty field org.jivesoftware.openfire.SessionManager#CONFLICT_LIMIT
2026.09.06 00:37:46 INFO  [main]: org.jivesoftware.openfire.XMPPServer - Accessing SystemProperty field org.jivesoftware.openfire.group.GroupManager#GROUP_PROVIDER
2026.09.06 00:37:46 INFO  [main]: org.jivesoftware.openfire.XMPPServer - Accessing SystemProperty field org.jivesoftware.openfire.muc.spi.IQMuclumbusSearchHandler#PROPERTY_ENABLED
2026.09.06 00:37:46 INFO  [main]: org.jivesoftware.openfire.XMPPServer - Accessing SystemProperty field org.jivesoftware.openfire.sasl.AnonymousSaslServer#ENABLED
2026.09.06 00:37:46 INFO  [main]: org.jivesoftware.openfire.XMPPServer - Accessing SystemProperty field org.jivesoftware.openfire.net.SASLAuthentication#SKIP_PEER_CERT_REVALIDATION_CLIENT
2026.09.06 00:37:46 INFO  [main]: org.jivesoftware.openfire.net.SASLAuthentication - Support added for the 'ANONYMOUS' SASL mechanism.
2026.09.06 00:37:46 INFO  [main]: org.jivesoftware.openfire.net.SASLAuthentication - Support added for the 'PLAIN' SASL mechanism.
2026.09.06 00:37:46 INFO  [main]: org.jivesoftware.openfire.net.SASLAuthentication - Support added for the 'DIGEST-MD5' SASL mechanism.
2026.09.06 00:37:46 INFO  [main]: org.jivesoftware.openfire.net.SASLAuthentication - Support added for the 'CRAM-MD5' SASL mechanism.
2026.09.06 00:37:46 INFO  [main]: org.jivesoftware.openfire.net.SASLAuthentication - Support added for the 'SCRAM-SHA-1' SASL mechanism.
2026.09.06 00:37:46 INFO  [main]: org.jivesoftware.openfire.net.SASLAuthentication - Support added for the 'JIVE-SHAREDSECRET' SASL mechanism.
2026.09.06 00:37:46 INFO  [main]: org.jivesoftware.openfire.net.SASLAuthentication - Support added for the 'GSSAPI' SASL mechanism.
2026.09.06 00:37:46 INFO  [main]: org.jivesoftware.openfire.net.SASLAuthentication - Support added for the 'EXTERNAL' SASL mechanism.
2026.09.06 00:37:46 INFO  [main]: org.jivesoftware.openfire.XMPPServer - Accessing SystemProperty field org.jivesoftware.openfire.XMPPServerInfo#XMPP_DOMAIN
2026.09.06 00:37:46 INFO  [main]: org.jivesoftware.openfire.XMPPServer - Accessing SystemProperty field org.jivesoftware.openfire.sasl.ExternalClientSaslServer#PROPERTY_SASL_EXTERNAL_CLIENT_SUPPRESS_MATCHING_REALMNAME
2026.09.06 00:37:46 INFO  [main]: org.jivesoftware.openfire.XMPPServer - Accessing SystemProperty field org.jivesoftware.openfire.admin.AdminManager#ADMIN_PROVIDER
2026.09.06 00:37:46 INFO  [pool-5-thread-1]: org.jivesoftware.util.cache.CacheFactory - Created cache [org.jivesoftware.util.cache.DefaultLocalCacheStrategy] for Favicon Misses
2026.09.06 00:37:46 INFO  [pool-5-thread-1]: org.jivesoftware.util.cache.CacheFactory - Created cache [org.jivesoftware.util.cache.DefaultLocalCacheStrategy] for Favicon Hits
2026.09.06 00:37:46 INFO  [pool-5-thread-1]: org.jivesoftware.openfire.container.AdminConsolePlugin - Consola de administración escuchando en http://192.168.1.235:9090
2026.09.06 00:37:46 INFO  [main]: org.jivesoftware.openfire.XMPPServer - Accessing SystemProperty field org.jivesoftware.openfire.security.SecurityAuditManager#AUDIT_PROVIDER
2026.09.06 00:37:46 INFO  [main]: org.jivesoftware.openfire.XMPPServer - Accessing SystemProperty field org.jivesoftware.openfire.admin.DefaultAdminProvider#ADMIN_JIDS
2026.09.06 00:37:46 INFO  [main]: org.jivesoftware.openfire.XMPPServer - Accessing SystemProperty field org.jivesoftware.openfire.cluster.ClusterMonitor#ENABLED
2026.09.06 00:37:46 INFO  [main]: org.jivesoftware.openfire.XMPPServer - Accessing SystemProperty field org.jivesoftware.openfire.ldap.LdapVCardProvider#STORE_AVATAR_IN_DB
2026.09.06 00:37:46 INFO  [main]: org.jivesoftware.openfire.XMPPServer - Accessing SystemProperty field org.jivesoftware.openfire.spi.EncryptionArtifactFactory#TRUST_MANAGER_CLASS
2026.09.06 00:37:46 INFO  [main]: org.jivesoftware.openfire.XMPPServer - Accessing SystemProperty field org.jivesoftware.openfire.update.UpdateManager#ENABLED
2026.09.06 00:37:46 INFO  [main]: org.jivesoftware.openfire.XMPPServer - Accessing SystemProperty field org.jivesoftware.openfire.update.UpdateManager#NOTIFY_ADMINS
2026.09.06 00:37:46 INFO  [main]: org.jivesoftware.openfire.XMPPServer - Accessing SystemProperty field org.jivesoftware.openfire.update.UpdateManager#LAST_UPDATE_CHECK
2026.09.06 00:37:46 INFO  [main]: org.jivesoftware.openfire.XMPPServer - Accessing SystemProperty field org.jivesoftware.openfire.update.UpdateManager#UPDATE_FREQUENCY
2026.09.06 00:37:46 INFO  [main]: org.jivesoftware.openfire.XMPPServer - Accessing SystemProperty field org.jivesoftware.openfire.update.UpdateManager#PROXY_HOST
2026.09.06 00:37:46 INFO  [main]: org.jivesoftware.openfire.XMPPServer - Accessing SystemProperty field org.jivesoftware.openfire.update.UpdateManager#PROXY_PORT
2026.09.06 00:37:46 INFO  [pool-5-thread-1]: org.jivesoftware.openfire.container.PluginManager - Successfully loaded plugin 'admin'.
2026.09.06 00:37:46 INFO  [pool-6-thread-2]: org.jivesoftware.openfire.container.PluginManager - Successfully loaded plugin 'nonsaslauthentication'.
2026.09.06 00:37:46 INFO  [pool-6-thread-4]: org.jivesoftware.openfire.container.PluginManager - Successfully loaded plugin 'search'.
2026.09.06 00:37:47 INFO  [pool-6-thread-3]: org.jivesoftware.openfire.container.PluginManager - Successfully loaded plugin 'restapi'.
2026.09.06 00:37:47 INFO  [pool-5-thread-1]: org.jivesoftware.openfire.container.PluginMonitor - Finished processing all plugins.
2026.09.06 00:37:47 INFO  [pool-5-thread-1]: org.jivesoftware.openfire.spi.ConnectionListener[socket_c2s] - Started.
2026.09.06 00:37:47 INFO  [pool-5-thread-1]: org.jivesoftware.openfire.spi.ConnectionListener[socket_c2s-legacyMode] - Started.
2026.09.06 00:37:47 WARN  [pool-5-thread-1]: org.jivesoftware.openfire.spi.LegacyConnectionAcceptor - Configuration allows for up to 16 threads, although implementation is limited to exactly one.
2026.09.06 00:37:47 INFO  [pool-5-thread-1]: org.jivesoftware.openfire.spi.ConnectionListener[socket_s2s] - Started.
2026.09.06 00:37:47 WARN  [pool-5-thread-1]: org.jivesoftware.openfire.spi.LegacyConnectionAcceptor - Configuration allows for up to 16 threads, although implementation is limited to exactly one.
2026.09.06 00:37:47 INFO  [pool-5-thread-1]: org.jivesoftware.openfire.spi.ConnectionListener[socket_s2s-legacyMode] - Started.
2026.09.06 00:37:47 INFO  [pool-5-thread-1]: org.jivesoftware.openfire.spi.ConnectionListener[component] - Started.
2026.09.06 00:37:47 INFO  [pool-5-thread-1]: org.jivesoftware.openfire.spi.ConnectionListener[component-legacyMode] - Started.
2026.09.06 00:37:47 INFO  [pool-5-thread-1]: org.jivesoftware.openfire.spi.ConnectionListener[connection_manager] - Started.
2026.09.06 00:37:47 INFO  [pool-5-thread-1]: org.jivesoftware.openfire.spi.ConnectionListener[connection_manager-legacyMode] - Started.
2026.09.06 00:37:47 INFO  [pool-5-thread-1]: org.jivesoftware.openfire.http.HttpSessionManager - Starting instance
2026.09.06 00:37:47 INFO  [pool-5-thread-1]: org.jivesoftware.openfire.http.HttpBindManager - HTTP bind service started
2026.09.06 00:38:09 INFO  [socket_c2s-thread-3]: org.jivesoftware.util.cache.CacheFactory - Created cache [org.jivesoftware.util.cache.DefaultLocalCacheStrategy] for Locked Out Accounts
2026.09.06 05:46:53 WARN  [socket_c2s-thread-3]: org.jivesoftware.openfire.nio.ConnectionHandler - Closing connection due to exception in session: (0x00000002: nio socket, server, null => 0.0.0.0/0.0.0.0:5222)
java.io.IOException: Se ha forzado la interrupción de una conexión existente por el host remoto
	at sun.nio.ch.SocketDispatcher.read0(Native Method) ~[?:?]
	at sun.nio.ch.SocketDispatcher.read(SocketDispatcher.java:43) ~[?:?]
	at sun.nio.ch.IOUtil.readIntoNativeBuffer(IOUtil.java:276) ~[?:?]
	at sun.nio.ch.IOUtil.read(IOUtil.java:245) ~[?:?]
	at sun.nio.ch.IOUtil.read(IOUtil.java:223) ~[?:?]
	at sun.nio.ch.SocketChannelImpl.read(SocketChannelImpl.java:356) ~[?:?]
	at org.apache.mina.transport.socket.nio.NioProcessor.read(NioProcessor.java:378) ~[mina-core-2.1.3.jar:?]
	at org.apache.mina.transport.socket.nio.NioProcessor.read(NioProcessor.java:47) ~[mina-core-2.1.3.jar:?]
	at org.apache.mina.core.polling.AbstractPollingIoProcessor.read(AbstractPollingIoProcessor.java:519) ~[mina-core-2.1.3.jar:?]
	at org.apache.mina.core.polling.AbstractPollingIoProcessor.access$1200(AbstractPollingIoProcessor.java:68) ~[mina-core-2.1.3.jar:?]
	at org.apache.mina.core.polling.AbstractPollingIoProcessor$Processor.process(AbstractPollingIoProcessor.java:1222) ~[mina-core-2.1.3.jar:?]
	at org.apache.mina.core.polling.AbstractPollingIoProcessor$Processor.process(AbstractPollingIoProcessor.java:1211) ~[mina-core-2.1.3.jar:?]
	at org.apache.mina.core.polling.AbstractPollingIoProcessor$Processor.run(AbstractPollingIoProcessor.java:683) ~[mina-core-2.1.3.jar:?]
	at org.apache.mina.util.NamePreservingRunnable.run(NamePreservingRunnable.java:64) ~[mina-core-2.1.3.jar:?]
	at java.util.concurrent.ThreadPoolExecutor.runWorker(ThreadPoolExecutor.java:1128) ~[?:?]
	at java.util.concurrent.ThreadPoolExecutor$Worker.run(ThreadPoolExecutor.java:628) ~[?:?]
	at java.lang.Thread.run(Thread.java:829) [?:?]
2026.09.06 05:58:16 INFO  [main]: org.jivesoftware.openfire.XMPPServer - Registering shutdown hook (standalone mode)
2026.09.06 05:58:17 INFO  [main]: hsqldb.db.HSQLDBA0638C63BF.ENGINE - checkpointClose start
2026.09.06 05:58:17 INFO  [main]: hsqldb.db.HSQLDBA0638C63BF.ENGINE - checkpointClose synched
2026.09.06 05:58:17 INFO  [main]: hsqldb.db.HSQLDBA0638C63BF.ENGINE - checkpointClose script done
2026.09.06 05:58:17 INFO  [main]: hsqldb.db.HSQLDBA0638C63BF.ENGINE - checkpointClose end
2026.09.06 05:58:17 INFO  [main]: org.jivesoftware.util.cache.CacheFactory - Created cache [org.jivesoftware.util.cache.DefaultLocalCacheStrategy] for Routing Servers Cache
2026.09.06 05:58:17 INFO  [main]: org.jivesoftware.util.cache.CacheFactory - Created cache [org.jivesoftware.util.cache.DefaultLocalCacheStrategy] for Routing Components Cache
2026.09.06 05:58:17 INFO  [main]: org.jivesoftware.util.cache.CacheFactory - Created cache [org.jivesoftware.util.cache.DefaultLocalCacheStrategy] for Routing Users Cache
2026.09.06 05:58:17 INFO  [main]: org.jivesoftware.util.cache.CacheFactory - Created cache [org.jivesoftware.util.cache.DefaultLocalCacheStrategy] for Routing AnonymousUsers Cache
2026.09.06 05:58:17 INFO  [main]: org.jivesoftware.util.cache.CacheFactory - Created cache [org.jivesoftware.util.cache.DefaultLocalCacheStrategy] for Routing User Sessions
2026.09.06 05:58:17 INFO  [main]: org.jivesoftware.util.cache.CacheFactory - Created cache [org.jivesoftware.util.cache.DefaultLocalCacheStrategy] for Roster
2026.09.06 05:58:17 INFO  [main]: org.jivesoftware.util.cache.CacheFactory - Created cache [org.jivesoftware.util.cache.DefaultLocalCacheStrategy] for RosterItems
2026.09.06 05:58:17 INFO  [main]: org.jivesoftware.util.cache.CacheFactory - Created cache [org.jivesoftware.util.cache.DefaultLocalCacheStrategy] for Multicast Service
2026.09.06 05:58:17 INFO  [main]: org.jivesoftware.util.cache.CacheFactory - Created cache [org.jivesoftware.util.cache.DefaultLocalCacheStrategy] for Offline Message Size
2026.09.06 05:58:17 INFO  [main]: org.jivesoftware.util.cache.CacheFactory - Created cache [org.jivesoftware.util.cache.DefaultLocalCacheStrategy] for VCard
2026.09.06 05:58:17 INFO  [main]: org.jivesoftware.util.cache.CacheFactory - Created cache [org.jivesoftware.util.cache.DefaultLocalCacheStrategy] for Privacy Lists
2026.09.06 05:58:17 INFO  [main]: org.jivesoftware.util.cache.CacheFactory - Created cache [org.jivesoftware.util.cache.DefaultLocalCacheStrategy] for File Transfer Cache
2026.09.06 05:58:18 INFO  [main]: org.jivesoftware.util.cache.CacheFactory - Created cache [org.jivesoftware.util.cache.DefaultLocalCacheStrategy] for Offline Presence Cache
2026.09.06 05:58:18 INFO  [main]: org.jivesoftware.util.cache.CacheFactory - Created cache [org.jivesoftware.util.cache.DefaultLocalCacheStrategy] for Last Activity Cache
2026.09.06 05:58:18 INFO  [main]: org.jivesoftware.util.cache.CacheFactory - Created cache [org.jivesoftware.util.cache.DefaultLocalCacheStrategy] for User
2026.09.06 05:58:18 INFO  [main]: org.jivesoftware.util.cache.CacheFactory - Created cache [org.jivesoftware.util.cache.DefaultLocalCacheStrategy] for Remote Users Existence
2026.09.06 05:58:18 INFO  [main]: org.jivesoftware.util.cache.CacheFactory - Created cache [org.jivesoftware.util.cache.DefaultLocalCacheStrategy] for Components Sessions
2026.09.06 05:58:18 INFO  [main]: org.jivesoftware.util.cache.CacheFactory - Created cache [org.jivesoftware.util.cache.DefaultLocalCacheStrategy] for Connection Managers Sessions
2026.09.06 05:58:18 INFO  [main]: org.jivesoftware.util.cache.CacheFactory - Created cache [org.jivesoftware.util.cache.DefaultLocalCacheStrategy] for Incoming Server Sessions
2026.09.06 05:58:18 INFO  [main]: org.jivesoftware.util.cache.CacheFactory - Created cache [org.jivesoftware.util.cache.DefaultLocalCacheStrategy] for Sessions by Hostname
2026.09.06 05:58:18 INFO  [main]: org.jivesoftware.util.cache.CacheFactory - Created cache [org.jivesoftware.util.cache.DefaultLocalCacheStrategy] for Validated Domains
2026.09.06 05:58:18 INFO  [main]: org.jivesoftware.util.cache.CacheFactory - Created cache [org.jivesoftware.util.cache.DefaultLocalCacheStrategy] for Client Session Info Cache
2026.09.06 05:58:18 INFO  [main]: org.jivesoftware.util.cache.CacheFactory - Created cache [org.jivesoftware.util.cache.DefaultLocalCacheStrategy] for Directed Presences
2026.09.06 05:58:18 INFO  [main]: org.jivesoftware.util.cache.CacheFactory - Created local-only cache [org.jivesoftware.util.cache.DefaultLocalCacheStrategy] for PEPServiceManager
2026.09.06 05:58:18 INFO  [main]: org.jivesoftware.util.cache.CacheFactory - Created cache [org.jivesoftware.util.cache.DefaultLocalCacheStrategy] for File Transfer
2026.09.06 05:58:18 INFO  [main]: org.jivesoftware.util.cache.CacheFactory - Created cache [org.jivesoftware.util.cache.DefaultLocalCacheStrategy] for Published Items
2026.09.06 05:58:18 INFO  [main]: org.jivesoftware.util.cache.CacheFactory - Created cache [org.jivesoftware.util.cache.DefaultLocalCacheStrategy] for Disco Server Features
2026.09.06 05:58:18 INFO  [main]: org.jivesoftware.util.cache.CacheFactory - Created cache [org.jivesoftware.util.cache.DefaultLocalCacheStrategy] for Disco Server Items
2026.09.06 05:58:18 INFO  [main]: org.jivesoftware.util.cache.CacheFactory - Created cache [org.jivesoftware.util.cache.DefaultLocalCacheStrategy] for Components
2026.09.06 05:58:18 INFO  [main]: org.jivesoftware.util.cache.CacheFactory - Created local-only cache [org.jivesoftware.util.cache.DefaultLocalCacheStrategy] for Entity Capabilities
2026.09.06 05:58:18 INFO  [main]: org.jivesoftware.util.cache.CacheFactory - Created local-only cache [org.jivesoftware.util.cache.DefaultLocalCacheStrategy] for Entity Capabilities Users
2026.09.06 05:58:18 INFO  [main]: org.jivesoftware.util.cache.CacheFactory - Created cache [org.jivesoftware.util.cache.DefaultLocalCacheStrategy] for Group
2026.09.06 05:58:18 INFO  [main]: org.jivesoftware.util.cache.CacheFactory - Created cache [org.jivesoftware.util.cache.DefaultLocalCacheStrategy] for Group Metadata Cache
2026.09.06 05:58:18 INFO  [main]: org.jivesoftware.openfire.pubsub.PubSubModule - Dominio de Publicar-Suscribir: pubsub.192.168.1.235
2026.09.06 05:58:18 INFO  [main]: org.jivesoftware.openfire.muc.spi.MultiUserChatServiceImpl - Dominio de Chat Multi-usuario: conference.192.168.1.235
2026.09.06 05:58:18 INFO  [main]: org.jivesoftware.openfire.XMPPServer - Openfire 4.5.0 Alpha [Sep 6, 2026, 5:58:18 AM]
2026.09.06 05:58:18 WARN  [pool-5-thread-1]: org.jivesoftware.openfire.container.AdminConsolePlugin - Admin console: Identity store does not have any certificates. HTTPS will be unavailable.
2026.09.06 05:58:19 INFO  [main]: org.jivesoftware.openfire.XMPPServer - Accessing SystemProperty field org.jivesoftware.openfire.auth.AuthFactory#PASSWORD_KEY
2026.09.06 05:58:19 INFO  [main]: org.jivesoftware.openfire.XMPPServer - Accessing SystemProperty field org.jivesoftware.openfire.auth.AuthFactory#AUTH_PROVIDER
2026.09.06 05:58:19 INFO  [main]: org.jivesoftware.openfire.XMPPServer - Accessing SystemProperty field org.jivesoftware.openfire.sasl.ScramSha1SaslServer#ITERATION_COUNT
2026.09.06 05:58:19 INFO  [main]: org.jivesoftware.openfire.XMPPServer - Accessing SystemProperty field org.jivesoftware.openfire.vcard.VCardManager#VCARD_PROVIDER
2026.09.06 05:58:19 INFO  [main]: org.jivesoftware.openfire.XMPPServer - Accessing SystemProperty field org.jivesoftware.openfire.auth.HybridAuthProvider#PRIMARY_PROVIDER
2026.09.06 05:58:19 INFO  [main]: org.jivesoftware.openfire.XMPPServer - Accessing SystemProperty field org.jivesoftware.openfire.auth.HybridAuthProvider#SECONDARY_PROVIDER
2026.09.06 05:58:19 INFO  [main]: org.jivesoftware.openfire.XMPPServer - Accessing SystemProperty field org.jivesoftware.openfire.auth.HybridAuthProvider#TERTIARY_PROVIDER
2026.09.06 05:58:19 INFO  [main]: org.jivesoftware.openfire.XMPPServer - Accessing SystemProperty field org.jivesoftware.openfire.lockout.LockOutManager#LOCKOUT_PROVIDER
2026.09.06 05:58:19 INFO  [main]: org.jivesoftware.openfire.XMPPServer - Accessing SystemProperty field org.jivesoftware.openfire.user.UserManager#USER_PROVIDER
2026.09.06 05:58:19 INFO  [main]: org.jivesoftware.openfire.XMPPServer - Accessing SystemProperty field org.jivesoftware.openfire.user.UserManager#REMOTE_DISCO_INFO_TIMEOUT
2026.09.06 05:58:19 INFO  [main]: org.jivesoftware.openfire.XMPPServer - Accessing SystemProperty field org.jivesoftware.openfire.user.UserManager#USER_PROPERTY_PROVIDER
2026.09.06 05:58:19 INFO  [main]: org.jivesoftware.openfire.XMPPServer - Accessing SystemProperty field org.jivesoftware.openfire.SessionManager#CONFLICT_LIMIT
2026.09.06 05:58:19 INFO  [main]: org.jivesoftware.openfire.XMPPServer - Accessing SystemProperty field org.jivesoftware.openfire.group.GroupManager#GROUP_PROVIDER
2026.09.06 05:58:19 INFO  [main]: org.jivesoftware.openfire.XMPPServer - Accessing SystemProperty field org.jivesoftware.openfire.muc.spi.IQMuclumbusSearchHandler#PROPERTY_ENABLED
2026.09.06 05:58:19 INFO  [main]: org.jivesoftware.openfire.XMPPServer - Accessing SystemProperty field org.jivesoftware.openfire.sasl.AnonymousSaslServer#ENABLED
2026.09.06 05:58:19 INFO  [main]: org.jivesoftware.openfire.XMPPServer - Accessing SystemProperty field org.jivesoftware.openfire.net.SASLAuthentication#SKIP_PEER_CERT_REVALIDATION_CLIENT
2026.09.06 05:58:19 INFO  [main]: org.jivesoftware.openfire.net.SASLAuthentication - Support added for the 'ANONYMOUS' SASL mechanism.
2026.09.06 05:58:19 INFO  [main]: org.jivesoftware.openfire.net.SASLAuthentication - Support added for the 'PLAIN' SASL mechanism.
2026.09.06 05:58:19 INFO  [main]: org.jivesoftware.openfire.net.SASLAuthentication - Support added for the 'DIGEST-MD5' SASL mechanism.
2026.09.06 05:58:19 INFO  [main]: org.jivesoftware.openfire.net.SASLAuthentication - Support added for the 'CRAM-MD5' SASL mechanism.
2026.09.06 05:58:19 INFO  [main]: org.jivesoftware.openfire.net.SASLAuthentication - Support added for the 'SCRAM-SHA-1' SASL mechanism.
2026.09.06 05:58:19 INFO  [main]: org.jivesoftware.openfire.net.SASLAuthentication - Support added for the 'JIVE-SHAREDSECRET' SASL mechanism.
2026.09.06 05:58:19 INFO  [main]: org.jivesoftware.openfire.net.SASLAuthentication - Support added for the 'GSSAPI' SASL mechanism.
2026.09.06 05:58:19 INFO  [main]: org.jivesoftware.openfire.net.SASLAuthentication - Support added for the 'EXTERNAL' SASL mechanism.
2026.09.06 05:58:19 INFO  [main]: org.jivesoftware.openfire.XMPPServer - Accessing SystemProperty field org.jivesoftware.openfire.XMPPServerInfo#XMPP_DOMAIN
2026.09.06 05:58:19 INFO  [main]: org.jivesoftware.openfire.XMPPServer - Accessing SystemProperty field org.jivesoftware.openfire.sasl.ExternalClientSaslServer#PROPERTY_SASL_EXTERNAL_CLIENT_SUPPRESS_MATCHING_REALMNAME
2026.09.06 05:58:19 INFO  [main]: org.jivesoftware.openfire.XMPPServer - Accessing SystemProperty field org.jivesoftware.openfire.admin.AdminManager#ADMIN_PROVIDER
2026.09.06 05:58:19 INFO  [main]: org.jivesoftware.openfire.XMPPServer - Accessing SystemProperty field org.jivesoftware.openfire.security.SecurityAuditManager#AUDIT_PROVIDER
2026.09.06 05:58:19 INFO  [main]: org.jivesoftware.openfire.XMPPServer - Accessing SystemProperty field org.jivesoftware.openfire.admin.DefaultAdminProvider#ADMIN_JIDS
2026.09.06 05:58:19 INFO  [main]: org.jivesoftware.openfire.XMPPServer - Accessing SystemProperty field org.jivesoftware.openfire.cluster.ClusterMonitor#ENABLED
2026.09.06 05:58:19 INFO  [main]: org.jivesoftware.openfire.XMPPServer - Accessing SystemProperty field org.jivesoftware.openfire.ldap.LdapVCardProvider#STORE_AVATAR_IN_DB
2026.09.06 05:58:19 INFO  [main]: org.jivesoftware.openfire.XMPPServer - Accessing SystemProperty field org.jivesoftware.openfire.spi.EncryptionArtifactFactory#TRUST_MANAGER_CLASS
2026.09.06 05:58:19 INFO  [main]: org.jivesoftware.openfire.XMPPServer - Accessing SystemProperty field org.jivesoftware.openfire.update.UpdateManager#ENABLED
2026.09.06 05:58:19 INFO  [main]: org.jivesoftware.openfire.XMPPServer - Accessing SystemProperty field org.jivesoftware.openfire.update.UpdateManager#NOTIFY_ADMINS
2026.09.06 05:58:19 INFO  [main]: org.jivesoftware.openfire.XMPPServer - Accessing SystemProperty field org.jivesoftware.openfire.update.UpdateManager#LAST_UPDATE_CHECK
2026.09.06 05:58:19 INFO  [main]: org.jivesoftware.openfire.XMPPServer - Accessing SystemProperty field org.jivesoftware.openfire.update.UpdateManager#UPDATE_FREQUENCY
2026.09.06 05:58:19 INFO  [main]: org.jivesoftware.openfire.XMPPServer - Accessing SystemProperty field org.jivesoftware.openfire.update.UpdateManager#PROXY_HOST
2026.09.06 05:58:19 INFO  [main]: org.jivesoftware.openfire.XMPPServer - Accessing SystemProperty field org.jivesoftware.openfire.update.UpdateManager#PROXY_PORT
2026.09.06 05:58:19 INFO  [pool-5-thread-1]: org.jivesoftware.util.cache.CacheFactory - Created cache [org.jivesoftware.util.cache.DefaultLocalCacheStrategy] for Favicon Misses
2026.09.06 05:58:19 INFO  [pool-5-thread-1]: org.jivesoftware.util.cache.CacheFactory - Created cache [org.jivesoftware.util.cache.DefaultLocalCacheStrategy] for Favicon Hits
2026.09.06 05:58:19 INFO  [pool-5-thread-1]: org.jivesoftware.openfire.container.AdminConsolePlugin - Consola de administración escuchando en http://192.168.1.235:9090
2026.09.06 05:58:19 INFO  [pool-5-thread-1]: org.jivesoftware.openfire.container.PluginManager - Successfully loaded plugin 'admin'.
2026.09.06 05:58:19 INFO  [pool-6-thread-2]: org.jivesoftware.openfire.container.PluginManager - Successfully loaded plugin 'nonsaslauthentication'.
2026.09.06 05:58:19 INFO  [pool-6-thread-4]: org.jivesoftware.openfire.container.PluginManager - Successfully loaded plugin 'search'.
2026.09.06 05:58:20 INFO  [pool-6-thread-3]: org.jivesoftware.openfire.container.PluginManager - Successfully loaded plugin 'restapi'.
2026.09.06 05:58:20 INFO  [pool-5-thread-1]: org.jivesoftware.openfire.container.PluginMonitor - Finished processing all plugins.
2026.09.06 05:58:20 INFO  [pool-5-thread-1]: org.jivesoftware.openfire.spi.ConnectionListener[socket_c2s] - Started.
2026.09.06 05:58:20 INFO  [pool-5-thread-1]: org.jivesoftware.openfire.spi.ConnectionListener[socket_c2s-legacyMode] - Started.
2026.09.06 05:58:20 WARN  [pool-5-thread-1]: org.jivesoftware.openfire.spi.LegacyConnectionAcceptor - Configuration allows for up to 16 threads, although implementation is limited to exactly one.
2026.09.06 05:58:20 INFO  [pool-5-thread-1]: org.jivesoftware.openfire.spi.ConnectionListener[socket_s2s] - Started.
2026.09.06 05:58:20 WARN  [pool-5-thread-1]: org.jivesoftware.openfire.spi.LegacyConnectionAcceptor - Configuration allows for up to 16 threads, although implementation is limited to exactly one.
2026.09.06 05:58:20 INFO  [pool-5-thread-1]: org.jivesoftware.openfire.spi.ConnectionListener[socket_s2s-legacyMode] - Started.
2026.09.06 05:58:20 INFO  [pool-5-thread-1]: org.jivesoftware.openfire.spi.ConnectionListener[component] - Started.
2026.09.06 05:58:20 INFO  [pool-5-thread-1]: org.jivesoftware.openfire.spi.ConnectionListener[component-legacyMode] - Started.
2026.09.06 05:58:20 INFO  [pool-5-thread-1]: org.jivesoftware.openfire.spi.ConnectionListener[connection_manager] - Started.
2026.09.06 05:58:20 INFO  [pool-5-thread-1]: org.jivesoftware.openfire.spi.ConnectionListener[connection_manager-legacyMode] - Started.
2026.09.06 05:58:20 INFO  [pool-5-thread-1]: org.jivesoftware.openfire.http.HttpSessionManager - Starting instance
2026.09.06 05:58:21 INFO  [pool-5-thread-1]: org.jivesoftware.openfire.http.HttpBindManager - HTTP bind service started
2026.09.06 05:58:51 INFO  [socket_c2s-thread-3]: org.jivesoftware.util.cache.CacheFactory - Created cache [org.jivesoftware.util.cache.DefaultLocalCacheStrategy] for Locked Out Accounts
2026.09.06 08:04:42 WARN  [socket_c2s-thread-2]: org.jivesoftware.openfire.nio.ConnectionHandler - Closing connection due to exception in session: (0x00000002: nio socket, server, 192.168.1.235/192.168.1.235:50139 => 0.0.0.0/0.0.0.0:5222)
java.io.IOException: Se ha forzado la interrupción de una conexión existente por el host remoto
	at sun.nio.ch.SocketDispatcher.read0(Native Method) ~[?:?]
	at sun.nio.ch.SocketDispatcher.read(SocketDispatcher.java:43) ~[?:?]
	at sun.nio.ch.IOUtil.readIntoNativeBuffer(IOUtil.java:276) ~[?:?]
	at sun.nio.ch.IOUtil.read(IOUtil.java:245) ~[?:?]
	at sun.nio.ch.IOUtil.read(IOUtil.java:223) ~[?:?]
	at sun.nio.ch.SocketChannelImpl.read(SocketChannelImpl.java:356) ~[?:?]
	at org.apache.mina.transport.socket.nio.NioProcessor.read(NioProcessor.java:378) ~[mina-core-2.1.3.jar:?]
	at org.apache.mina.transport.socket.nio.NioProcessor.read(NioProcessor.java:47) ~[mina-core-2.1.3.jar:?]
	at org.apache.mina.core.polling.AbstractPollingIoProcessor.read(AbstractPollingIoProcessor.java:519) ~[mina-core-2.1.3.jar:?]
	at org.apache.mina.core.polling.AbstractPollingIoProcessor.access$1200(AbstractPollingIoProcessor.java:68) ~[mina-core-2.1.3.jar:?]
	at org.apache.mina.core.polling.AbstractPollingIoProcessor$Processor.process(AbstractPollingIoProcessor.java:1222) ~[mina-core-2.1.3.jar:?]
	at org.apache.mina.core.polling.AbstractPollingIoProcessor$Processor.process(AbstractPollingIoProcessor.java:1211) ~[mina-core-2.1.3.jar:?]
	at org.apache.mina.core.polling.AbstractPollingIoProcessor$Processor.run(AbstractPollingIoProcessor.java:683) ~[mina-core-2.1.3.jar:?]
	at org.apache.mina.util.NamePreservingRunnable.run(NamePreservingRunnable.java:64) ~[mina-core-2.1.3.jar:?]
	at java.util.concurrent.ThreadPoolExecutor.runWorker(ThreadPoolExecutor.java:1128) ~[?:?]
	at java.util.concurrent.ThreadPoolExecutor$Worker.run(ThreadPoolExecutor.java:628) ~[?:?]
	at java.lang.Thread.run(Thread.java:829) [?:?]
2026.09.06 08:12:19 INFO  [main]: org.jivesoftware.openfire.XMPPServer - Registering shutdown hook (standalone mode)
2026.09.06 08:12:20 INFO  [main]: hsqldb.db.HSQLDBA0638C63BF.ENGINE - checkpointClose start
2026.09.06 08:12:20 INFO  [main]: hsqldb.db.HSQLDBA0638C63BF.ENGINE - checkpointClose synched
2026.09.06 08:12:20 INFO  [main]: hsqldb.db.HSQLDBA0638C63BF.ENGINE - checkpointClose script done
2026.09.06 08:12:20 INFO  [main]: hsqldb.db.HSQLDBA0638C63BF.ENGINE - checkpointClose end
2026.09.06 08:12:20 INFO  [main]: org.jivesoftware.util.cache.CacheFactory - Created cache [org.jivesoftware.util.cache.DefaultLocalCacheStrategy] for Routing Servers Cache
2026.09.06 08:12:20 INFO  [main]: org.jivesoftware.util.cache.CacheFactory - Created cache [org.jivesoftware.util.cache.DefaultLocalCacheStrategy] for Routing Components Cache
2026.09.06 08:12:20 INFO  [main]: org.jivesoftware.util.cache.CacheFactory - Created cache [org.jivesoftware.util.cache.DefaultLocalCacheStrategy] for Routing Users Cache
2026.09.06 08:12:20 INFO  [main]: org.jivesoftware.util.cache.CacheFactory - Created cache [org.jivesoftware.util.cache.DefaultLocalCacheStrategy] for Routing AnonymousUsers Cache
2026.09.06 08:12:20 INFO  [main]: org.jivesoftware.util.cache.CacheFactory - Created cache [org.jivesoftware.util.cache.DefaultLocalCacheStrategy] for Routing User Sessions
2026.09.06 08:12:20 INFO  [main]: org.jivesoftware.util.cache.CacheFactory - Created cache [org.jivesoftware.util.cache.DefaultLocalCacheStrategy] for Roster
2026.09.06 08:12:20 INFO  [main]: org.jivesoftware.util.cache.CacheFactory - Created cache [org.jivesoftware.util.cache.DefaultLocalCacheStrategy] for RosterItems
2026.09.06 08:12:20 INFO  [main]: org.jivesoftware.util.cache.CacheFactory - Created cache [org.jivesoftware.util.cache.DefaultLocalCacheStrategy] for Multicast Service
2026.09.06 08:12:20 INFO  [main]: org.jivesoftware.util.cache.CacheFactory - Created cache [org.jivesoftware.util.cache.DefaultLocalCacheStrategy] for Offline Message Size
2026.09.06 08:12:20 INFO  [main]: org.jivesoftware.util.cache.CacheFactory - Created cache [org.jivesoftware.util.cache.DefaultLocalCacheStrategy] for VCard
2026.09.06 08:12:20 INFO  [main]: org.jivesoftware.util.cache.CacheFactory - Created cache [org.jivesoftware.util.cache.DefaultLocalCacheStrategy] for Privacy Lists
2026.09.06 08:12:20 INFO  [main]: org.jivesoftware.util.cache.CacheFactory - Created cache [org.jivesoftware.util.cache.DefaultLocalCacheStrategy] for File Transfer Cache
2026.09.06 08:12:20 INFO  [main]: org.jivesoftware.util.cache.CacheFactory - Created cache [org.jivesoftware.util.cache.DefaultLocalCacheStrategy] for Offline Presence Cache
2026.09.06 08:12:20 INFO  [main]: org.jivesoftware.util.cache.CacheFactory - Created cache [org.jivesoftware.util.cache.DefaultLocalCacheStrategy] for Last Activity Cache
2026.09.06 08:12:20 INFO  [main]: org.jivesoftware.util.cache.CacheFactory - Created cache [org.jivesoftware.util.cache.DefaultLocalCacheStrategy] for User
2026.09.06 08:12:20 INFO  [main]: org.jivesoftware.util.cache.CacheFactory - Created cache [org.jivesoftware.util.cache.DefaultLocalCacheStrategy] for Remote Users Existence
2026.09.06 08:12:20 INFO  [main]: org.jivesoftware.util.cache.CacheFactory - Created cache [org.jivesoftware.util.cache.DefaultLocalCacheStrategy] for Components Sessions
2026.09.06 08:12:20 INFO  [main]: org.jivesoftware.util.cache.CacheFactory - Created cache [org.jivesoftware.util.cache.DefaultLocalCacheStrategy] for Connection Managers Sessions
2026.09.06 08:12:20 INFO  [main]: org.jivesoftware.util.cache.CacheFactory - Created cache [org.jivesoftware.util.cache.DefaultLocalCacheStrategy] for Incoming Server Sessions
2026.09.06 08:12:20 INFO  [main]: org.jivesoftware.util.cache.CacheFactory - Created cache [org.jivesoftware.util.cache.DefaultLocalCacheStrategy] for Sessions by Hostname
2026.09.06 08:12:20 INFO  [main]: org.jivesoftware.util.cache.CacheFactory - Created cache [org.jivesoftware.util.cache.DefaultLocalCacheStrategy] for Validated Domains
2026.09.06 08:12:20 INFO  [main]: org.jivesoftware.util.cache.CacheFactory - Created cache [org.jivesoftware.util.cache.DefaultLocalCacheStrategy] for Client Session Info Cache
2026.09.06 08:12:20 INFO  [main]: org.jivesoftware.util.cache.CacheFactory - Created cache [org.jivesoftware.util.cache.DefaultLocalCacheStrategy] for Directed Presences
2026.09.06 08:12:20 INFO  [main]: org.jivesoftware.util.cache.CacheFactory - Created local-only cache [org.jivesoftware.util.cache.DefaultLocalCacheStrategy] for PEPServiceManager
2026.09.06 08:12:20 INFO  [main]: org.jivesoftware.util.cache.CacheFactory - Created cache [org.jivesoftware.util.cache.DefaultLocalCacheStrategy] for File Transfer
2026.09.06 08:12:20 INFO  [main]: org.jivesoftware.util.cache.CacheFactory - Created cache [org.jivesoftware.util.cache.DefaultLocalCacheStrategy] for Published Items
2026.09.06 08:12:20 INFO  [main]: org.jivesoftware.util.cache.CacheFactory - Created cache [org.jivesoftware.util.cache.DefaultLocalCacheStrategy] for Disco Server Features
2026.09.06 08:12:20 INFO  [main]: org.jivesoftware.util.cache.CacheFactory - Created cache [org.jivesoftware.util.cache.DefaultLocalCacheStrategy] for Disco Server Items
2026.09.06 08:12:20 INFO  [main]: org.jivesoftware.util.cache.CacheFactory - Created cache [org.jivesoftware.util.cache.DefaultLocalCacheStrategy] for Components
2026.09.06 08:12:20 INFO  [main]: org.jivesoftware.util.cache.CacheFactory - Created local-only cache [org.jivesoftware.util.cache.DefaultLocalCacheStrategy] for Entity Capabilities
2026.09.06 08:12:20 INFO  [main]: org.jivesoftware.util.cache.CacheFactory - Created local-only cache [org.jivesoftware.util.cache.DefaultLocalCacheStrategy] for Entity Capabilities Users
2026.09.06 08:12:20 INFO  [main]: org.jivesoftware.util.cache.CacheFactory - Created cache [org.jivesoftware.util.cache.DefaultLocalCacheStrategy] for Group
2026.09.06 08:12:20 INFO  [main]: org.jivesoftware.util.cache.CacheFactory - Created cache [org.jivesoftware.util.cache.DefaultLocalCacheStrategy] for Group Metadata Cache
2026.09.06 08:12:20 INFO  [main]: org.jivesoftware.openfire.pubsub.PubSubModule - Dominio de Publicar-Suscribir: pubsub.192.168.1.235
2026.09.06 08:12:20 INFO  [main]: org.jivesoftware.openfire.muc.spi.MultiUserChatServiceImpl - Dominio de Chat Multi-usuario: conference.192.168.1.235
2026.09.06 08:12:20 INFO  [main]: org.jivesoftware.openfire.XMPPServer - Openfire 4.5.0 Alpha [Sep 6, 2026, 8:12:20 AM]
2026.09.06 08:12:20 WARN  [pool-5-thread-1]: org.jivesoftware.openfire.container.AdminConsolePlugin - Admin console: Identity store does not have any certificates. HTTPS will be unavailable.
2026.09.06 08:12:20 INFO  [main]: org.jivesoftware.openfire.XMPPServer - Accessing SystemProperty field org.jivesoftware.openfire.auth.AuthFactory#PASSWORD_KEY
2026.09.06 08:12:20 INFO  [main]: org.jivesoftware.openfire.XMPPServer - Accessing SystemProperty field org.jivesoftware.openfire.auth.AuthFactory#AUTH_PROVIDER
2026.09.06 08:12:21 INFO  [main]: org.jivesoftware.openfire.XMPPServer - Accessing SystemProperty field org.jivesoftware.openfire.sasl.ScramSha1SaslServer#ITERATION_COUNT
2026.09.06 08:12:21 INFO  [main]: org.jivesoftware.openfire.XMPPServer - Accessing SystemProperty field org.jivesoftware.openfire.vcard.VCardManager#VCARD_PROVIDER
2026.09.06 08:12:21 INFO  [main]: org.jivesoftware.openfire.XMPPServer - Accessing SystemProperty field org.jivesoftware.openfire.auth.HybridAuthProvider#PRIMARY_PROVIDER
2026.09.06 08:12:21 INFO  [main]: org.jivesoftware.openfire.XMPPServer - Accessing SystemProperty field org.jivesoftware.openfire.auth.HybridAuthProvider#SECONDARY_PROVIDER
2026.09.06 08:12:21 INFO  [main]: org.jivesoftware.openfire.XMPPServer - Accessing SystemProperty field org.jivesoftware.openfire.auth.HybridAuthProvider#TERTIARY_PROVIDER
2026.09.06 08:12:21 INFO  [main]: org.jivesoftware.openfire.XMPPServer - Accessing SystemProperty field org.jivesoftware.openfire.lockout.LockOutManager#LOCKOUT_PROVIDER
2026.09.06 08:12:21 INFO  [main]: org.jivesoftware.openfire.XMPPServer - Accessing SystemProperty field org.jivesoftware.openfire.user.UserManager#USER_PROVIDER
2026.09.06 08:12:21 INFO  [main]: org.jivesoftware.openfire.XMPPServer - Accessing SystemProperty field org.jivesoftware.openfire.user.UserManager#REMOTE_DISCO_INFO_TIMEOUT
2026.09.06 08:12:21 INFO  [main]: org.jivesoftware.openfire.XMPPServer - Accessing SystemProperty field org.jivesoftware.openfire.user.UserManager#USER_PROPERTY_PROVIDER
2026.09.06 08:12:21 INFO  [main]: org.jivesoftware.openfire.XMPPServer - Accessing SystemProperty field org.jivesoftware.openfire.SessionManager#CONFLICT_LIMIT
2026.09.06 08:12:21 INFO  [main]: org.jivesoftware.openfire.XMPPServer - Accessing SystemProperty field org.jivesoftware.openfire.group.GroupManager#GROUP_PROVIDER
2026.09.06 08:12:21 INFO  [main]: org.jivesoftware.openfire.XMPPServer - Accessing SystemProperty field org.jivesoftware.openfire.muc.spi.IQMuclumbusSearchHandler#PROPERTY_ENABLED
2026.09.06 08:12:21 INFO  [main]: org.jivesoftware.openfire.XMPPServer - Accessing SystemProperty field org.jivesoftware.openfire.sasl.AnonymousSaslServer#ENABLED
2026.09.06 08:12:21 INFO  [main]: org.jivesoftware.openfire.XMPPServer - Accessing SystemProperty field org.jivesoftware.openfire.net.SASLAuthentication#SKIP_PEER_CERT_REVALIDATION_CLIENT
2026.09.06 08:12:21 INFO  [main]: org.jivesoftware.openfire.net.SASLAuthentication - Support added for the 'ANONYMOUS' SASL mechanism.
2026.09.06 08:12:21 INFO  [main]: org.jivesoftware.openfire.net.SASLAuthentication - Support added for the 'PLAIN' SASL mechanism.
2026.09.06 08:12:21 INFO  [main]: org.jivesoftware.openfire.net.SASLAuthentication - Support added for the 'DIGEST-MD5' SASL mechanism.
2026.09.06 08:12:21 INFO  [main]: org.jivesoftware.openfire.net.SASLAuthentication - Support added for the 'CRAM-MD5' SASL mechanism.
2026.09.06 08:12:21 INFO  [main]: org.jivesoftware.openfire.net.SASLAuthentication - Support added for the 'SCRAM-SHA-1' SASL mechanism.
2026.09.06 08:12:21 INFO  [main]: org.jivesoftware.openfire.net.SASLAuthentication - Support added for the 'JIVE-SHAREDSECRET' SASL mechanism.
2026.09.06 08:12:21 INFO  [main]: org.jivesoftware.openfire.net.SASLAuthentication - Support added for the 'GSSAPI' SASL mechanism.
2026.09.06 08:12:21 INFO  [main]: org.jivesoftware.openfire.net.SASLAuthentication - Support added for the 'EXTERNAL' SASL mechanism.
2026.09.06 08:12:21 INFO  [main]: org.jivesoftware.openfire.XMPPServer - Accessing SystemProperty field org.jivesoftware.openfire.XMPPServerInfo#XMPP_DOMAIN
2026.09.06 08:12:21 INFO  [main]: org.jivesoftware.openfire.XMPPServer - Accessing SystemProperty field org.jivesoftware.openfire.sasl.ExternalClientSaslServer#PROPERTY_SASL_EXTERNAL_CLIENT_SUPPRESS_MATCHING_REALMNAME
2026.09.06 08:12:21 INFO  [main]: org.jivesoftware.openfire.XMPPServer - Accessing SystemProperty field org.jivesoftware.openfire.admin.AdminManager#ADMIN_PROVIDER
2026.09.06 08:12:21 INFO  [pool-5-thread-1]: org.jivesoftware.util.cache.CacheFactory - Created cache [org.jivesoftware.util.cache.DefaultLocalCacheStrategy] for Favicon Misses
2026.09.06 08:12:21 INFO  [pool-5-thread-1]: org.jivesoftware.util.cache.CacheFactory - Created cache [org.jivesoftware.util.cache.DefaultLocalCacheStrategy] for Favicon Hits
2026.09.06 08:12:21 INFO  [main]: org.jivesoftware.openfire.XMPPServer - Accessing SystemProperty field org.jivesoftware.openfire.security.SecurityAuditManager#AUDIT_PROVIDER
2026.09.06 08:12:21 INFO  [main]: org.jivesoftware.openfire.XMPPServer - Accessing SystemProperty field org.jivesoftware.openfire.admin.DefaultAdminProvider#ADMIN_JIDS
2026.09.06 08:12:21 INFO  [main]: org.jivesoftware.openfire.XMPPServer - Accessing SystemProperty field org.jivesoftware.openfire.cluster.ClusterMonitor#ENABLED
2026.09.06 08:12:21 INFO  [pool-5-thread-1]: org.jivesoftware.openfire.container.AdminConsolePlugin - Consola de administración escuchando en http://192.168.1.235:9090
2026.09.06 08:12:21 INFO  [main]: org.jivesoftware.openfire.XMPPServer - Accessing SystemProperty field org.jivesoftware.openfire.ldap.LdapVCardProvider#STORE_AVATAR_IN_DB
2026.09.06 08:12:21 INFO  [main]: org.jivesoftware.openfire.XMPPServer - Accessing SystemProperty field org.jivesoftware.openfire.spi.EncryptionArtifactFactory#TRUST_MANAGER_CLASS
2026.09.06 08:12:21 INFO  [main]: org.jivesoftware.openfire.XMPPServer - Accessing SystemProperty field org.jivesoftware.openfire.update.UpdateManager#ENABLED
2026.09.06 08:12:21 INFO  [main]: org.jivesoftware.openfire.XMPPServer - Accessing SystemProperty field org.jivesoftware.openfire.update.UpdateManager#NOTIFY_ADMINS
2026.09.06 08:12:21 INFO  [main]: org.jivesoftware.openfire.XMPPServer - Accessing SystemProperty field org.jivesoftware.openfire.update.UpdateManager#LAST_UPDATE_CHECK
2026.09.06 08:12:21 INFO  [main]: org.jivesoftware.openfire.XMPPServer - Accessing SystemProperty field org.jivesoftware.openfire.update.UpdateManager#UPDATE_FREQUENCY
2026.09.06 08:12:21 INFO  [main]: org.jivesoftware.openfire.XMPPServer - Accessing SystemProperty field org.jivesoftware.openfire.update.UpdateManager#PROXY_HOST
2026.09.06 08:12:21 INFO  [main]: org.jivesoftware.openfire.XMPPServer - Accessing SystemProperty field org.jivesoftware.openfire.update.UpdateManager#PROXY_PORT
2026.09.06 08:12:21 INFO  [pool-5-thread-1]: org.jivesoftware.openfire.container.PluginManager - Successfully loaded plugin 'admin'.
2026.09.06 08:12:21 INFO  [pool-6-thread-2]: org.jivesoftware.openfire.container.PluginManager - Successfully loaded plugin 'nonsaslauthentication'.
2026.09.06 08:12:21 INFO  [pool-6-thread-4]: org.jivesoftware.openfire.container.PluginManager - Successfully loaded plugin 'search'.
2026.09.06 08:12:22 INFO  [pool-6-thread-3]: org.jivesoftware.openfire.container.PluginManager - Successfully loaded plugin 'restapi'.
2026.09.06 08:12:22 INFO  [pool-5-thread-1]: org.jivesoftware.openfire.container.PluginMonitor - Finished processing all plugins.
2026.09.06 08:12:22 INFO  [pool-5-thread-1]: org.jivesoftware.openfire.spi.ConnectionListener[socket_c2s] - Started.
2026.09.06 08:12:22 INFO  [pool-5-thread-1]: org.jivesoftware.openfire.spi.ConnectionListener[socket_c2s-legacyMode] - Started.
2026.09.06 08:12:22 WARN  [pool-5-thread-1]: org.jivesoftware.openfire.spi.LegacyConnectionAcceptor - Configuration allows for up to 16 threads, although implementation is limited to exactly one.
2026.09.06 08:12:22 INFO  [pool-5-thread-1]: org.jivesoftware.openfire.spi.ConnectionListener[socket_s2s] - Started.
2026.09.06 08:12:22 WARN  [pool-5-thread-1]: org.jivesoftware.openfire.spi.LegacyConnectionAcceptor - Configuration allows for up to 16 threads, although implementation is limited to exactly one.
2026.09.06 08:12:22 INFO  [pool-5-thread-1]: org.jivesoftware.openfire.spi.ConnectionListener[socket_s2s-legacyMode] - Started.
2026.09.06 08:12:22 INFO  [pool-5-thread-1]: org.jivesoftware.openfire.spi.ConnectionListener[component] - Started.
2026.09.06 08:12:22 INFO  [pool-5-thread-1]: org.jivesoftware.openfire.spi.ConnectionListener[component-legacyMode] - Started.
2026.09.06 08:12:22 INFO  [pool-5-thread-1]: org.jivesoftware.openfire.spi.ConnectionListener[connection_manager] - Started.
2026.09.06 08:12:22 INFO  [pool-5-thread-1]: org.jivesoftware.openfire.spi.ConnectionListener[connection_manager-legacyMode] - Started.
2026.09.06 08:12:22 INFO  [pool-5-thread-1]: org.jivesoftware.openfire.http.HttpSessionManager - Starting instance
2026.09.06 08:12:22 INFO  [pool-5-thread-1]: org.jivesoftware.openfire.http.HttpBindManager - HTTP bind service started
2026.09.06 08:12:47 INFO  [socket_c2s-thread-3]: org.jivesoftware.util.cache.CacheFactory - Created cache [org.jivesoftware.util.cache.DefaultLocalCacheStrategy] for Locked Out Accounts
2026.09.06 18:06:43 WARN  [socket_c2s-thread-2]: org.jivesoftware.openfire.nio.ConnectionHandler - Closing connection due to exception in session: (0x00000003: nio socket, server, null => 0.0.0.0/0.0.0.0:5222)
java.io.IOException: Se ha forzado la interrupción de una conexión existente por el host remoto
	at sun.nio.ch.SocketDispatcher.read0(Native Method) ~[?:?]
	at sun.nio.ch.SocketDispatcher.read(SocketDispatcher.java:43) ~[?:?]
	at sun.nio.ch.IOUtil.readIntoNativeBuffer(IOUtil.java:276) ~[?:?]
	at sun.nio.ch.IOUtil.read(IOUtil.java:245) ~[?:?]
	at sun.nio.ch.IOUtil.read(IOUtil.java:223) ~[?:?]
	at sun.nio.ch.SocketChannelImpl.read(SocketChannelImpl.java:356) ~[?:?]
	at org.apache.mina.transport.socket.nio.NioProcessor.read(NioProcessor.java:378) ~[mina-core-2.1.3.jar:?]
	at org.apache.mina.transport.socket.nio.NioProcessor.read(NioProcessor.java:47) ~[mina-core-2.1.3.jar:?]
	at org.apache.mina.core.polling.AbstractPollingIoProcessor.read(AbstractPollingIoProcessor.java:519) ~[mina-core-2.1.3.jar:?]
	at org.apache.mina.core.polling.AbstractPollingIoProcessor.access$1200(AbstractPollingIoProcessor.java:68) ~[mina-core-2.1.3.jar:?]
	at org.apache.mina.core.polling.AbstractPollingIoProcessor$Processor.process(AbstractPollingIoProcessor.java:1222) ~[mina-core-2.1.3.jar:?]
	at org.apache.mina.core.polling.AbstractPollingIoProcessor$Processor.process(AbstractPollingIoProcessor.java:1211) ~[mina-core-2.1.3.jar:?]
	at org.apache.mina.core.polling.AbstractPollingIoProcessor$Processor.run(AbstractPollingIoProcessor.java:683) ~[mina-core-2.1.3.jar:?]
	at org.apache.mina.util.NamePreservingRunnable.run(NamePreservingRunnable.java:64) ~[mina-core-2.1.3.jar:?]
	at java.util.concurrent.ThreadPoolExecutor.runWorker(ThreadPoolExecutor.java:1128) ~[?:?]
	at java.util.concurrent.ThreadPoolExecutor$Worker.run(ThreadPoolExecutor.java:628) ~[?:?]
	at java.lang.Thread.run(Thread.java:829) [?:?]
2026.09.06 21:16:17 ERROR [Update Manager]: org.jivesoftware.openfire.update.UpdateManager - Error: update service check did not save correctly. Stopping update service.
2026.09.07 07:11:51 WARN  [socket_c2s-thread-2]: org.jivesoftware.openfire.nio.ConnectionHandler - Closing connection due to exception in session: (0x00000004: nio socket, server, null => 0.0.0.0/0.0.0.0:5222)
java.io.IOException: Se ha forzado la interrupción de una conexión existente por el host remoto
	at sun.nio.ch.SocketDispatcher.read0(Native Method) ~[?:?]
	at sun.nio.ch.SocketDispatcher.read(SocketDispatcher.java:43) ~[?:?]
	at sun.nio.ch.IOUtil.readIntoNativeBuffer(IOUtil.java:276) ~[?:?]
	at sun.nio.ch.IOUtil.read(IOUtil.java:245) ~[?:?]
	at sun.nio.ch.IOUtil.read(IOUtil.java:223) ~[?:?]
	at sun.nio.ch.SocketChannelImpl.read(SocketChannelImpl.java:356) ~[?:?]
	at org.apache.mina.transport.socket.nio.NioProcessor.read(NioProcessor.java:378) ~[mina-core-2.1.3.jar:?]
	at org.apache.mina.transport.socket.nio.NioProcessor.read(NioProcessor.java:47) ~[mina-core-2.1.3.jar:?]
	at org.apache.mina.core.polling.AbstractPollingIoProcessor.read(AbstractPollingIoProcessor.java:519) ~[mina-core-2.1.3.jar:?]
	at org.apache.mina.core.polling.AbstractPollingIoProcessor.access$1200(AbstractPollingIoProcessor.java:68) ~[mina-core-2.1.3.jar:?]
	at org.apache.mina.core.polling.AbstractPollingIoProcessor$Processor.process(AbstractPollingIoProcessor.java:1222) ~[mina-core-2.1.3.jar:?]
	at org.apache.mina.core.polling.AbstractPollingIoProcessor$Processor.process(AbstractPollingIoProcessor.java:1211) ~[mina-core-2.1.3.jar:?]
	at org.apache.mina.core.polling.AbstractPollingIoProcessor$Processor.run(AbstractPollingIoProcessor.java:683) ~[mina-core-2.1.3.jar:?]
	at org.apache.mina.util.NamePreservingRunnable.run(NamePreservingRunnable.java:64) ~[mina-core-2.1.3.jar:?]
	at java.util.concurrent.ThreadPoolExecutor.runWorker(ThreadPoolExecutor.java:1128) ~[?:?]
	at java.util.concurrent.ThreadPoolExecutor$Worker.run(ThreadPoolExecutor.java:628) ~[?:?]
	at java.lang.Thread.run(Thread.java:829) [?:?]
2026.09.07 07:20:30 WARN  [socket_c2s-thread-3]: org.jivesoftware.openfire.nio.ConnectionHandler - Closing connection due to exception in session: (0x00000005: nio socket, server, null => 0.0.0.0/0.0.0.0:5222)
java.io.IOException: Se ha forzado la interrupción de una conexión existente por el host remoto
	at sun.nio.ch.SocketDispatcher.read0(Native Method) ~[?:?]
	at sun.nio.ch.SocketDispatcher.read(SocketDispatcher.java:43) ~[?:?]
	at sun.nio.ch.IOUtil.readIntoNativeBuffer(IOUtil.java:276) ~[?:?]
	at sun.nio.ch.IOUtil.read(IOUtil.java:245) ~[?:?]
	at sun.nio.ch.IOUtil.read(IOUtil.java:223) ~[?:?]
	at sun.nio.ch.SocketChannelImpl.read(SocketChannelImpl.java:356) ~[?:?]
	at org.apache.mina.transport.socket.nio.NioProcessor.read(NioProcessor.java:378) ~[mina-core-2.1.3.jar:?]
	at org.apache.mina.transport.socket.nio.NioProcessor.read(NioProcessor.java:47) ~[mina-core-2.1.3.jar:?]
	at org.apache.mina.core.polling.AbstractPollingIoProcessor.read(AbstractPollingIoProcessor.java:519) ~[mina-core-2.1.3.jar:?]
	at org.apache.mina.core.polling.AbstractPollingIoProcessor.access$1200(AbstractPollingIoProcessor.java:68) ~[mina-core-2.1.3.jar:?]
	at org.apache.mina.core.polling.AbstractPollingIoProcessor$Processor.process(AbstractPollingIoProcessor.java:1222) ~[mina-core-2.1.3.jar:?]
	at org.apache.mina.core.polling.AbstractPollingIoProcessor$Processor.process(AbstractPollingIoProcessor.java:1211) ~[mina-core-2.1.3.jar:?]
	at org.apache.mina.core.polling.AbstractPollingIoProcessor$Processor.run(AbstractPollingIoProcessor.java:683) ~[mina-core-2.1.3.jar:?]
	at org.apache.mina.util.NamePreservingRunnable.run(NamePreservingRunnable.java:64) ~[mina-core-2.1.3.jar:?]
	at java.util.concurrent.ThreadPoolExecutor.runWorker(ThreadPoolExecutor.java:1128) ~[?:?]
	at java.util.concurrent.ThreadPoolExecutor$Worker.run(ThreadPoolExecutor.java:628) ~[?:?]
	at java.lang.Thread.run(Thread.java:829) [?:?]
2026.09.09 21:31:19 WARN  [socket_c2s-thread-2]: org.jivesoftware.openfire.nio.ConnectionHandler - Closing connection due to exception in session: (0x00000012: nio socket, server, null => 0.0.0.0/0.0.0.0:5222)
java.io.IOException: Se ha forzado la interrupción de una conexión existente por el host remoto
	at sun.nio.ch.SocketDispatcher.read0(Native Method) ~[?:?]
	at sun.nio.ch.SocketDispatcher.read(SocketDispatcher.java:43) ~[?:?]
	at sun.nio.ch.IOUtil.readIntoNativeBuffer(IOUtil.java:276) ~[?:?]
	at sun.nio.ch.IOUtil.read(IOUtil.java:245) ~[?:?]
	at sun.nio.ch.IOUtil.read(IOUtil.java:223) ~[?:?]
	at sun.nio.ch.SocketChannelImpl.read(SocketChannelImpl.java:356) ~[?:?]
	at org.apache.mina.transport.socket.nio.NioProcessor.read(NioProcessor.java:378) ~[mina-core-2.1.3.jar:?]
	at org.apache.mina.transport.socket.nio.NioProcessor.read(NioProcessor.java:47) ~[mina-core-2.1.3.jar:?]
	at org.apache.mina.core.polling.AbstractPollingIoProcessor.read(AbstractPollingIoProcessor.java:519) ~[mina-core-2.1.3.jar:?]
	at org.apache.mina.core.polling.AbstractPollingIoProcessor.access$1200(AbstractPollingIoProcessor.java:68) ~[mina-core-2.1.3.jar:?]
	at org.apache.mina.core.polling.AbstractPollingIoProcessor$Processor.process(AbstractPollingIoProcessor.java:1222) ~[mina-core-2.1.3.jar:?]
	at org.apache.mina.core.polling.AbstractPollingIoProcessor$Processor.process(AbstractPollingIoProcessor.java:1211) ~[mina-core-2.1.3.jar:?]
	at org.apache.mina.core.polling.AbstractPollingIoProcessor$Processor.run(AbstractPollingIoProcessor.java:683) ~[mina-core-2.1.3.jar:?]
	at org.apache.mina.util.NamePreservingRunnable.run(NamePreservingRunnable.java:64) ~[mina-core-2.1.3.jar:?]
	at java.util.concurrent.ThreadPoolExecutor.runWorker(ThreadPoolExecutor.java:1128) ~[?:?]
	at java.util.concurrent.ThreadPoolExecutor$Worker.run(ThreadPoolExecutor.java:628) ~[?:?]
	at java.lang.Thread.run(Thread.java:829) [?:?]
2026.09.11 18:34:40 WARN  [socket_c2s-thread-3]: org.jivesoftware.openfire.nio.ConnectionHandler - Closing connection due to exception in session: (0x00000014: nio socket, server, null => 0.0.0.0/0.0.0.0:5222)
java.io.IOException: Se ha forzado la interrupción de una conexión existente por el host remoto
	at sun.nio.ch.SocketDispatcher.read0(Native Method) ~[?:?]
	at sun.nio.ch.SocketDispatcher.read(SocketDispatcher.java:43) ~[?:?]
	at sun.nio.ch.IOUtil.readIntoNativeBuffer(IOUtil.java:276) ~[?:?]
	at sun.nio.ch.IOUtil.read(IOUtil.java:245) ~[?:?]
	at sun.nio.ch.IOUtil.read(IOUtil.java:223) ~[?:?]
	at sun.nio.ch.SocketChannelImpl.read(SocketChannelImpl.java:356) ~[?:?]
	at org.apache.mina.transport.socket.nio.NioProcessor.read(NioProcessor.java:378) ~[mina-core-2.1.3.jar:?]
	at org.apache.mina.transport.socket.nio.NioProcessor.read(NioProcessor.java:47) ~[mina-core-2.1.3.jar:?]
	at org.apache.mina.core.polling.AbstractPollingIoProcessor.read(AbstractPollingIoProcessor.java:519) ~[mina-core-2.1.3.jar:?]
	at org.apache.mina.core.polling.AbstractPollingIoProcessor.access$1200(AbstractPollingIoProcessor.java:68) ~[mina-core-2.1.3.jar:?]
	at org.apache.mina.core.polling.AbstractPollingIoProcessor$Processor.process(AbstractPollingIoProcessor.java:1222) ~[mina-core-2.1.3.jar:?]
	at org.apache.mina.core.polling.AbstractPollingIoProcessor$Processor.process(AbstractPollingIoProcessor.java:1211) ~[mina-core-2.1.3.jar:?]
	at org.apache.mina.core.polling.AbstractPollingIoProcessor$Processor.run(AbstractPollingIoProcessor.java:683) ~[mina-core-2.1.3.jar:?]
	at org.apache.mina.util.NamePreservingRunnable.run(NamePreservingRunnable.java:64) ~[mina-core-2.1.3.jar:?]
	at java.util.concurrent.ThreadPoolExecutor.runWorker(ThreadPoolExecutor.java:1128) ~[?:?]
	at java.util.concurrent.ThreadPoolExecutor$Worker.run(ThreadPoolExecutor.java:628) ~[?:?]
	at java.lang.Thread.run(Thread.java:829) [?:?]
2026.09.12 00:54:37 WARN  [socket_c2s-thread-2]: org.jivesoftware.openfire.nio.ConnectionHandler - Closing connection due to exception in session: (0x00000016: nio socket, server, null => 0.0.0.0/0.0.0.0:5222)
java.io.IOException: Se ha forzado la interrupción de una conexión existente por el host remoto
	at sun.nio.ch.SocketDispatcher.read0(Native Method) ~[?:?]
	at sun.nio.ch.SocketDispatcher.read(SocketDispatcher.java:43) ~[?:?]
	at sun.nio.ch.IOUtil.readIntoNativeBuffer(IOUtil.java:276) ~[?:?]
	at sun.nio.ch.IOUtil.read(IOUtil.java:245) ~[?:?]
	at sun.nio.ch.IOUtil.read(IOUtil.java:223) ~[?:?]
	at sun.nio.ch.SocketChannelImpl.read(SocketChannelImpl.java:356) ~[?:?]
	at org.apache.mina.transport.socket.nio.NioProcessor.read(NioProcessor.java:378) ~[mina-core-2.1.3.jar:?]
	at org.apache.mina.transport.socket.nio.NioProcessor.read(NioProcessor.java:47) ~[mina-core-2.1.3.jar:?]
	at org.apache.mina.core.polling.AbstractPollingIoProcessor.read(AbstractPollingIoProcessor.java:519) ~[mina-core-2.1.3.jar:?]
	at org.apache.mina.core.polling.AbstractPollingIoProcessor.access$1200(AbstractPollingIoProcessor.java:68) ~[mina-core-2.1.3.jar:?]
	at org.apache.mina.core.polling.AbstractPollingIoProcessor$Processor.process(AbstractPollingIoProcessor.java:1222) ~[mina-core-2.1.3.jar:?]
	at org.apache.mina.core.polling.AbstractPollingIoProcessor$Processor.process(AbstractPollingIoProcessor.java:1211) ~[mina-core-2.1.3.jar:?]
	at org.apache.mina.core.polling.AbstractPollingIoProcessor$Processor.run(AbstractPollingIoProcessor.java:683) ~[mina-core-2.1.3.jar:?]
	at org.apache.mina.util.NamePreservingRunnable.run(NamePreservingRunnable.java:64) ~[mina-core-2.1.3.jar:?]
	at java.util.concurrent.ThreadPoolExecutor.runWorker(ThreadPoolExecutor.java:1128) ~[?:?]
	at java.util.concurrent.ThreadPoolExecutor$Worker.run(ThreadPoolExecutor.java:628) ~[?:?]
	at java.lang.Thread.run(Thread.java:829) [?:?]
2026.09.12 01:19:22 WARN  [socket_c2s-thread-2]: org.jivesoftware.openfire.nio.ConnectionHandler - Closing connection due to exception in session: (0x00000017: nio socket, server, null => 0.0.0.0/0.0.0.0:5222)
java.io.IOException: Se ha forzado la interrupción de una conexión existente por el host remoto
	at sun.nio.ch.SocketDispatcher.read0(Native Method) ~[?:?]
	at sun.nio.ch.SocketDispatcher.read(SocketDispatcher.java:43) ~[?:?]
	at sun.nio.ch.IOUtil.readIntoNativeBuffer(IOUtil.java:276) ~[?:?]
	at sun.nio.ch.IOUtil.read(IOUtil.java:245) ~[?:?]
	at sun.nio.ch.IOUtil.read(IOUtil.java:223) ~[?:?]
	at sun.nio.ch.SocketChannelImpl.read(SocketChannelImpl.java:356) ~[?:?]
	at org.apache.mina.transport.socket.nio.NioProcessor.read(NioProcessor.java:378) ~[mina-core-2.1.3.jar:?]
	at org.apache.mina.transport.socket.nio.NioProcessor.read(NioProcessor.java:47) ~[mina-core-2.1.3.jar:?]
	at org.apache.mina.core.polling.AbstractPollingIoProcessor.read(AbstractPollingIoProcessor.java:519) ~[mina-core-2.1.3.jar:?]
	at org.apache.mina.core.polling.AbstractPollingIoProcessor.access$1200(AbstractPollingIoProcessor.java:68) ~[mina-core-2.1.3.jar:?]
	at org.apache.mina.core.polling.AbstractPollingIoProcessor$Processor.process(AbstractPollingIoProcessor.java:1222) ~[mina-core-2.1.3.jar:?]
	at org.apache.mina.core.polling.AbstractPollingIoProcessor$Processor.process(AbstractPollingIoProcessor.java:1211) ~[mina-core-2.1.3.jar:?]
	at org.apache.mina.core.polling.AbstractPollingIoProcessor$Processor.run(AbstractPollingIoProcessor.java:683) ~[mina-core-2.1.3.jar:?]
	at org.apache.mina.util.NamePreservingRunnable.run(NamePreservingRunnable.java:64) ~[mina-core-2.1.3.jar:?]
	at java.util.concurrent.ThreadPoolExecutor.runWorker(ThreadPoolExecutor.java:1128) ~[?:?]
	at java.util.concurrent.ThreadPoolExecutor$Worker.run(ThreadPoolExecutor.java:628) ~[?:?]
	at java.lang.Thread.run(Thread.java:829) [?:?]
2026.09.12 01:22:53 WARN  [socket_c2s-thread-3]: org.jivesoftware.openfire.nio.ConnectionHandler - Closing connection due to exception in session: (0x00000018: nio socket, server, null => 0.0.0.0/0.0.0.0:5222)
java.io.IOException: Se ha forzado la interrupción de una conexión existente por el host remoto
	at sun.nio.ch.SocketDispatcher.read0(Native Method) ~[?:?]
	at sun.nio.ch.SocketDispatcher.read(SocketDispatcher.java:43) ~[?:?]
	at sun.nio.ch.IOUtil.readIntoNativeBuffer(IOUtil.java:276) ~[?:?]
	at sun.nio.ch.IOUtil.read(IOUtil.java:245) ~[?:?]
	at sun.nio.ch.IOUtil.read(IOUtil.java:223) ~[?:?]
	at sun.nio.ch.SocketChannelImpl.read(SocketChannelImpl.java:356) ~[?:?]
	at org.apache.mina.transport.socket.nio.NioProcessor.read(NioProcessor.java:378) ~[mina-core-2.1.3.jar:?]
	at org.apache.mina.transport.socket.nio.NioProcessor.read(NioProcessor.java:47) ~[mina-core-2.1.3.jar:?]
	at org.apache.mina.core.polling.AbstractPollingIoProcessor.read(AbstractPollingIoProcessor.java:519) ~[mina-core-2.1.3.jar:?]
	at org.apache.mina.core.polling.AbstractPollingIoProcessor.access$1200(AbstractPollingIoProcessor.java:68) ~[mina-core-2.1.3.jar:?]
	at org.apache.mina.core.polling.AbstractPollingIoProcessor$Processor.process(AbstractPollingIoProcessor.java:1222) ~[mina-core-2.1.3.jar:?]
	at org.apache.mina.core.polling.AbstractPollingIoProcessor$Processor.process(AbstractPollingIoProcessor.java:1211) ~[mina-core-2.1.3.jar:?]
	at org.apache.mina.core.polling.AbstractPollingIoProcessor$Processor.run(AbstractPollingIoProcessor.java:683) ~[mina-core-2.1.3.jar:?]
	at org.apache.mina.util.NamePreservingRunnable.run(NamePreservingRunnable.java:64) ~[mina-core-2.1.3.jar:?]
	at java.util.concurrent.ThreadPoolExecutor.runWorker(ThreadPoolExecutor.java:1128) ~[?:?]
	at java.util.concurrent.ThreadPoolExecutor$Worker.run(ThreadPoolExecutor.java:628) ~[?:?]
	at java.lang.Thread.run(Thread.java:829) [?:?]
2026.09.22 20:07:47 INFO  [main]: org.jivesoftware.openfire.XMPPServer - Registering shutdown hook (standalone mode)
2026.09.22 20:07:47 INFO  [main]: hsqldb.db.HSQLDBA0638C63BF.ENGINE - checkpointClose start
2026.09.22 20:07:47 INFO  [main]: hsqldb.db.HSQLDBA0638C63BF.ENGINE - checkpointClose synched
2026.09.22 20:07:47 INFO  [main]: hsqldb.db.HSQLDBA0638C63BF.ENGINE - checkpointClose script done
2026.09.22 20:07:47 INFO  [main]: hsqldb.db.HSQLDBA0638C63BF.ENGINE - checkpointClose end
2026.09.22 20:07:48 INFO  [main]: org.jivesoftware.util.cache.CacheFactory - Created cache [org.jivesoftware.util.cache.DefaultLocalCacheStrategy] for Routing Servers Cache
2026.09.22 20:07:48 INFO  [main]: org.jivesoftware.util.cache.CacheFactory - Created cache [org.jivesoftware.util.cache.DefaultLocalCacheStrategy] for Routing Components Cache
2026.09.22 20:07:48 INFO  [main]: org.jivesoftware.util.cache.CacheFactory - Created cache [org.jivesoftware.util.cache.DefaultLocalCacheStrategy] for Routing Users Cache
2026.09.22 20:07:48 INFO  [main]: org.jivesoftware.util.cache.CacheFactory - Created cache [org.jivesoftware.util.cache.DefaultLocalCacheStrategy] for Routing AnonymousUsers Cache
2026.09.22 20:07:48 INFO  [main]: org.jivesoftware.util.cache.CacheFactory - Created cache [org.jivesoftware.util.cache.DefaultLocalCacheStrategy] for Routing User Sessions
2026.09.22 20:07:48 INFO  [main]: org.jivesoftware.util.cache.CacheFactory - Created cache [org.jivesoftware.util.cache.DefaultLocalCacheStrategy] for Roster
2026.09.22 20:07:48 INFO  [main]: org.jivesoftware.util.cache.CacheFactory - Created cache [org.jivesoftware.util.cache.DefaultLocalCacheStrategy] for RosterItems
2026.09.22 20:07:48 INFO  [main]: org.jivesoftware.util.cache.CacheFactory - Created cache [org.jivesoftware.util.cache.DefaultLocalCacheStrategy] for Multicast Service
2026.09.22 20:07:48 INFO  [main]: org.jivesoftware.util.cache.CacheFactory - Created cache [org.jivesoftware.util.cache.DefaultLocalCacheStrategy] for Offline Message Size
2026.09.22 20:07:48 INFO  [main]: org.jivesoftware.util.cache.CacheFactory - Created cache [org.jivesoftware.util.cache.DefaultLocalCacheStrategy] for VCard
2026.09.22 20:07:48 INFO  [main]: org.jivesoftware.util.cache.CacheFactory - Created cache [org.jivesoftware.util.cache.DefaultLocalCacheStrategy] for Privacy Lists
2026.09.22 20:07:48 INFO  [main]: org.jivesoftware.util.cache.CacheFactory - Created cache [org.jivesoftware.util.cache.DefaultLocalCacheStrategy] for File Transfer Cache
2026.09.22 20:07:48 INFO  [main]: org.jivesoftware.util.cache.CacheFactory - Created cache [org.jivesoftware.util.cache.DefaultLocalCacheStrategy] for Offline Presence Cache
2026.09.22 20:07:48 INFO  [main]: org.jivesoftware.util.cache.CacheFactory - Created cache [org.jivesoftware.util.cache.DefaultLocalCacheStrategy] for Last Activity Cache
2026.09.22 20:07:48 INFO  [main]: org.jivesoftware.util.cache.CacheFactory - Created cache [org.jivesoftware.util.cache.DefaultLocalCacheStrategy] for User
2026.09.22 20:07:48 INFO  [main]: org.jivesoftware.util.cache.CacheFactory - Created cache [org.jivesoftware.util.cache.DefaultLocalCacheStrategy] for Remote Users Existence
2026.09.22 20:07:48 INFO  [main]: org.jivesoftware.util.cache.CacheFactory - Created cache [org.jivesoftware.util.cache.DefaultLocalCacheStrategy] for Components Sessions
2026.09.22 20:07:48 INFO  [main]: org.jivesoftware.util.cache.CacheFactory - Created cache [org.jivesoftware.util.cache.DefaultLocalCacheStrategy] for Connection Managers Sessions
2026.09.22 20:07:48 INFO  [main]: org.jivesoftware.util.cache.CacheFactory - Created cache [org.jivesoftware.util.cache.DefaultLocalCacheStrategy] for Incoming Server Sessions
2026.09.22 20:07:48 INFO  [main]: org.jivesoftware.util.cache.CacheFactory - Created cache [org.jivesoftware.util.cache.DefaultLocalCacheStrategy] for Sessions by Hostname
2026.09.22 20:07:48 INFO  [main]: org.jivesoftware.util.cache.CacheFactory - Created cache [org.jivesoftware.util.cache.DefaultLocalCacheStrategy] for Validated Domains
2026.09.22 20:07:48 INFO  [main]: org.jivesoftware.util.cache.CacheFactory - Created cache [org.jivesoftware.util.cache.DefaultLocalCacheStrategy] for Client Session Info Cache
2026.09.22 20:07:48 INFO  [main]: org.jivesoftware.util.cache.CacheFactory - Created cache [org.jivesoftware.util.cache.DefaultLocalCacheStrategy] for Directed Presences
2026.09.22 20:07:48 INFO  [main]: org.jivesoftware.util.cache.CacheFactory - Created local-only cache [org.jivesoftware.util.cache.DefaultLocalCacheStrategy] for PEPServiceManager
2026.09.22 20:07:48 INFO  [main]: org.jivesoftware.util.cache.CacheFactory - Created cache [org.jivesoftware.util.cache.DefaultLocalCacheStrategy] for File Transfer
2026.09.22 20:07:48 INFO  [main]: org.jivesoftware.util.cache.CacheFactory - Created cache [org.jivesoftware.util.cache.DefaultLocalCacheStrategy] for Published Items
2026.09.22 20:07:48 INFO  [main]: org.jivesoftware.util.cache.CacheFactory - Created cache [org.jivesoftware.util.cache.DefaultLocalCacheStrategy] for Disco Server Features
2026.09.22 20:07:48 INFO  [main]: org.jivesoftware.util.cache.CacheFactory - Created cache [org.jivesoftware.util.cache.DefaultLocalCacheStrategy] for Disco Server Items
2026.09.22 20:07:48 INFO  [main]: org.jivesoftware.util.cache.CacheFactory - Created cache [org.jivesoftware.util.cache.DefaultLocalCacheStrategy] for Components
2026.09.22 20:07:48 INFO  [main]: org.jivesoftware.util.cache.CacheFactory - Created local-only cache [org.jivesoftware.util.cache.DefaultLocalCacheStrategy] for Entity Capabilities
2026.09.22 20:07:48 INFO  [main]: org.jivesoftware.util.cache.CacheFactory - Created local-only cache [org.jivesoftware.util.cache.DefaultLocalCacheStrategy] for Entity Capabilities Users
2026.09.22 20:07:48 INFO  [main]: org.jivesoftware.util.cache.CacheFactory - Created cache [org.jivesoftware.util.cache.DefaultLocalCacheStrategy] for Group
2026.09.22 20:07:48 INFO  [main]: org.jivesoftware.util.cache.CacheFactory - Created cache [org.jivesoftware.util.cache.DefaultLocalCacheStrategy] for Group Metadata Cache
2026.09.22 20:07:48 INFO  [main]: org.jivesoftware.openfire.pubsub.PubSubModule - Dominio de Publicar-Suscribir: pubsub.192.168.1.235
2026.09.22 20:07:48 INFO  [main]: org.jivesoftware.openfire.muc.spi.MultiUserChatServiceImpl - Dominio de Chat Multi-usuario: conference.192.168.1.235
2026.09.22 20:07:48 INFO  [main]: org.jivesoftware.openfire.XMPPServer - Openfire 4.5.0 Alpha [Sep 22, 2026, 8:07:48 PM]
2026.09.22 20:07:49 WARN  [pool-5-thread-1]: org.jivesoftware.openfire.container.AdminConsolePlugin - Admin console: Identity store does not have any certificates. HTTPS will be unavailable.
2026.09.22 20:07:49 INFO  [main]: org.jivesoftware.openfire.XMPPServer - Accessing SystemProperty field org.jivesoftware.openfire.auth.AuthFactory#PASSWORD_KEY
2026.09.22 20:07:49 INFO  [main]: org.jivesoftware.openfire.XMPPServer - Accessing SystemProperty field org.jivesoftware.openfire.auth.AuthFactory#AUTH_PROVIDER
2026.09.22 20:07:49 INFO  [main]: org.jivesoftware.openfire.XMPPServer - Accessing SystemProperty field org.jivesoftware.openfire.sasl.ScramSha1SaslServer#ITERATION_COUNT
2026.09.22 20:07:49 INFO  [main]: org.jivesoftware.openfire.XMPPServer - Accessing SystemProperty field org.jivesoftware.openfire.vcard.VCardManager#VCARD_PROVIDER
2026.09.22 20:07:49 INFO  [main]: org.jivesoftware.openfire.XMPPServer - Accessing SystemProperty field org.jivesoftware.openfire.auth.HybridAuthProvider#PRIMARY_PROVIDER
2026.09.22 20:07:49 INFO  [main]: org.jivesoftware.openfire.XMPPServer - Accessing SystemProperty field org.jivesoftware.openfire.auth.HybridAuthProvider#SECONDARY_PROVIDER
2026.09.22 20:07:49 INFO  [main]: org.jivesoftware.openfire.XMPPServer - Accessing SystemProperty field org.jivesoftware.openfire.auth.HybridAuthProvider#TERTIARY_PROVIDER
2026.09.22 20:07:49 INFO  [main]: org.jivesoftware.openfire.XMPPServer - Accessing SystemProperty field org.jivesoftware.openfire.lockout.LockOutManager#LOCKOUT_PROVIDER
2026.09.22 20:07:49 INFO  [main]: org.jivesoftware.openfire.XMPPServer - Accessing SystemProperty field org.jivesoftware.openfire.user.UserManager#USER_PROVIDER
2026.09.22 20:07:49 INFO  [main]: org.jivesoftware.openfire.XMPPServer - Accessing SystemProperty field org.jivesoftware.openfire.user.UserManager#REMOTE_DISCO_INFO_TIMEOUT
2026.09.22 20:07:49 INFO  [main]: org.jivesoftware.openfire.XMPPServer - Accessing SystemProperty field org.jivesoftware.openfire.user.UserManager#USER_PROPERTY_PROVIDER
2026.09.22 20:07:49 INFO  [main]: org.jivesoftware.openfire.XMPPServer - Accessing SystemProperty field org.jivesoftware.openfire.SessionManager#CONFLICT_LIMIT
2026.09.22 20:07:49 INFO  [main]: org.jivesoftware.openfire.XMPPServer - Accessing SystemProperty field org.jivesoftware.openfire.group.GroupManager#GROUP_PROVIDER
2026.09.22 20:07:49 INFO  [main]: org.jivesoftware.openfire.XMPPServer - Accessing SystemProperty field org.jivesoftware.openfire.muc.spi.IQMuclumbusSearchHandler#PROPERTY_ENABLED
2026.09.22 20:07:49 INFO  [main]: org.jivesoftware.openfire.XMPPServer - Accessing SystemProperty field org.jivesoftware.openfire.sasl.AnonymousSaslServer#ENABLED
2026.09.22 20:07:49 INFO  [main]: org.jivesoftware.openfire.XMPPServer - Accessing SystemProperty field org.jivesoftware.openfire.net.SASLAuthentication#SKIP_PEER_CERT_REVALIDATION_CLIENT
2026.09.22 20:07:49 INFO  [main]: org.jivesoftware.openfire.net.SASLAuthentication - Support added for the 'ANONYMOUS' SASL mechanism.
2026.09.22 20:07:49 INFO  [main]: org.jivesoftware.openfire.net.SASLAuthentication - Support added for the 'PLAIN' SASL mechanism.
2026.09.22 20:07:49 INFO  [main]: org.jivesoftware.openfire.net.SASLAuthentication - Support added for the 'DIGEST-MD5' SASL mechanism.
2026.09.22 20:07:49 INFO  [main]: org.jivesoftware.openfire.net.SASLAuthentication - Support added for the 'CRAM-MD5' SASL mechanism.
2026.09.22 20:07:49 INFO  [main]: org.jivesoftware.openfire.net.SASLAuthentication - Support added for the 'SCRAM-SHA-1' SASL mechanism.
2026.09.22 20:07:49 INFO  [main]: org.jivesoftware.openfire.net.SASLAuthentication - Support added for the 'JIVE-SHAREDSECRET' SASL mechanism.
2026.09.22 20:07:49 INFO  [main]: org.jivesoftware.openfire.net.SASLAuthentication - Support added for the 'GSSAPI' SASL mechanism.
2026.09.22 20:07:49 INFO  [main]: org.jivesoftware.openfire.net.SASLAuthentication - Support added for the 'EXTERNAL' SASL mechanism.
2026.09.22 20:07:49 INFO  [main]: org.jivesoftware.openfire.XMPPServer - Accessing SystemProperty field org.jivesoftware.openfire.XMPPServerInfo#XMPP_DOMAIN
2026.09.22 20:07:49 INFO  [main]: org.jivesoftware.openfire.XMPPServer - Accessing SystemProperty field org.jivesoftware.openfire.sasl.ExternalClientSaslServer#PROPERTY_SASL_EXTERNAL_CLIENT_SUPPRESS_MATCHING_REALMNAME
2026.09.22 20:07:49 INFO  [main]: org.jivesoftware.openfire.XMPPServer - Accessing SystemProperty field org.jivesoftware.openfire.admin.AdminManager#ADMIN_PROVIDER
2026.09.22 20:07:50 INFO  [main]: org.jivesoftware.openfire.XMPPServer - Accessing SystemProperty field org.jivesoftware.openfire.security.SecurityAuditManager#AUDIT_PROVIDER
2026.09.22 20:07:50 INFO  [main]: org.jivesoftware.openfire.XMPPServer - Accessing SystemProperty field org.jivesoftware.openfire.admin.DefaultAdminProvider#ADMIN_JIDS
2026.09.22 20:07:50 INFO  [main]: org.jivesoftware.openfire.XMPPServer - Accessing SystemProperty field org.jivesoftware.openfire.cluster.ClusterMonitor#ENABLED
2026.09.22 20:07:50 INFO  [main]: org.jivesoftware.openfire.XMPPServer - Accessing SystemProperty field org.jivesoftware.openfire.ldap.LdapVCardProvider#STORE_AVATAR_IN_DB
2026.09.22 20:07:50 INFO  [main]: org.jivesoftware.openfire.XMPPServer - Accessing SystemProperty field org.jivesoftware.openfire.spi.EncryptionArtifactFactory#TRUST_MANAGER_CLASS
2026.09.22 20:07:50 INFO  [main]: org.jivesoftware.openfire.XMPPServer - Accessing SystemProperty field org.jivesoftware.openfire.update.UpdateManager#ENABLED
2026.09.22 20:07:50 INFO  [main]: org.jivesoftware.openfire.XMPPServer - Accessing SystemProperty field org.jivesoftware.openfire.update.UpdateManager#NOTIFY_ADMINS
2026.09.22 20:07:50 INFO  [main]: org.jivesoftware.openfire.XMPPServer - Accessing SystemProperty field org.jivesoftware.openfire.update.UpdateManager#LAST_UPDATE_CHECK
2026.09.22 20:07:50 INFO  [main]: org.jivesoftware.openfire.XMPPServer - Accessing SystemProperty field org.jivesoftware.openfire.update.UpdateManager#UPDATE_FREQUENCY
2026.09.22 20:07:50 INFO  [main]: org.jivesoftware.openfire.XMPPServer - Accessing SystemProperty field org.jivesoftware.openfire.update.UpdateManager#PROXY_HOST
2026.09.22 20:07:50 INFO  [main]: org.jivesoftware.openfire.XMPPServer - Accessing SystemProperty field org.jivesoftware.openfire.update.UpdateManager#PROXY_PORT
2026.09.22 20:07:50 INFO  [pool-5-thread-1]: org.jivesoftware.util.cache.CacheFactory - Created cache [org.jivesoftware.util.cache.DefaultLocalCacheStrategy] for Favicon Misses
2026.09.22 20:07:50 INFO  [pool-5-thread-1]: org.jivesoftware.util.cache.CacheFactory - Created cache [org.jivesoftware.util.cache.DefaultLocalCacheStrategy] for Favicon Hits
2026.09.22 20:07:50 INFO  [pool-5-thread-1]: org.jivesoftware.openfire.container.AdminConsolePlugin - Consola de administración escuchando en http://192.168.1.235:9090
2026.09.22 20:07:50 INFO  [pool-5-thread-1]: org.jivesoftware.openfire.container.PluginManager - Successfully loaded plugin 'admin'.
2026.09.22 20:07:50 INFO  [pool-6-thread-2]: org.jivesoftware.openfire.container.PluginManager - Successfully loaded plugin 'nonsaslauthentication'.
2026.09.22 20:07:50 INFO  [pool-6-thread-4]: org.jivesoftware.openfire.container.PluginManager - Successfully loaded plugin 'search'.
2026.09.22 20:07:51 INFO  [pool-6-thread-3]: org.jivesoftware.openfire.container.PluginManager - Successfully loaded plugin 'restapi'.
2026.09.22 20:07:51 INFO  [pool-5-thread-1]: org.jivesoftware.openfire.container.PluginMonitor - Finished processing all plugins.
2026.09.22 20:07:51 INFO  [pool-5-thread-1]: org.jivesoftware.openfire.spi.ConnectionListener[socket_c2s] - Started.
2026.09.22 20:07:51 INFO  [pool-5-thread-1]: org.jivesoftware.openfire.spi.ConnectionListener[socket_c2s-legacyMode] - Started.
2026.09.22 20:07:51 WARN  [pool-5-thread-1]: org.jivesoftware.openfire.spi.LegacyConnectionAcceptor - Configuration allows for up to 16 threads, although implementation is limited to exactly one.
2026.09.22 20:07:51 INFO  [pool-5-thread-1]: org.jivesoftware.openfire.spi.ConnectionListener[socket_s2s] - Started.
2026.09.22 20:07:51 WARN  [pool-5-thread-1]: org.jivesoftware.openfire.spi.LegacyConnectionAcceptor - Configuration allows for up to 16 threads, although implementation is limited to exactly one.
2026.09.22 20:07:51 INFO  [pool-5-thread-1]: org.jivesoftware.openfire.spi.ConnectionListener[socket_s2s-legacyMode] - Started.
2026.09.22 20:07:51 INFO  [pool-5-thread-1]: org.jivesoftware.openfire.spi.ConnectionListener[component] - Started.
2026.09.22 20:07:51 INFO  [pool-5-thread-1]: org.jivesoftware.openfire.spi.ConnectionListener[component-legacyMode] - Started.
2026.09.22 20:07:51 INFO  [pool-5-thread-1]: org.jivesoftware.openfire.spi.ConnectionListener[connection_manager] - Started.
2026.09.22 20:07:51 INFO  [pool-5-thread-1]: org.jivesoftware.openfire.spi.ConnectionListener[connection_manager-legacyMode] - Started.
2026.09.22 20:07:51 INFO  [pool-5-thread-1]: org.jivesoftware.openfire.http.HttpSessionManager - Starting instance
2026.09.22 20:07:51 INFO  [pool-5-thread-1]: org.jivesoftware.openfire.http.HttpBindManager - HTTP bind service started
2026.09.22 20:07:54 ERROR [Update Manager]: org.jivesoftware.openfire.update.UpdateManager - Error: update service check did not save correctly. Stopping update service.
2026.09.22 20:08:18 INFO  [socket_c2s-thread-3]: org.jivesoftware.util.cache.CacheFactory - Created cache [org.jivesoftware.util.cache.DefaultLocalCacheStrategy] for Locked Out Accounts
2026.09.26 21:55:48 ERROR [Jetty-QTP-AdminConsole-9875]: org.jivesoftware.openfire.plugin.rest.exceptions.RESTExceptionMapper - UserNotFoundException: Could not get user with resource sbrw.102
2026.09.26 23:27:05 WARN  [socket_c2s-thread-2]: org.jivesoftware.openfire.nio.ConnectionHandler - Closing connection due to exception in session: (0x00000002: nio socket, server, null => 0.0.0.0/0.0.0.0:5222)
java.io.IOException: Se ha forzado la interrupción de una conexión existente por el host remoto
	at sun.nio.ch.SocketDispatcher.read0(Native Method) ~[?:?]
	at sun.nio.ch.SocketDispatcher.read(SocketDispatcher.java:43) ~[?:?]
	at sun.nio.ch.IOUtil.readIntoNativeBuffer(IOUtil.java:276) ~[?:?]
	at sun.nio.ch.IOUtil.read(IOUtil.java:245) ~[?:?]
	at sun.nio.ch.IOUtil.read(IOUtil.java:223) ~[?:?]
	at sun.nio.ch.SocketChannelImpl.read(SocketChannelImpl.java:356) ~[?:?]
	at org.apache.mina.transport.socket.nio.NioProcessor.read(NioProcessor.java:378) ~[mina-core-2.1.3.jar:?]
	at org.apache.mina.transport.socket.nio.NioProcessor.read(NioProcessor.java:47) ~[mina-core-2.1.3.jar:?]
	at org.apache.mina.core.polling.AbstractPollingIoProcessor.read(AbstractPollingIoProcessor.java:519) ~[mina-core-2.1.3.jar:?]
	at org.apache.mina.core.polling.AbstractPollingIoProcessor.access$1200(AbstractPollingIoProcessor.java:68) ~[mina-core-2.1.3.jar:?]
	at org.apache.mina.core.polling.AbstractPollingIoProcessor$Processor.process(AbstractPollingIoProcessor.java:1222) ~[mina-core-2.1.3.jar:?]
	at org.apache.mina.core.polling.AbstractPollingIoProcessor$Processor.process(AbstractPollingIoProcessor.java:1211) ~[mina-core-2.1.3.jar:?]
	at org.apache.mina.core.polling.AbstractPollingIoProcessor$Processor.run(AbstractPollingIoProcessor.java:683) ~[mina-core-2.1.3.jar:?]
	at org.apache.mina.util.NamePreservingRunnable.run(NamePreservingRunnable.java:64) ~[mina-core-2.1.3.jar:?]
	at java.util.concurrent.ThreadPoolExecutor.runWorker(ThreadPoolExecutor.java:1128) ~[?:?]
	at java.util.concurrent.ThreadPoolExecutor$Worker.run(ThreadPoolExecutor.java:628) ~[?:?]
	at java.lang.Thread.run(Thread.java:829) [?:?]
2026.09.27 00:44:50 INFO  [main]: org.jivesoftware.openfire.XMPPServer - Registering shutdown hook (standalone mode)
2026.09.27 00:44:51 INFO  [main]: hsqldb.db.HSQLDBA0638C63BF.ENGINE - checkpointClose start
2026.09.27 00:44:51 INFO  [main]: hsqldb.db.HSQLDBA0638C63BF.ENGINE - checkpointClose synched
2026.09.27 00:44:52 INFO  [main]: hsqldb.db.HSQLDBA0638C63BF.ENGINE - checkpointClose script done
2026.09.27 00:44:52 INFO  [main]: hsqldb.db.HSQLDBA0638C63BF.ENGINE - checkpointClose end
2026.09.27 00:44:54 INFO  [main]: org.jivesoftware.util.cache.CacheFactory - Created cache [org.jivesoftware.util.cache.DefaultLocalCacheStrategy] for Routing Servers Cache
2026.09.27 00:44:54 INFO  [main]: org.jivesoftware.util.cache.CacheFactory - Created cache [org.jivesoftware.util.cache.DefaultLocalCacheStrategy] for Routing Components Cache
2026.09.27 00:44:54 INFO  [main]: org.jivesoftware.util.cache.CacheFactory - Created cache [org.jivesoftware.util.cache.DefaultLocalCacheStrategy] for Routing Users Cache
2026.09.27 00:44:54 INFO  [main]: org.jivesoftware.util.cache.CacheFactory - Created cache [org.jivesoftware.util.cache.DefaultLocalCacheStrategy] for Routing AnonymousUsers Cache
2026.09.27 00:44:54 INFO  [main]: org.jivesoftware.util.cache.CacheFactory - Created cache [org.jivesoftware.util.cache.DefaultLocalCacheStrategy] for Routing User Sessions
2026.09.27 00:44:54 INFO  [main]: org.jivesoftware.util.cache.CacheFactory - Created cache [org.jivesoftware.util.cache.DefaultLocalCacheStrategy] for Roster
2026.09.27 00:44:54 INFO  [main]: org.jivesoftware.util.cache.CacheFactory - Created cache [org.jivesoftware.util.cache.DefaultLocalCacheStrategy] for RosterItems
2026.09.27 00:44:55 INFO  [main]: org.jivesoftware.util.cache.CacheFactory - Created cache [org.jivesoftware.util.cache.DefaultLocalCacheStrategy] for Multicast Service
2026.09.27 00:44:55 INFO  [main]: org.jivesoftware.util.cache.CacheFactory - Created cache [org.jivesoftware.util.cache.DefaultLocalCacheStrategy] for Offline Message Size
2026.09.27 00:44:55 INFO  [main]: org.jivesoftware.util.cache.CacheFactory - Created cache [org.jivesoftware.util.cache.DefaultLocalCacheStrategy] for VCard
2026.09.27 00:44:56 INFO  [main]: org.jivesoftware.util.cache.CacheFactory - Created cache [org.jivesoftware.util.cache.DefaultLocalCacheStrategy] for Privacy Lists
2026.09.27 00:44:56 INFO  [main]: org.jivesoftware.util.cache.CacheFactory - Created cache [org.jivesoftware.util.cache.DefaultLocalCacheStrategy] for File Transfer Cache
2026.09.27 00:44:56 INFO  [main]: org.jivesoftware.util.cache.CacheFactory - Created cache [org.jivesoftware.util.cache.DefaultLocalCacheStrategy] for Offline Presence Cache
2026.09.27 00:44:56 INFO  [main]: org.jivesoftware.util.cache.CacheFactory - Created cache [org.jivesoftware.util.cache.DefaultLocalCacheStrategy] for Last Activity Cache
2026.09.27 00:44:56 INFO  [main]: org.jivesoftware.util.cache.CacheFactory - Created cache [org.jivesoftware.util.cache.DefaultLocalCacheStrategy] for User
2026.09.27 00:44:56 INFO  [main]: org.jivesoftware.util.cache.CacheFactory - Created cache [org.jivesoftware.util.cache.DefaultLocalCacheStrategy] for Remote Users Existence
2026.09.27 00:44:56 INFO  [main]: org.jivesoftware.util.cache.CacheFactory - Created cache [org.jivesoftware.util.cache.DefaultLocalCacheStrategy] for Components Sessions
2026.09.27 00:44:56 INFO  [main]: org.jivesoftware.util.cache.CacheFactory - Created cache [org.jivesoftware.util.cache.DefaultLocalCacheStrategy] for Connection Managers Sessions
2026.09.27 00:44:56 INFO  [main]: org.jivesoftware.util.cache.CacheFactory - Created cache [org.jivesoftware.util.cache.DefaultLocalCacheStrategy] for Incoming Server Sessions
2026.09.27 00:44:56 INFO  [main]: org.jivesoftware.util.cache.CacheFactory - Created cache [org.jivesoftware.util.cache.DefaultLocalCacheStrategy] for Sessions by Hostname
2026.09.27 00:44:56 INFO  [main]: org.jivesoftware.util.cache.CacheFactory - Created cache [org.jivesoftware.util.cache.DefaultLocalCacheStrategy] for Validated Domains
2026.09.27 00:44:56 INFO  [main]: org.jivesoftware.util.cache.CacheFactory - Created cache [org.jivesoftware.util.cache.DefaultLocalCacheStrategy] for Client Session Info Cache
2026.09.27 00:44:56 INFO  [main]: org.jivesoftware.util.cache.CacheFactory - Created cache [org.jivesoftware.util.cache.DefaultLocalCacheStrategy] for Directed Presences
2026.09.27 00:44:56 INFO  [main]: org.jivesoftware.util.cache.CacheFactory - Created local-only cache [org.jivesoftware.util.cache.DefaultLocalCacheStrategy] for PEPServiceManager
2026.09.27 00:44:56 INFO  [main]: org.jivesoftware.util.cache.CacheFactory - Created cache [org.jivesoftware.util.cache.DefaultLocalCacheStrategy] for File Transfer
2026.09.27 00:44:56 INFO  [main]: org.jivesoftware.util.cache.CacheFactory - Created cache [org.jivesoftware.util.cache.DefaultLocalCacheStrategy] for Published Items
2026.09.27 00:44:56 INFO  [main]: org.jivesoftware.util.cache.CacheFactory - Created cache [org.jivesoftware.util.cache.DefaultLocalCacheStrategy] for Disco Server Features
2026.09.27 00:44:57 INFO  [main]: org.jivesoftware.util.cache.CacheFactory - Created cache [org.jivesoftware.util.cache.DefaultLocalCacheStrategy] for Disco Server Items
2026.09.27 00:44:57 INFO  [main]: org.jivesoftware.util.cache.CacheFactory - Created cache [org.jivesoftware.util.cache.DefaultLocalCacheStrategy] for Components
2026.09.27 00:44:57 INFO  [main]: org.jivesoftware.util.cache.CacheFactory - Created local-only cache [org.jivesoftware.util.cache.DefaultLocalCacheStrategy] for Entity Capabilities
2026.09.27 00:44:57 INFO  [main]: org.jivesoftware.util.cache.CacheFactory - Created local-only cache [org.jivesoftware.util.cache.DefaultLocalCacheStrategy] for Entity Capabilities Users
2026.09.27 00:44:58 INFO  [main]: org.jivesoftware.util.cache.CacheFactory - Created cache [org.jivesoftware.util.cache.DefaultLocalCacheStrategy] for Group
2026.09.27 00:44:58 INFO  [main]: org.jivesoftware.util.cache.CacheFactory - Created cache [org.jivesoftware.util.cache.DefaultLocalCacheStrategy] for Group Metadata Cache
2026.09.27 00:44:58 INFO  [main]: org.jivesoftware.openfire.pubsub.PubSubModule - Dominio de Publicar-Suscribir: pubsub.192.168.1.235
2026.09.27 00:44:58 INFO  [main]: org.jivesoftware.openfire.muc.spi.MultiUserChatServiceImpl - Dominio de Chat Multi-usuario: conference.192.168.1.235
2026.09.27 00:44:58 INFO  [main]: org.jivesoftware.openfire.XMPPServer - Openfire 4.5.0 Alpha [Sep 27, 2026, 12:44:58 AM]
2026.09.27 00:44:59 WARN  [pool-5-thread-1]: org.jivesoftware.openfire.container.AdminConsolePlugin - Admin console: Identity store does not have any certificates. HTTPS will be unavailable.
2026.09.27 00:45:00 INFO  [main]: org.jivesoftware.openfire.XMPPServer - Accessing SystemProperty field org.jivesoftware.openfire.auth.AuthFactory#PASSWORD_KEY
2026.09.27 00:45:00 INFO  [main]: org.jivesoftware.openfire.XMPPServer - Accessing SystemProperty field org.jivesoftware.openfire.auth.AuthFactory#AUTH_PROVIDER
2026.09.27 00:45:00 INFO  [main]: org.jivesoftware.openfire.XMPPServer - Accessing SystemProperty field org.jivesoftware.openfire.sasl.ScramSha1SaslServer#ITERATION_COUNT
2026.09.27 00:45:00 INFO  [main]: org.jivesoftware.openfire.XMPPServer - Accessing SystemProperty field org.jivesoftware.openfire.vcard.VCardManager#VCARD_PROVIDER
2026.09.27 00:45:00 INFO  [main]: org.jivesoftware.openfire.XMPPServer - Accessing SystemProperty field org.jivesoftware.openfire.auth.HybridAuthProvider#PRIMARY_PROVIDER
2026.09.27 00:45:00 INFO  [main]: org.jivesoftware.openfire.XMPPServer - Accessing SystemProperty field org.jivesoftware.openfire.auth.HybridAuthProvider#SECONDARY_PROVIDER
2026.09.27 00:45:00 INFO  [main]: org.jivesoftware.openfire.XMPPServer - Accessing SystemProperty field org.jivesoftware.openfire.auth.HybridAuthProvider#TERTIARY_PROVIDER
2026.09.27 00:45:00 INFO  [main]: org.jivesoftware.openfire.XMPPServer - Accessing SystemProperty field org.jivesoftware.openfire.lockout.LockOutManager#LOCKOUT_PROVIDER
2026.09.27 00:45:00 INFO  [main]: org.jivesoftware.openfire.XMPPServer - Accessing SystemProperty field org.jivesoftware.openfire.user.UserManager#USER_PROVIDER
2026.09.27 00:45:00 INFO  [main]: org.jivesoftware.openfire.XMPPServer - Accessing SystemProperty field org.jivesoftware.openfire.user.UserManager#REMOTE_DISCO_INFO_TIMEOUT
2026.09.27 00:45:00 INFO  [main]: org.jivesoftware.openfire.XMPPServer - Accessing SystemProperty field org.jivesoftware.openfire.user.UserManager#USER_PROPERTY_PROVIDER
2026.09.27 00:45:01 INFO  [main]: org.jivesoftware.openfire.XMPPServer - Accessing SystemProperty field org.jivesoftware.openfire.SessionManager#CONFLICT_LIMIT
2026.09.27 00:45:01 INFO  [main]: org.jivesoftware.openfire.XMPPServer - Accessing SystemProperty field org.jivesoftware.openfire.group.GroupManager#GROUP_PROVIDER
2026.09.27 00:45:01 INFO  [main]: org.jivesoftware.openfire.XMPPServer - Accessing SystemProperty field org.jivesoftware.openfire.muc.spi.IQMuclumbusSearchHandler#PROPERTY_ENABLED
2026.09.27 00:45:01 INFO  [main]: org.jivesoftware.openfire.XMPPServer - Accessing SystemProperty field org.jivesoftware.openfire.sasl.AnonymousSaslServer#ENABLED
2026.09.27 00:45:01 INFO  [main]: org.jivesoftware.openfire.XMPPServer - Accessing SystemProperty field org.jivesoftware.openfire.net.SASLAuthentication#SKIP_PEER_CERT_REVALIDATION_CLIENT
2026.09.27 00:45:01 INFO  [main]: org.jivesoftware.openfire.net.SASLAuthentication - Support added for the 'ANONYMOUS' SASL mechanism.
2026.09.27 00:45:01 INFO  [main]: org.jivesoftware.openfire.net.SASLAuthentication - Support added for the 'PLAIN' SASL mechanism.
2026.09.27 00:45:01 INFO  [main]: org.jivesoftware.openfire.net.SASLAuthentication - Support added for the 'DIGEST-MD5' SASL mechanism.
2026.09.27 00:45:01 INFO  [main]: org.jivesoftware.openfire.net.SASLAuthentication - Support added for the 'CRAM-MD5' SASL mechanism.
2026.09.27 00:45:01 INFO  [main]: org.jivesoftware.openfire.net.SASLAuthentication - Support added for the 'SCRAM-SHA-1' SASL mechanism.
2026.09.27 00:45:01 INFO  [main]: org.jivesoftware.openfire.net.SASLAuthentication - Support added for the 'JIVE-SHAREDSECRET' SASL mechanism.
2026.09.27 00:45:01 INFO  [main]: org.jivesoftware.openfire.net.SASLAuthentication - Support added for the 'GSSAPI' SASL mechanism.
2026.09.27 00:45:01 INFO  [main]: org.jivesoftware.openfire.net.SASLAuthentication - Support added for the 'EXTERNAL' SASL mechanism.
2026.09.27 00:45:01 INFO  [main]: org.jivesoftware.openfire.XMPPServer - Accessing SystemProperty field org.jivesoftware.openfire.XMPPServerInfo#XMPP_DOMAIN
2026.09.27 00:45:01 INFO  [main]: org.jivesoftware.openfire.XMPPServer - Accessing SystemProperty field org.jivesoftware.openfire.sasl.ExternalClientSaslServer#PROPERTY_SASL_EXTERNAL_CLIENT_SUPPRESS_MATCHING_REALMNAME
2026.09.27 00:45:01 INFO  [main]: org.jivesoftware.openfire.XMPPServer - Accessing SystemProperty field org.jivesoftware.openfire.admin.AdminManager#ADMIN_PROVIDER
2026.09.27 00:45:02 INFO  [main]: org.jivesoftware.openfire.XMPPServer - Accessing SystemProperty field org.jivesoftware.openfire.security.SecurityAuditManager#AUDIT_PROVIDER
2026.09.27 00:45:02 INFO  [main]: org.jivesoftware.openfire.XMPPServer - Accessing SystemProperty field org.jivesoftware.openfire.admin.DefaultAdminProvider#ADMIN_JIDS
2026.09.27 00:45:02 INFO  [main]: org.jivesoftware.openfire.XMPPServer - Accessing SystemProperty field org.jivesoftware.openfire.cluster.ClusterMonitor#ENABLED
2026.09.27 00:45:02 INFO  [main]: org.jivesoftware.openfire.XMPPServer - Accessing SystemProperty field org.jivesoftware.openfire.ldap.LdapVCardProvider#STORE_AVATAR_IN_DB
2026.09.27 00:45:02 INFO  [main]: org.jivesoftware.openfire.XMPPServer - Accessing SystemProperty field org.jivesoftware.openfire.spi.EncryptionArtifactFactory#TRUST_MANAGER_CLASS
2026.09.27 00:45:02 INFO  [main]: org.jivesoftware.openfire.XMPPServer - Accessing SystemProperty field org.jivesoftware.openfire.update.UpdateManager#ENABLED
2026.09.27 00:45:02 INFO  [main]: org.jivesoftware.openfire.XMPPServer - Accessing SystemProperty field org.jivesoftware.openfire.update.UpdateManager#NOTIFY_ADMINS
2026.09.27 00:45:02 INFO  [main]: org.jivesoftware.openfire.XMPPServer - Accessing SystemProperty field org.jivesoftware.openfire.update.UpdateManager#LAST_UPDATE_CHECK
2026.09.27 00:45:02 INFO  [main]: org.jivesoftware.openfire.XMPPServer - Accessing SystemProperty field org.jivesoftware.openfire.update.UpdateManager#UPDATE_FREQUENCY
2026.09.27 00:45:02 INFO  [main]: org.jivesoftware.openfire.XMPPServer - Accessing SystemProperty field org.jivesoftware.openfire.update.UpdateManager#PROXY_HOST
2026.09.27 00:45:02 INFO  [main]: org.jivesoftware.openfire.XMPPServer - Accessing SystemProperty field org.jivesoftware.openfire.update.UpdateManager#PROXY_PORT
2026.09.27 00:45:03 INFO  [pool-5-thread-1]: org.jivesoftware.util.cache.CacheFactory - Created cache [org.jivesoftware.util.cache.DefaultLocalCacheStrategy] for Favicon Misses
2026.09.27 00:45:03 INFO  [pool-5-thread-1]: org.jivesoftware.util.cache.CacheFactory - Created cache [org.jivesoftware.util.cache.DefaultLocalCacheStrategy] for Favicon Hits
2026.09.27 00:45:03 INFO  [pool-5-thread-1]: org.jivesoftware.openfire.container.AdminConsolePlugin - Consola de administración escuchando en http://192.168.1.235:9090
2026.09.27 00:45:03 INFO  [pool-5-thread-1]: org.jivesoftware.openfire.container.PluginManager - Successfully loaded plugin 'admin'.
2026.09.27 00:45:04 INFO  [pool-6-thread-2]: org.jivesoftware.openfire.container.PluginManager - Successfully loaded plugin 'nonsaslauthentication'.
2026.09.27 00:45:04 INFO  [pool-6-thread-4]: org.jivesoftware.openfire.container.PluginManager - Successfully loaded plugin 'search'.
2026.09.27 00:45:08 ERROR [Update Manager]: org.jivesoftware.openfire.update.UpdateManager - Error: update service check did not save correctly. Stopping update service.
2026.09.27 00:45:08 INFO  [pool-6-thread-3]: org.jivesoftware.openfire.container.PluginManager - Successfully loaded plugin 'restapi'.
2026.09.27 00:45:08 INFO  [pool-5-thread-1]: org.jivesoftware.openfire.container.PluginMonitor - Finished processing all plugins.
2026.09.27 00:45:09 INFO  [pool-5-thread-1]: org.jivesoftware.openfire.spi.ConnectionListener[socket_c2s] - Started.
2026.09.27 00:45:09 INFO  [pool-5-thread-1]: org.jivesoftware.openfire.spi.ConnectionListener[socket_c2s-legacyMode] - Started.
2026.09.27 00:45:09 WARN  [pool-5-thread-1]: org.jivesoftware.openfire.spi.LegacyConnectionAcceptor - Configuration allows for up to 16 threads, although implementation is limited to exactly one.
2026.09.27 00:45:09 INFO  [pool-5-thread-1]: org.jivesoftware.openfire.spi.ConnectionListener[socket_s2s] - Started.
2026.09.27 00:45:09 WARN  [pool-5-thread-1]: org.jivesoftware.openfire.spi.LegacyConnectionAcceptor - Configuration allows for up to 16 threads, although implementation is limited to exactly one.
2026.09.27 00:45:09 INFO  [pool-5-thread-1]: org.jivesoftware.openfire.spi.ConnectionListener[socket_s2s-legacyMode] - Started.
2026.09.27 00:45:09 INFO  [pool-5-thread-1]: org.jivesoftware.openfire.spi.ConnectionListener[component] - Started.
2026.09.27 00:45:09 INFO  [pool-5-thread-1]: org.jivesoftware.openfire.spi.ConnectionListener[component-legacyMode] - Started.
2026.09.27 00:45:09 INFO  [pool-5-thread-1]: org.jivesoftware.openfire.spi.ConnectionListener[connection_manager] - Started.
2026.09.27 00:45:09 INFO  [pool-5-thread-1]: org.jivesoftware.openfire.spi.ConnectionListener[connection_manager-legacyMode] - Started.
2026.09.27 00:45:09 INFO  [pool-5-thread-1]: org.jivesoftware.openfire.http.HttpSessionManager - Starting instance
2026.09.27 00:45:09 INFO  [pool-5-thread-1]: org.jivesoftware.openfire.http.HttpBindManager - HTTP bind service started
2026.09.27 00:45:47 INFO  [Jetty-QTP-AdminConsole-48]: org.jivesoftware.util.cache.CacheFactory - Created cache [org.jivesoftware.util.cache.DefaultLocalCacheStrategy] for Locked Out Accounts
2026.09.27 00:45:58 WARN  [socket_c2s-thread-3]: org.jivesoftware.openfire.nio.ConnectionHandler - Closing connection due to exception in session: (0x00000002: nio socket, server, null => 0.0.0.0/0.0.0.0:5222)
java.io.IOException: Se ha forzado la interrupción de una conexión existente por el host remoto
	at sun.nio.ch.SocketDispatcher.read0(Native Method) ~[?:?]
	at sun.nio.ch.SocketDispatcher.read(SocketDispatcher.java:43) ~[?:?]
	at sun.nio.ch.IOUtil.readIntoNativeBuffer(IOUtil.java:276) ~[?:?]
	at sun.nio.ch.IOUtil.read(IOUtil.java:245) ~[?:?]
	at sun.nio.ch.IOUtil.read(IOUtil.java:223) ~[?:?]
	at sun.nio.ch.SocketChannelImpl.read(SocketChannelImpl.java:356) ~[?:?]
	at org.apache.mina.transport.socket.nio.NioProcessor.read(NioProcessor.java:378) ~[mina-core-2.1.3.jar:?]
	at org.apache.mina.transport.socket.nio.NioProcessor.read(NioProcessor.java:47) ~[mina-core-2.1.3.jar:?]
	at org.apache.mina.core.polling.AbstractPollingIoProcessor.read(AbstractPollingIoProcessor.java:519) ~[mina-core-2.1.3.jar:?]
	at org.apache.mina.core.polling.AbstractPollingIoProcessor.access$1200(AbstractPollingIoProcessor.java:68) ~[mina-core-2.1.3.jar:?]
	at org.apache.mina.core.polling.AbstractPollingIoProcessor$Processor.process(AbstractPollingIoProcessor.java:1222) ~[mina-core-2.1.3.jar:?]
	at org.apache.mina.core.polling.AbstractPollingIoProcessor$Processor.process(AbstractPollingIoProcessor.java:1211) ~[mina-core-2.1.3.jar:?]
	at org.apache.mina.core.polling.AbstractPollingIoProcessor$Processor.run(AbstractPollingIoProcessor.java:683) ~[mina-core-2.1.3.jar:?]
	at org.apache.mina.util.NamePreservingRunnable.run(NamePreservingRunnable.java:64) ~[mina-core-2.1.3.jar:?]
	at java.util.concurrent.ThreadPoolExecutor.runWorker(ThreadPoolExecutor.java:1128) ~[?:?]
	at java.util.concurrent.ThreadPoolExecutor$Worker.run(ThreadPoolExecutor.java:628) ~[?:?]
	at java.lang.Thread.run(Thread.java:829) [?:?]
2026.09.27 00:52:19 INFO  [main]: org.jivesoftware.openfire.XMPPServer - Registering shutdown hook (standalone mode)
2026.09.27 00:52:19 INFO  [main]: hsqldb.db.HSQLDBA0638C63BF.ENGINE - checkpointClose start
2026.09.27 00:52:19 INFO  [main]: hsqldb.db.HSQLDBA0638C63BF.ENGINE - checkpointClose synched
2026.09.27 00:52:20 INFO  [main]: hsqldb.db.HSQLDBA0638C63BF.ENGINE - checkpointClose script done
2026.09.27 00:52:20 INFO  [main]: hsqldb.db.HSQLDBA0638C63BF.ENGINE - checkpointClose end
2026.09.27 00:52:20 INFO  [main]: org.jivesoftware.util.cache.CacheFactory - Created cache [org.jivesoftware.util.cache.DefaultLocalCacheStrategy] for Routing Servers Cache
2026.09.27 00:52:20 INFO  [main]: org.jivesoftware.util.cache.CacheFactory - Created cache [org.jivesoftware.util.cache.DefaultLocalCacheStrategy] for Routing Components Cache
2026.09.27 00:52:20 INFO  [main]: org.jivesoftware.util.cache.CacheFactory - Created cache [org.jivesoftware.util.cache.DefaultLocalCacheStrategy] for Routing Users Cache
2026.09.27 00:52:20 INFO  [main]: org.jivesoftware.util.cache.CacheFactory - Created cache [org.jivesoftware.util.cache.DefaultLocalCacheStrategy] for Routing AnonymousUsers Cache
2026.09.27 00:52:20 INFO  [main]: org.jivesoftware.util.cache.CacheFactory - Created cache [org.jivesoftware.util.cache.DefaultLocalCacheStrategy] for Routing User Sessions
2026.09.27 00:52:20 INFO  [main]: org.jivesoftware.util.cache.CacheFactory - Created cache [org.jivesoftware.util.cache.DefaultLocalCacheStrategy] for Roster
2026.09.27 00:52:20 INFO  [main]: org.jivesoftware.util.cache.CacheFactory - Created cache [org.jivesoftware.util.cache.DefaultLocalCacheStrategy] for RosterItems
2026.09.27 00:52:20 INFO  [main]: org.jivesoftware.util.cache.CacheFactory - Created cache [org.jivesoftware.util.cache.DefaultLocalCacheStrategy] for Multicast Service
2026.09.27 00:52:20 INFO  [main]: org.jivesoftware.util.cache.CacheFactory - Created cache [org.jivesoftware.util.cache.DefaultLocalCacheStrategy] for Offline Message Size
2026.09.27 00:52:20 INFO  [main]: org.jivesoftware.util.cache.CacheFactory - Created cache [org.jivesoftware.util.cache.DefaultLocalCacheStrategy] for VCard
2026.09.27 00:52:20 INFO  [main]: org.jivesoftware.util.cache.CacheFactory - Created cache [org.jivesoftware.util.cache.DefaultLocalCacheStrategy] for Privacy Lists
2026.09.27 00:52:20 INFO  [main]: org.jivesoftware.util.cache.CacheFactory - Created cache [org.jivesoftware.util.cache.DefaultLocalCacheStrategy] for File Transfer Cache
2026.09.27 00:52:20 INFO  [main]: org.jivesoftware.util.cache.CacheFactory - Created cache [org.jivesoftware.util.cache.DefaultLocalCacheStrategy] for Offline Presence Cache
2026.09.27 00:52:20 INFO  [main]: org.jivesoftware.util.cache.CacheFactory - Created cache [org.jivesoftware.util.cache.DefaultLocalCacheStrategy] for Last Activity Cache
2026.09.27 00:52:20 INFO  [main]: org.jivesoftware.util.cache.CacheFactory - Created cache [org.jivesoftware.util.cache.DefaultLocalCacheStrategy] for User
2026.09.27 00:52:20 INFO  [main]: org.jivesoftware.util.cache.CacheFactory - Created cache [org.jivesoftware.util.cache.DefaultLocalCacheStrategy] for Remote Users Existence
2026.09.27 00:52:20 INFO  [main]: org.jivesoftware.util.cache.CacheFactory - Created cache [org.jivesoftware.util.cache.DefaultLocalCacheStrategy] for Components Sessions
2026.09.27 00:52:20 INFO  [main]: org.jivesoftware.util.cache.CacheFactory - Created cache [org.jivesoftware.util.cache.DefaultLocalCacheStrategy] for Connection Managers Sessions
2026.09.27 00:52:20 INFO  [main]: org.jivesoftware.util.cache.CacheFactory - Created cache [org.jivesoftware.util.cache.DefaultLocalCacheStrategy] for Incoming Server Sessions
2026.09.27 00:52:20 INFO  [main]: org.jivesoftware.util.cache.CacheFactory - Created cache [org.jivesoftware.util.cache.DefaultLocalCacheStrategy] for Sessions by Hostname
2026.09.27 00:52:20 INFO  [main]: org.jivesoftware.util.cache.CacheFactory - Created cache [org.jivesoftware.util.cache.DefaultLocalCacheStrategy] for Validated Domains
2026.09.27 00:52:20 INFO  [main]: org.jivesoftware.util.cache.CacheFactory - Created cache [org.jivesoftware.util.cache.DefaultLocalCacheStrategy] for Client Session Info Cache
2026.09.27 00:52:20 INFO  [main]: org.jivesoftware.util.cache.CacheFactory - Created cache [org.jivesoftware.util.cache.DefaultLocalCacheStrategy] for Directed Presences
2026.09.27 00:52:20 INFO  [main]: org.jivesoftware.util.cache.CacheFactory - Created local-only cache [org.jivesoftware.util.cache.DefaultLocalCacheStrategy] for PEPServiceManager
2026.09.27 00:52:20 INFO  [main]: org.jivesoftware.util.cache.CacheFactory - Created cache [org.jivesoftware.util.cache.DefaultLocalCacheStrategy] for File Transfer
2026.09.27 00:52:20 INFO  [main]: org.jivesoftware.util.cache.CacheFactory - Created cache [org.jivesoftware.util.cache.DefaultLocalCacheStrategy] for Published Items
2026.09.27 00:52:20 INFO  [main]: org.jivesoftware.util.cache.CacheFactory - Created cache [org.jivesoftware.util.cache.DefaultLocalCacheStrategy] for Disco Server Features
2026.09.27 00:52:20 INFO  [main]: org.jivesoftware.util.cache.CacheFactory - Created cache [org.jivesoftware.util.cache.DefaultLocalCacheStrategy] for Disco Server Items
2026.09.27 00:52:20 INFO  [main]: org.jivesoftware.util.cache.CacheFactory - Created cache [org.jivesoftware.util.cache.DefaultLocalCacheStrategy] for Components
2026.09.27 00:52:20 INFO  [main]: org.jivesoftware.util.cache.CacheFactory - Created local-only cache [org.jivesoftware.util.cache.DefaultLocalCacheStrategy] for Entity Capabilities
2026.09.27 00:52:20 INFO  [main]: org.jivesoftware.util.cache.CacheFactory - Created local-only cache [org.jivesoftware.util.cache.DefaultLocalCacheStrategy] for Entity Capabilities Users
2026.09.27 00:52:20 INFO  [main]: org.jivesoftware.util.cache.CacheFactory - Created cache [org.jivesoftware.util.cache.DefaultLocalCacheStrategy] for Group
2026.09.27 00:52:20 INFO  [main]: org.jivesoftware.util.cache.CacheFactory - Created cache [org.jivesoftware.util.cache.DefaultLocalCacheStrategy] for Group Metadata Cache
2026.09.27 00:52:20 INFO  [main]: org.jivesoftware.openfire.pubsub.PubSubModule - Dominio de Publicar-Suscribir: pubsub.192.168.1.235
2026.09.27 00:52:20 INFO  [main]: org.jivesoftware.openfire.muc.spi.MultiUserChatServiceImpl - Dominio de Chat Multi-usuario: conference.192.168.1.235
2026.09.27 00:52:21 INFO  [main]: org.jivesoftware.openfire.XMPPServer - Openfire 4.5.0 Alpha [Sep 27, 2026, 12:52:21 AM]
2026.09.27 00:52:21 WARN  [pool-5-thread-1]: org.jivesoftware.openfire.container.AdminConsolePlugin - Admin console: Identity store does not have any certificates. HTTPS will be unavailable.
2026.09.27 00:52:21 INFO  [main]: org.jivesoftware.openfire.XMPPServer - Accessing SystemProperty field org.jivesoftware.openfire.auth.AuthFactory#PASSWORD_KEY
2026.09.27 00:52:21 INFO  [pool-5-thread-1]: org.jivesoftware.util.cache.CacheFactory - Created cache [org.jivesoftware.util.cache.DefaultLocalCacheStrategy] for Favicon Misses
2026.09.27 00:52:21 INFO  [pool-5-thread-1]: org.jivesoftware.util.cache.CacheFactory - Created cache [org.jivesoftware.util.cache.DefaultLocalCacheStrategy] for Favicon Hits
2026.09.27 00:52:21 INFO  [main]: org.jivesoftware.openfire.XMPPServer - Accessing SystemProperty field org.jivesoftware.openfire.auth.AuthFactory#AUTH_PROVIDER
2026.09.27 00:52:21 INFO  [pool-5-thread-1]: org.jivesoftware.openfire.container.AdminConsolePlugin - Consola de administración escuchando en http://192.168.1.235:9090
2026.09.27 00:52:21 INFO  [main]: org.jivesoftware.openfire.XMPPServer - Accessing SystemProperty field org.jivesoftware.openfire.sasl.ScramSha1SaslServer#ITERATION_COUNT
2026.09.27 00:52:21 INFO  [main]: org.jivesoftware.openfire.XMPPServer - Accessing SystemProperty field org.jivesoftware.openfire.vcard.VCardManager#VCARD_PROVIDER
2026.09.27 00:52:21 INFO  [main]: org.jivesoftware.openfire.XMPPServer - Accessing SystemProperty field org.jivesoftware.openfire.auth.HybridAuthProvider#PRIMARY_PROVIDER
2026.09.27 00:52:21 INFO  [main]: org.jivesoftware.openfire.XMPPServer - Accessing SystemProperty field org.jivesoftware.openfire.auth.HybridAuthProvider#SECONDARY_PROVIDER
2026.09.27 00:52:21 INFO  [main]: org.jivesoftware.openfire.XMPPServer - Accessing SystemProperty field org.jivesoftware.openfire.auth.HybridAuthProvider#TERTIARY_PROVIDER
2026.09.27 00:52:21 INFO  [main]: org.jivesoftware.openfire.XMPPServer - Accessing SystemProperty field org.jivesoftware.openfire.lockout.LockOutManager#LOCKOUT_PROVIDER
2026.09.27 00:52:21 INFO  [main]: org.jivesoftware.openfire.XMPPServer - Accessing SystemProperty field org.jivesoftware.openfire.user.UserManager#USER_PROVIDER
2026.09.27 00:52:21 INFO  [main]: org.jivesoftware.openfire.XMPPServer - Accessing SystemProperty field org.jivesoftware.openfire.user.UserManager#REMOTE_DISCO_INFO_TIMEOUT
2026.09.27 00:52:21 INFO  [main]: org.jivesoftware.openfire.XMPPServer - Accessing SystemProperty field org.jivesoftware.openfire.user.UserManager#USER_PROPERTY_PROVIDER
2026.09.27 00:52:21 INFO  [main]: org.jivesoftware.openfire.XMPPServer - Accessing SystemProperty field org.jivesoftware.openfire.SessionManager#CONFLICT_LIMIT
2026.09.27 00:52:21 INFO  [main]: org.jivesoftware.openfire.XMPPServer - Accessing SystemProperty field org.jivesoftware.openfire.group.GroupManager#GROUP_PROVIDER
2026.09.27 00:52:21 INFO  [main]: org.jivesoftware.openfire.XMPPServer - Accessing SystemProperty field org.jivesoftware.openfire.muc.spi.IQMuclumbusSearchHandler#PROPERTY_ENABLED
2026.09.27 00:52:21 INFO  [main]: org.jivesoftware.openfire.XMPPServer - Accessing SystemProperty field org.jivesoftware.openfire.sasl.AnonymousSaslServer#ENABLED
2026.09.27 00:52:21 INFO  [main]: org.jivesoftware.openfire.XMPPServer - Accessing SystemProperty field org.jivesoftware.openfire.net.SASLAuthentication#SKIP_PEER_CERT_REVALIDATION_CLIENT
2026.09.27 00:52:21 INFO  [main]: org.jivesoftware.openfire.net.SASLAuthentication - Support added for the 'ANONYMOUS' SASL mechanism.
2026.09.27 00:52:21 INFO  [main]: org.jivesoftware.openfire.net.SASLAuthentication - Support added for the 'PLAIN' SASL mechanism.
2026.09.27 00:52:21 INFO  [main]: org.jivesoftware.openfire.net.SASLAuthentication - Support added for the 'DIGEST-MD5' SASL mechanism.
2026.09.27 00:52:21 INFO  [main]: org.jivesoftware.openfire.net.SASLAuthentication - Support added for the 'CRAM-MD5' SASL mechanism.
2026.09.27 00:52:21 INFO  [main]: org.jivesoftware.openfire.net.SASLAuthentication - Support added for the 'SCRAM-SHA-1' SASL mechanism.
2026.09.27 00:52:21 INFO  [main]: org.jivesoftware.openfire.net.SASLAuthentication - Support added for the 'JIVE-SHAREDSECRET' SASL mechanism.
2026.09.27 00:52:21 INFO  [main]: org.jivesoftware.openfire.net.SASLAuthentication - Support added for the 'GSSAPI' SASL mechanism.
2026.09.27 00:52:21 INFO  [main]: org.jivesoftware.openfire.net.SASLAuthentication - Support added for the 'EXTERNAL' SASL mechanism.
2026.09.27 00:52:21 INFO  [main]: org.jivesoftware.openfire.XMPPServer - Accessing SystemProperty field org.jivesoftware.openfire.XMPPServerInfo#XMPP_DOMAIN
2026.09.27 00:52:21 INFO  [main]: org.jivesoftware.openfire.XMPPServer - Accessing SystemProperty field org.jivesoftware.openfire.sasl.ExternalClientSaslServer#PROPERTY_SASL_EXTERNAL_CLIENT_SUPPRESS_MATCHING_REALMNAME
2026.09.27 00:52:21 INFO  [main]: org.jivesoftware.openfire.XMPPServer - Accessing SystemProperty field org.jivesoftware.openfire.admin.AdminManager#ADMIN_PROVIDER
2026.09.27 00:52:21 INFO  [main]: org.jivesoftware.openfire.XMPPServer - Accessing SystemProperty field org.jivesoftware.openfire.security.SecurityAuditManager#AUDIT_PROVIDER
2026.09.27 00:52:21 INFO  [main]: org.jivesoftware.openfire.XMPPServer - Accessing SystemProperty field org.jivesoftware.openfire.admin.DefaultAdminProvider#ADMIN_JIDS
2026.09.27 00:52:21 INFO  [main]: org.jivesoftware.openfire.XMPPServer - Accessing SystemProperty field org.jivesoftware.openfire.cluster.ClusterMonitor#ENABLED
2026.09.27 00:52:21 INFO  [main]: org.jivesoftware.openfire.XMPPServer - Accessing SystemProperty field org.jivesoftware.openfire.ldap.LdapVCardProvider#STORE_AVATAR_IN_DB
2026.09.27 00:52:21 INFO  [main]: org.jivesoftware.openfire.XMPPServer - Accessing SystemProperty field org.jivesoftware.openfire.spi.EncryptionArtifactFactory#TRUST_MANAGER_CLASS
2026.09.27 00:52:21 INFO  [main]: org.jivesoftware.openfire.XMPPServer - Accessing SystemProperty field org.jivesoftware.openfire.update.UpdateManager#ENABLED
2026.09.27 00:52:21 INFO  [main]: org.jivesoftware.openfire.XMPPServer - Accessing SystemProperty field org.jivesoftware.openfire.update.UpdateManager#NOTIFY_ADMINS
2026.09.27 00:52:21 INFO  [main]: org.jivesoftware.openfire.XMPPServer - Accessing SystemProperty field org.jivesoftware.openfire.update.UpdateManager#LAST_UPDATE_CHECK
2026.09.27 00:52:21 INFO  [main]: org.jivesoftware.openfire.XMPPServer - Accessing SystemProperty field org.jivesoftware.openfire.update.UpdateManager#UPDATE_FREQUENCY
2026.09.27 00:52:21 INFO  [main]: org.jivesoftware.openfire.XMPPServer - Accessing SystemProperty field org.jivesoftware.openfire.update.UpdateManager#PROXY_HOST
2026.09.27 00:52:21 INFO  [main]: org.jivesoftware.openfire.XMPPServer - Accessing SystemProperty field org.jivesoftware.openfire.update.UpdateManager#PROXY_PORT
2026.09.27 00:52:22 INFO  [pool-5-thread-1]: org.jivesoftware.openfire.container.PluginManager - Successfully loaded plugin 'admin'.
2026.09.27 00:52:22 INFO  [pool-6-thread-2]: org.jivesoftware.openfire.container.PluginManager - Successfully loaded plugin 'nonsaslauthentication'.
2026.09.27 00:52:22 INFO  [pool-6-thread-4]: org.jivesoftware.openfire.container.PluginManager - Successfully loaded plugin 'search'.
2026.09.27 00:52:23 INFO  [pool-6-thread-3]: org.jivesoftware.openfire.container.PluginManager - Successfully loaded plugin 'restapi'.
2026.09.27 00:52:23 INFO  [pool-5-thread-1]: org.jivesoftware.openfire.container.PluginMonitor - Finished processing all plugins.
2026.09.27 00:52:23 INFO  [pool-5-thread-1]: org.jivesoftware.openfire.spi.ConnectionListener[socket_c2s] - Started.
2026.09.27 00:52:23 INFO  [pool-5-thread-1]: org.jivesoftware.openfire.spi.ConnectionListener[socket_c2s-legacyMode] - Started.
2026.09.27 00:52:23 WARN  [pool-5-thread-1]: org.jivesoftware.openfire.spi.LegacyConnectionAcceptor - Configuration allows for up to 16 threads, although implementation is limited to exactly one.
2026.09.27 00:52:23 INFO  [pool-5-thread-1]: org.jivesoftware.openfire.spi.ConnectionListener[socket_s2s] - Started.
2026.09.27 00:52:23 WARN  [pool-5-thread-1]: org.jivesoftware.openfire.spi.LegacyConnectionAcceptor - Configuration allows for up to 16 threads, although implementation is limited to exactly one.
2026.09.27 00:52:23 INFO  [pool-5-thread-1]: org.jivesoftware.openfire.spi.ConnectionListener[socket_s2s-legacyMode] - Started.
2026.09.27 00:52:23 INFO  [pool-5-thread-1]: org.jivesoftware.openfire.spi.ConnectionListener[component] - Started.
2026.09.27 00:52:23 INFO  [pool-5-thread-1]: org.jivesoftware.openfire.spi.ConnectionListener[component-legacyMode] - Started.
2026.09.27 00:52:23 INFO  [pool-5-thread-1]: org.jivesoftware.openfire.spi.ConnectionListener[connection_manager] - Started.
2026.09.27 00:52:23 INFO  [pool-5-thread-1]: org.jivesoftware.openfire.spi.ConnectionListener[connection_manager-legacyMode] - Started.
2026.09.27 00:52:23 INFO  [pool-5-thread-1]: org.jivesoftware.openfire.http.HttpSessionManager - Starting instance
2026.09.27 00:52:23 INFO  [pool-5-thread-1]: org.jivesoftware.openfire.http.HttpBindManager - HTTP bind service started
2026.09.27 00:52:49 INFO  [socket_c2s-thread-3]: org.jivesoftware.util.cache.CacheFactory - Created cache [org.jivesoftware.util.cache.DefaultLocalCacheStrategy] for Locked Out Accounts
2026.09.27 00:59:45 WARN  [socket_c2s-thread-3]: org.jivesoftware.openfire.nio.ConnectionHandler - Closing connection due to exception in session: (0x00000002: nio socket, server, null => 0.0.0.0/0.0.0.0:5222)
java.io.IOException: Se ha forzado la interrupción de una conexión existente por el host remoto
	at sun.nio.ch.SocketDispatcher.read0(Native Method) ~[?:?]
	at sun.nio.ch.SocketDispatcher.read(SocketDispatcher.java:43) ~[?:?]
	at sun.nio.ch.IOUtil.readIntoNativeBuffer(IOUtil.java:276) ~[?:?]
	at sun.nio.ch.IOUtil.read(IOUtil.java:245) ~[?:?]
	at sun.nio.ch.IOUtil.read(IOUtil.java:223) ~[?:?]
	at sun.nio.ch.SocketChannelImpl.read(SocketChannelImpl.java:356) ~[?:?]
	at org.apache.mina.transport.socket.nio.NioProcessor.read(NioProcessor.java:378) ~[mina-core-2.1.3.jar:?]
	at org.apache.mina.transport.socket.nio.NioProcessor.read(NioProcessor.java:47) ~[mina-core-2.1.3.jar:?]
	at org.apache.mina.core.polling.AbstractPollingIoProcessor.read(AbstractPollingIoProcessor.java:519) ~[mina-core-2.1.3.jar:?]
	at org.apache.mina.core.polling.AbstractPollingIoProcessor.access$1200(AbstractPollingIoProcessor.java:68) ~[mina-core-2.1.3.jar:?]
	at org.apache.mina.core.polling.AbstractPollingIoProcessor$Processor.process(AbstractPollingIoProcessor.java:1222) ~[mina-core-2.1.3.jar:?]
	at org.apache.mina.core.polling.AbstractPollingIoProcessor$Processor.process(AbstractPollingIoProcessor.java:1211) ~[mina-core-2.1.3.jar:?]
	at org.apache.mina.core.polling.AbstractPollingIoProcessor$Processor.run(AbstractPollingIoProcessor.java:683) ~[mina-core-2.1.3.jar:?]
	at org.apache.mina.util.NamePreservingRunnable.run(NamePreservingRunnable.java:64) ~[mina-core-2.1.3.jar:?]
	at java.util.concurrent.ThreadPoolExecutor.runWorker(ThreadPoolExecutor.java:1128) ~[?:?]
	at java.util.concurrent.ThreadPoolExecutor$Worker.run(ThreadPoolExecutor.java:628) ~[?:?]
	at java.lang.Thread.run(Thread.java:829) [?:?]
2026.09.27 01:07:31 INFO  [main]: org.jivesoftware.openfire.XMPPServer - Registering shutdown hook (standalone mode)
2026.09.27 01:07:31 INFO  [main]: hsqldb.db.HSQLDBA0638C63BF.ENGINE - checkpointClose start
2026.09.27 01:07:31 INFO  [main]: hsqldb.db.HSQLDBA0638C63BF.ENGINE - checkpointClose synched
2026.09.27 01:07:31 INFO  [main]: hsqldb.db.HSQLDBA0638C63BF.ENGINE - checkpointClose script done
2026.09.27 01:07:32 INFO  [main]: hsqldb.db.HSQLDBA0638C63BF.ENGINE - checkpointClose end
2026.09.27 01:07:32 INFO  [main]: org.jivesoftware.util.cache.CacheFactory - Created cache [org.jivesoftware.util.cache.DefaultLocalCacheStrategy] for Routing Servers Cache
2026.09.27 01:07:32 INFO  [main]: org.jivesoftware.util.cache.CacheFactory - Created cache [org.jivesoftware.util.cache.DefaultLocalCacheStrategy] for Routing Components Cache
2026.09.27 01:07:32 INFO  [main]: org.jivesoftware.util.cache.CacheFactory - Created cache [org.jivesoftware.util.cache.DefaultLocalCacheStrategy] for Routing Users Cache
2026.09.27 01:07:32 INFO  [main]: org.jivesoftware.util.cache.CacheFactory - Created cache [org.jivesoftware.util.cache.DefaultLocalCacheStrategy] for Routing AnonymousUsers Cache
2026.09.27 01:07:32 INFO  [main]: org.jivesoftware.util.cache.CacheFactory - Created cache [org.jivesoftware.util.cache.DefaultLocalCacheStrategy] for Routing User Sessions
2026.09.27 01:07:32 INFO  [main]: org.jivesoftware.util.cache.CacheFactory - Created cache [org.jivesoftware.util.cache.DefaultLocalCacheStrategy] for Roster
2026.09.27 01:07:32 INFO  [main]: org.jivesoftware.util.cache.CacheFactory - Created cache [org.jivesoftware.util.cache.DefaultLocalCacheStrategy] for RosterItems
2026.09.27 01:07:32 INFO  [main]: org.jivesoftware.util.cache.CacheFactory - Created cache [org.jivesoftware.util.cache.DefaultLocalCacheStrategy] for Multicast Service
2026.09.27 01:07:32 INFO  [main]: org.jivesoftware.util.cache.CacheFactory - Created cache [org.jivesoftware.util.cache.DefaultLocalCacheStrategy] for Offline Message Size
2026.09.27 01:07:32 INFO  [main]: org.jivesoftware.util.cache.CacheFactory - Created cache [org.jivesoftware.util.cache.DefaultLocalCacheStrategy] for VCard
2026.09.27 01:07:32 INFO  [main]: org.jivesoftware.util.cache.CacheFactory - Created cache [org.jivesoftware.util.cache.DefaultLocalCacheStrategy] for Privacy Lists
2026.09.27 01:07:32 INFO  [main]: org.jivesoftware.util.cache.CacheFactory - Created cache [org.jivesoftware.util.cache.DefaultLocalCacheStrategy] for File Transfer Cache
2026.09.27 01:07:32 INFO  [main]: org.jivesoftware.util.cache.CacheFactory - Created cache [org.jivesoftware.util.cache.DefaultLocalCacheStrategy] for Offline Presence Cache
2026.09.27 01:07:32 INFO  [main]: org.jivesoftware.util.cache.CacheFactory - Created cache [org.jivesoftware.util.cache.DefaultLocalCacheStrategy] for Last Activity Cache
2026.09.27 01:07:32 INFO  [main]: org.jivesoftware.util.cache.CacheFactory - Created cache [org.jivesoftware.util.cache.DefaultLocalCacheStrategy] for User
2026.09.27 01:07:32 INFO  [main]: org.jivesoftware.util.cache.CacheFactory - Created cache [org.jivesoftware.util.cache.DefaultLocalCacheStrategy] for Remote Users Existence
2026.09.27 01:07:32 INFO  [main]: org.jivesoftware.util.cache.CacheFactory - Created cache [org.jivesoftware.util.cache.DefaultLocalCacheStrategy] for Components Sessions
2026.09.27 01:07:32 INFO  [main]: org.jivesoftware.util.cache.CacheFactory - Created cache [org.jivesoftware.util.cache.DefaultLocalCacheStrategy] for Connection Managers Sessions
2026.09.27 01:07:32 INFO  [main]: org.jivesoftware.util.cache.CacheFactory - Created cache [org.jivesoftware.util.cache.DefaultLocalCacheStrategy] for Incoming Server Sessions
2026.09.27 01:07:32 INFO  [main]: org.jivesoftware.util.cache.CacheFactory - Created cache [org.jivesoftware.util.cache.DefaultLocalCacheStrategy] for Sessions by Hostname
2026.09.27 01:07:32 INFO  [main]: org.jivesoftware.util.cache.CacheFactory - Created cache [org.jivesoftware.util.cache.DefaultLocalCacheStrategy] for Validated Domains
2026.09.27 01:07:32 INFO  [main]: org.jivesoftware.util.cache.CacheFactory - Created cache [org.jivesoftware.util.cache.DefaultLocalCacheStrategy] for Client Session Info Cache
2026.09.27 01:07:32 INFO  [main]: org.jivesoftware.util.cache.CacheFactory - Created cache [org.jivesoftware.util.cache.DefaultLocalCacheStrategy] for Directed Presences
2026.09.27 01:07:32 INFO  [main]: org.jivesoftware.util.cache.CacheFactory - Created local-only cache [org.jivesoftware.util.cache.DefaultLocalCacheStrategy] for PEPServiceManager
2026.09.27 01:07:32 INFO  [main]: org.jivesoftware.util.cache.CacheFactory - Created cache [org.jivesoftware.util.cache.DefaultLocalCacheStrategy] for File Transfer
2026.09.27 01:07:32 INFO  [main]: org.jivesoftware.util.cache.CacheFactory - Created cache [org.jivesoftware.util.cache.DefaultLocalCacheStrategy] for Published Items
2026.09.27 01:07:32 INFO  [main]: org.jivesoftware.util.cache.CacheFactory - Created cache [org.jivesoftware.util.cache.DefaultLocalCacheStrategy] for Disco Server Features
2026.09.27 01:07:32 INFO  [main]: org.jivesoftware.util.cache.CacheFactory - Created cache [org.jivesoftware.util.cache.DefaultLocalCacheStrategy] for Disco Server Items
2026.09.27 01:07:32 INFO  [main]: org.jivesoftware.util.cache.CacheFactory - Created cache [org.jivesoftware.util.cache.DefaultLocalCacheStrategy] for Components
2026.09.27 01:07:32 INFO  [main]: org.jivesoftware.util.cache.CacheFactory - Created local-only cache [org.jivesoftware.util.cache.DefaultLocalCacheStrategy] for Entity Capabilities
2026.09.27 01:07:32 INFO  [main]: org.jivesoftware.util.cache.CacheFactory - Created local-only cache [org.jivesoftware.util.cache.DefaultLocalCacheStrategy] for Entity Capabilities Users
2026.09.27 01:07:33 INFO  [main]: org.jivesoftware.util.cache.CacheFactory - Created cache [org.jivesoftware.util.cache.DefaultLocalCacheStrategy] for Group
2026.09.27 01:07:33 INFO  [main]: org.jivesoftware.util.cache.CacheFactory - Created cache [org.jivesoftware.util.cache.DefaultLocalCacheStrategy] for Group Metadata Cache
2026.09.27 01:07:33 INFO  [main]: org.jivesoftware.openfire.pubsub.PubSubModule - Dominio de Publicar-Suscribir: pubsub.192.168.1.235
2026.09.27 01:07:33 INFO  [main]: org.jivesoftware.openfire.muc.spi.MultiUserChatServiceImpl - Dominio de Chat Multi-usuario: conference.192.168.1.235
2026.09.27 01:07:33 INFO  [main]: org.jivesoftware.openfire.XMPPServer - Openfire 4.5.0 Alpha [Sep 27, 2026, 1:07:33 AM]
2026.09.27 01:07:33 WARN  [pool-5-thread-1]: org.jivesoftware.openfire.container.AdminConsolePlugin - Admin console: Identity store does not have any certificates. HTTPS will be unavailable.
2026.09.27 01:07:33 INFO  [pool-5-thread-1]: org.jivesoftware.util.cache.CacheFactory - Created cache [org.jivesoftware.util.cache.DefaultLocalCacheStrategy] for Favicon Misses
2026.09.27 01:07:33 INFO  [pool-5-thread-1]: org.jivesoftware.util.cache.CacheFactory - Created cache [org.jivesoftware.util.cache.DefaultLocalCacheStrategy] for Favicon Hits
2026.09.27 01:07:33 INFO  [pool-5-thread-1]: org.jivesoftware.openfire.container.AdminConsolePlugin - Consola de administración escuchando en http://192.168.1.235:9090
2026.09.27 01:07:34 INFO  [main]: org.jivesoftware.openfire.XMPPServer - Accessing SystemProperty field org.jivesoftware.openfire.auth.AuthFactory#PASSWORD_KEY
2026.09.27 01:07:34 INFO  [main]: org.jivesoftware.openfire.XMPPServer - Accessing SystemProperty field org.jivesoftware.openfire.auth.AuthFactory#AUTH_PROVIDER
2026.09.27 01:07:34 INFO  [main]: org.jivesoftware.openfire.XMPPServer - Accessing SystemProperty field org.jivesoftware.openfire.sasl.ScramSha1SaslServer#ITERATION_COUNT
2026.09.27 01:07:34 INFO  [main]: org.jivesoftware.openfire.XMPPServer - Accessing SystemProperty field org.jivesoftware.openfire.vcard.VCardManager#VCARD_PROVIDER
2026.09.27 01:07:34 INFO  [main]: org.jivesoftware.openfire.XMPPServer - Accessing SystemProperty field org.jivesoftware.openfire.auth.HybridAuthProvider#PRIMARY_PROVIDER
2026.09.27 01:07:34 INFO  [main]: org.jivesoftware.openfire.XMPPServer - Accessing SystemProperty field org.jivesoftware.openfire.auth.HybridAuthProvider#SECONDARY_PROVIDER
2026.09.27 01:07:34 INFO  [main]: org.jivesoftware.openfire.XMPPServer - Accessing SystemProperty field org.jivesoftware.openfire.auth.HybridAuthProvider#TERTIARY_PROVIDER
2026.09.27 01:07:34 INFO  [main]: org.jivesoftware.openfire.XMPPServer - Accessing SystemProperty field org.jivesoftware.openfire.lockout.LockOutManager#LOCKOUT_PROVIDER
2026.09.27 01:07:34 INFO  [main]: org.jivesoftware.openfire.XMPPServer - Accessing SystemProperty field org.jivesoftware.openfire.user.UserManager#USER_PROVIDER
2026.09.27 01:07:34 INFO  [main]: org.jivesoftware.openfire.XMPPServer - Accessing SystemProperty field org.jivesoftware.openfire.user.UserManager#REMOTE_DISCO_INFO_TIMEOUT
2026.09.27 01:07:34 INFO  [main]: org.jivesoftware.openfire.XMPPServer - Accessing SystemProperty field org.jivesoftware.openfire.user.UserManager#USER_PROPERTY_PROVIDER
2026.09.27 01:07:34 INFO  [main]: org.jivesoftware.openfire.XMPPServer - Accessing SystemProperty field org.jivesoftware.openfire.SessionManager#CONFLICT_LIMIT
2026.09.27 01:07:34 INFO  [main]: org.jivesoftware.openfire.XMPPServer - Accessing SystemProperty field org.jivesoftware.openfire.group.GroupManager#GROUP_PROVIDER
2026.09.27 01:07:34 INFO  [main]: org.jivesoftware.openfire.XMPPServer - Accessing SystemProperty field org.jivesoftware.openfire.muc.spi.IQMuclumbusSearchHandler#PROPERTY_ENABLED
2026.09.27 01:07:34 INFO  [main]: org.jivesoftware.openfire.XMPPServer - Accessing SystemProperty field org.jivesoftware.openfire.sasl.AnonymousSaslServer#ENABLED
2026.09.27 01:07:34 INFO  [main]: org.jivesoftware.openfire.XMPPServer - Accessing SystemProperty field org.jivesoftware.openfire.net.SASLAuthentication#SKIP_PEER_CERT_REVALIDATION_CLIENT
2026.09.27 01:07:34 INFO  [main]: org.jivesoftware.openfire.net.SASLAuthentication - Support added for the 'ANONYMOUS' SASL mechanism.
2026.09.27 01:07:34 INFO  [main]: org.jivesoftware.openfire.net.SASLAuthentication - Support added for the 'PLAIN' SASL mechanism.
2026.09.27 01:07:34 INFO  [main]: org.jivesoftware.openfire.net.SASLAuthentication - Support added for the 'DIGEST-MD5' SASL mechanism.
2026.09.27 01:07:34 INFO  [main]: org.jivesoftware.openfire.net.SASLAuthentication - Support added for the 'CRAM-MD5' SASL mechanism.
2026.09.27 01:07:34 INFO  [main]: org.jivesoftware.openfire.net.SASLAuthentication - Support added for the 'SCRAM-SHA-1' SASL mechanism.
2026.09.27 01:07:34 INFO  [main]: org.jivesoftware.openfire.net.SASLAuthentication - Support added for the 'JIVE-SHAREDSECRET' SASL mechanism.
2026.09.27 01:07:34 INFO  [main]: org.jivesoftware.openfire.net.SASLAuthentication - Support added for the 'GSSAPI' SASL mechanism.
2026.09.27 01:07:34 INFO  [main]: org.jivesoftware.openfire.net.SASLAuthentication - Support added for the 'EXTERNAL' SASL mechanism.
2026.09.27 01:07:34 INFO  [main]: org.jivesoftware.openfire.XMPPServer - Accessing SystemProperty field org.jivesoftware.openfire.XMPPServerInfo#XMPP_DOMAIN
2026.09.27 01:07:34 INFO  [main]: org.jivesoftware.openfire.XMPPServer - Accessing SystemProperty field org.jivesoftware.openfire.sasl.ExternalClientSaslServer#PROPERTY_SASL_EXTERNAL_CLIENT_SUPPRESS_MATCHING_REALMNAME
2026.09.27 01:07:34 INFO  [main]: org.jivesoftware.openfire.XMPPServer - Accessing SystemProperty field org.jivesoftware.openfire.admin.AdminManager#ADMIN_PROVIDER
2026.09.27 01:07:34 INFO  [main]: org.jivesoftware.openfire.XMPPServer - Accessing SystemProperty field org.jivesoftware.openfire.security.SecurityAuditManager#AUDIT_PROVIDER
2026.09.27 01:07:34 INFO  [main]: org.jivesoftware.openfire.XMPPServer - Accessing SystemProperty field org.jivesoftware.openfire.admin.DefaultAdminProvider#ADMIN_JIDS
2026.09.27 01:07:34 INFO  [main]: org.jivesoftware.openfire.XMPPServer - Accessing SystemProperty field org.jivesoftware.openfire.cluster.ClusterMonitor#ENABLED
2026.09.27 01:07:34 INFO  [main]: org.jivesoftware.openfire.XMPPServer - Accessing SystemProperty field org.jivesoftware.openfire.ldap.LdapVCardProvider#STORE_AVATAR_IN_DB
2026.09.27 01:07:34 INFO  [main]: org.jivesoftware.openfire.XMPPServer - Accessing SystemProperty field org.jivesoftware.openfire.spi.EncryptionArtifactFactory#TRUST_MANAGER_CLASS
2026.09.27 01:07:34 INFO  [main]: org.jivesoftware.openfire.XMPPServer - Accessing SystemProperty field org.jivesoftware.openfire.update.UpdateManager#ENABLED
2026.09.27 01:07:34 INFO  [main]: org.jivesoftware.openfire.XMPPServer - Accessing SystemProperty field org.jivesoftware.openfire.update.UpdateManager#NOTIFY_ADMINS
2026.09.27 01:07:34 INFO  [main]: org.jivesoftware.openfire.XMPPServer - Accessing SystemProperty field org.jivesoftware.openfire.update.UpdateManager#LAST_UPDATE_CHECK
2026.09.27 01:07:34 INFO  [main]: org.jivesoftware.openfire.XMPPServer - Accessing SystemProperty field org.jivesoftware.openfire.update.UpdateManager#UPDATE_FREQUENCY
2026.09.27 01:07:34 INFO  [main]: org.jivesoftware.openfire.XMPPServer - Accessing SystemProperty field org.jivesoftware.openfire.update.UpdateManager#PROXY_HOST
2026.09.27 01:07:34 INFO  [main]: org.jivesoftware.openfire.XMPPServer - Accessing SystemProperty field org.jivesoftware.openfire.update.UpdateManager#PROXY_PORT
2026.09.27 01:07:34 INFO  [pool-5-thread-1]: org.jivesoftware.openfire.container.PluginManager - Successfully loaded plugin 'admin'.
2026.09.27 01:07:34 INFO  [pool-6-thread-2]: org.jivesoftware.openfire.container.PluginManager - Successfully loaded plugin 'nonsaslauthentication'.
2026.09.27 01:07:34 INFO  [pool-6-thread-4]: org.jivesoftware.openfire.container.PluginManager - Successfully loaded plugin 'search'.
2026.09.27 01:07:35 INFO  [pool-6-thread-3]: org.jivesoftware.openfire.container.PluginManager - Successfully loaded plugin 'restapi'.
2026.09.27 01:07:36 INFO  [pool-5-thread-1]: org.jivesoftware.openfire.container.PluginMonitor - Finished processing all plugins.
2026.09.27 01:07:36 INFO  [pool-5-thread-1]: org.jivesoftware.openfire.spi.ConnectionListener[socket_c2s] - Started.
2026.09.27 01:07:36 INFO  [pool-5-thread-1]: org.jivesoftware.openfire.spi.ConnectionListener[socket_c2s-legacyMode] - Started.
2026.09.27 01:07:36 WARN  [pool-5-thread-1]: org.jivesoftware.openfire.spi.LegacyConnectionAcceptor - Configuration allows for up to 16 threads, although implementation is limited to exactly one.
2026.09.27 01:07:36 INFO  [pool-5-thread-1]: org.jivesoftware.openfire.spi.ConnectionListener[socket_s2s] - Started.
2026.09.27 01:07:36 WARN  [pool-5-thread-1]: org.jivesoftware.openfire.spi.LegacyConnectionAcceptor - Configuration allows for up to 16 threads, although implementation is limited to exactly one.
2026.09.27 01:07:36 INFO  [pool-5-thread-1]: org.jivesoftware.openfire.spi.ConnectionListener[socket_s2s-legacyMode] - Started.
2026.09.27 01:07:36 INFO  [pool-5-thread-1]: org.jivesoftware.openfire.spi.ConnectionListener[component] - Started.
2026.09.27 01:07:36 INFO  [pool-5-thread-1]: org.jivesoftware.openfire.spi.ConnectionListener[component-legacyMode] - Started.
2026.09.27 01:07:36 INFO  [pool-5-thread-1]: org.jivesoftware.openfire.spi.ConnectionListener[connection_manager] - Started.
2026.09.27 01:07:36 INFO  [pool-5-thread-1]: org.jivesoftware.openfire.spi.ConnectionListener[connection_manager-legacyMode] - Started.
2026.09.27 01:07:36 INFO  [pool-5-thread-1]: org.jivesoftware.openfire.http.HttpSessionManager - Starting instance
2026.09.27 01:07:36 INFO  [pool-5-thread-1]: org.jivesoftware.openfire.http.HttpBindManager - HTTP bind service started
2026.09.27 01:08:03 INFO  [Jetty-QTP-AdminConsole-48]: org.jivesoftware.util.cache.CacheFactory - Created cache [org.jivesoftware.util.cache.DefaultLocalCacheStrategy] for Locked Out Accounts
2026.09.28 06:29:12 WARN  [socket_c2s-thread-4]: org.jivesoftware.openfire.nio.ConnectionHandler - Closing connection due to exception in session: (0x00000002: nio socket, server, null => 0.0.0.0/0.0.0.0:5222)
java.io.IOException: Se ha forzado la interrupción de una conexión existente por el host remoto
	at sun.nio.ch.SocketDispatcher.read0(Native Method) ~[?:?]
	at sun.nio.ch.SocketDispatcher.read(SocketDispatcher.java:43) ~[?:?]
	at sun.nio.ch.IOUtil.readIntoNativeBuffer(IOUtil.java:276) ~[?:?]
	at sun.nio.ch.IOUtil.read(IOUtil.java:245) ~[?:?]
	at sun.nio.ch.IOUtil.read(IOUtil.java:223) ~[?:?]
	at sun.nio.ch.SocketChannelImpl.read(SocketChannelImpl.java:356) ~[?:?]
	at org.apache.mina.transport.socket.nio.NioProcessor.read(NioProcessor.java:378) ~[mina-core-2.1.3.jar:?]
	at org.apache.mina.transport.socket.nio.NioProcessor.read(NioProcessor.java:47) ~[mina-core-2.1.3.jar:?]
	at org.apache.mina.core.polling.AbstractPollingIoProcessor.read(AbstractPollingIoProcessor.java:519) ~[mina-core-2.1.3.jar:?]
	at org.apache.mina.core.polling.AbstractPollingIoProcessor.access$1200(AbstractPollingIoProcessor.java:68) ~[mina-core-2.1.3.jar:?]
	at org.apache.mina.core.polling.AbstractPollingIoProcessor$Processor.process(AbstractPollingIoProcessor.java:1222) ~[mina-core-2.1.3.jar:?]
	at org.apache.mina.core.polling.AbstractPollingIoProcessor$Processor.process(AbstractPollingIoProcessor.java:1211) ~[mina-core-2.1.3.jar:?]
	at org.apache.mina.core.polling.AbstractPollingIoProcessor$Processor.run(AbstractPollingIoProcessor.java:683) ~[mina-core-2.1.3.jar:?]
	at org.apache.mina.util.NamePreservingRunnable.run(NamePreservingRunnable.java:64) ~[mina-core-2.1.3.jar:?]
	at java.util.concurrent.ThreadPoolExecutor.runWorker(ThreadPoolExecutor.java:1128) ~[?:?]
	at java.util.concurrent.ThreadPoolExecutor$Worker.run(ThreadPoolExecutor.java:628) ~[?:?]
	at java.lang.Thread.run(Thread.java:829) [?:?]
2026.10.02 02:21:59 INFO  [main]: org.jivesoftware.openfire.XMPPServer - Registering shutdown hook (standalone mode)
2026.10.02 02:22:00 INFO  [main]: hsqldb.db.HSQLDBA0638C63BF.ENGINE - checkpointClose start
2026.10.02 02:22:00 INFO  [main]: hsqldb.db.HSQLDBA0638C63BF.ENGINE - checkpointClose synched
2026.10.02 02:22:00 INFO  [main]: hsqldb.db.HSQLDBA0638C63BF.ENGINE - checkpointClose script done
2026.10.02 02:22:00 INFO  [main]: hsqldb.db.HSQLDBA0638C63BF.ENGINE - checkpointClose end
2026.10.02 02:22:00 INFO  [main]: org.jivesoftware.util.cache.CacheFactory - Created cache [org.jivesoftware.util.cache.DefaultLocalCacheStrategy] for Routing Servers Cache
2026.10.02 02:22:00 INFO  [main]: org.jivesoftware.util.cache.CacheFactory - Created cache [org.jivesoftware.util.cache.DefaultLocalCacheStrategy] for Routing Components Cache
2026.10.02 02:22:00 INFO  [main]: org.jivesoftware.util.cache.CacheFactory - Created cache [org.jivesoftware.util.cache.DefaultLocalCacheStrategy] for Routing Users Cache
2026.10.02 02:22:00 INFO  [main]: org.jivesoftware.util.cache.CacheFactory - Created cache [org.jivesoftware.util.cache.DefaultLocalCacheStrategy] for Routing AnonymousUsers Cache
2026.10.02 02:22:00 INFO  [main]: org.jivesoftware.util.cache.CacheFactory - Created cache [org.jivesoftware.util.cache.DefaultLocalCacheStrategy] for Routing User Sessions
2026.10.02 02:22:00 INFO  [main]: org.jivesoftware.util.cache.CacheFactory - Created cache [org.jivesoftware.util.cache.DefaultLocalCacheStrategy] for Roster
2026.10.02 02:22:00 INFO  [main]: org.jivesoftware.util.cache.CacheFactory - Created cache [org.jivesoftware.util.cache.DefaultLocalCacheStrategy] for RosterItems
2026.10.02 02:22:00 INFO  [main]: org.jivesoftware.util.cache.CacheFactory - Created cache [org.jivesoftware.util.cache.DefaultLocalCacheStrategy] for Multicast Service
2026.10.02 02:22:00 INFO  [main]: org.jivesoftware.util.cache.CacheFactory - Created cache [org.jivesoftware.util.cache.DefaultLocalCacheStrategy] for Offline Message Size
2026.10.02 02:22:00 INFO  [main]: org.jivesoftware.util.cache.CacheFactory - Created cache [org.jivesoftware.util.cache.DefaultLocalCacheStrategy] for VCard
2026.10.02 02:22:00 INFO  [main]: org.jivesoftware.util.cache.CacheFactory - Created cache [org.jivesoftware.util.cache.DefaultLocalCacheStrategy] for Privacy Lists
2026.10.02 02:22:00 INFO  [main]: org.jivesoftware.util.cache.CacheFactory - Created cache [org.jivesoftware.util.cache.DefaultLocalCacheStrategy] for File Transfer Cache
2026.10.02 02:22:00 INFO  [main]: org.jivesoftware.util.cache.CacheFactory - Created cache [org.jivesoftware.util.cache.DefaultLocalCacheStrategy] for Offline Presence Cache
2026.10.02 02:22:00 INFO  [main]: org.jivesoftware.util.cache.CacheFactory - Created cache [org.jivesoftware.util.cache.DefaultLocalCacheStrategy] for Last Activity Cache
2026.10.02 02:22:00 INFO  [main]: org.jivesoftware.util.cache.CacheFactory - Created cache [org.jivesoftware.util.cache.DefaultLocalCacheStrategy] for User
2026.10.02 02:22:00 INFO  [main]: org.jivesoftware.util.cache.CacheFactory - Created cache [org.jivesoftware.util.cache.DefaultLocalCacheStrategy] for Remote Users Existence
2026.10.02 02:22:00 INFO  [main]: org.jivesoftware.util.cache.CacheFactory - Created cache [org.jivesoftware.util.cache.DefaultLocalCacheStrategy] for Components Sessions
2026.10.02 02:22:00 INFO  [main]: org.jivesoftware.util.cache.CacheFactory - Created cache [org.jivesoftware.util.cache.DefaultLocalCacheStrategy] for Connection Managers Sessions
2026.10.02 02:22:00 INFO  [main]: org.jivesoftware.util.cache.CacheFactory - Created cache [org.jivesoftware.util.cache.DefaultLocalCacheStrategy] for Incoming Server Sessions
2026.10.02 02:22:00 INFO  [main]: org.jivesoftware.util.cache.CacheFactory - Created cache [org.jivesoftware.util.cache.DefaultLocalCacheStrategy] for Sessions by Hostname
2026.10.02 02:22:00 INFO  [main]: org.jivesoftware.util.cache.CacheFactory - Created cache [org.jivesoftware.util.cache.DefaultLocalCacheStrategy] for Validated Domains
2026.10.02 02:22:00 INFO  [main]: org.jivesoftware.util.cache.CacheFactory - Created cache [org.jivesoftware.util.cache.DefaultLocalCacheStrategy] for Client Session Info Cache
2026.10.02 02:22:00 INFO  [main]: org.jivesoftware.util.cache.CacheFactory - Created cache [org.jivesoftware.util.cache.DefaultLocalCacheStrategy] for Directed Presences
2026.10.02 02:22:00 INFO  [main]: org.jivesoftware.util.cache.CacheFactory - Created local-only cache [org.jivesoftware.util.cache.DefaultLocalCacheStrategy] for PEPServiceManager
2026.10.02 02:22:00 INFO  [main]: org.jivesoftware.util.cache.CacheFactory - Created cache [org.jivesoftware.util.cache.DefaultLocalCacheStrategy] for File Transfer
2026.10.02 02:22:00 INFO  [main]: org.jivesoftware.util.cache.CacheFactory - Created cache [org.jivesoftware.util.cache.DefaultLocalCacheStrategy] for Published Items
2026.10.02 02:22:00 INFO  [main]: org.jivesoftware.util.cache.CacheFactory - Created cache [org.jivesoftware.util.cache.DefaultLocalCacheStrategy] for Disco Server Features
2026.10.02 02:22:00 INFO  [main]: org.jivesoftware.util.cache.CacheFactory - Created cache [org.jivesoftware.util.cache.DefaultLocalCacheStrategy] for Disco Server Items
2026.10.02 02:22:00 INFO  [main]: org.jivesoftware.util.cache.CacheFactory - Created cache [org.jivesoftware.util.cache.DefaultLocalCacheStrategy] for Components
2026.10.02 02:22:00 INFO  [main]: org.jivesoftware.util.cache.CacheFactory - Created local-only cache [org.jivesoftware.util.cache.DefaultLocalCacheStrategy] for Entity Capabilities
2026.10.02 02:22:00 INFO  [main]: org.jivesoftware.util.cache.CacheFactory - Created local-only cache [org.jivesoftware.util.cache.DefaultLocalCacheStrategy] for Entity Capabilities Users
2026.10.02 02:22:00 INFO  [main]: org.jivesoftware.util.cache.CacheFactory - Created cache [org.jivesoftware.util.cache.DefaultLocalCacheStrategy] for Group
2026.10.02 02:22:00 INFO  [main]: org.jivesoftware.util.cache.CacheFactory - Created cache [org.jivesoftware.util.cache.DefaultLocalCacheStrategy] for Group Metadata Cache
2026.10.02 02:22:00 INFO  [main]: org.jivesoftware.openfire.pubsub.PubSubModule - Dominio de Publicar-Suscribir: pubsub.192.168.100.29
2026.10.02 02:22:00 INFO  [main]: org.jivesoftware.openfire.muc.spi.MultiUserChatServiceImpl - Dominio de Chat Multi-usuario: conference.192.168.100.29
2026.10.02 02:22:00 INFO  [main]: org.jivesoftware.openfire.XMPPServer - Openfire 4.5.0 Alpha [Oct 2, 2026, 2:22:00 AM]
2026.10.02 02:22:00 WARN  [pool-5-thread-1]: org.jivesoftware.openfire.container.AdminConsolePlugin - Admin console: Identity store does not have any certificates. HTTPS will be unavailable.
2026.10.02 02:22:00 INFO  [main]: org.jivesoftware.openfire.XMPPServer - Accessing SystemProperty field org.jivesoftware.openfire.auth.AuthFactory#PASSWORD_KEY
2026.10.02 02:22:00 INFO  [main]: org.jivesoftware.openfire.XMPPServer - Accessing SystemProperty field org.jivesoftware.openfire.auth.AuthFactory#AUTH_PROVIDER
2026.10.02 02:22:00 INFO  [main]: org.jivesoftware.openfire.XMPPServer - Accessing SystemProperty field org.jivesoftware.openfire.sasl.ScramSha1SaslServer#ITERATION_COUNT
2026.10.02 02:22:00 INFO  [main]: org.jivesoftware.openfire.XMPPServer - Accessing SystemProperty field org.jivesoftware.openfire.vcard.VCardManager#VCARD_PROVIDER
2026.10.02 02:22:01 INFO  [main]: org.jivesoftware.openfire.XMPPServer - Accessing SystemProperty field org.jivesoftware.openfire.auth.HybridAuthProvider#PRIMARY_PROVIDER
2026.10.02 02:22:01 INFO  [main]: org.jivesoftware.openfire.XMPPServer - Accessing SystemProperty field org.jivesoftware.openfire.auth.HybridAuthProvider#SECONDARY_PROVIDER
2026.10.02 02:22:01 INFO  [main]: org.jivesoftware.openfire.XMPPServer - Accessing SystemProperty field org.jivesoftware.openfire.auth.HybridAuthProvider#TERTIARY_PROVIDER
2026.10.02 02:22:01 INFO  [main]: org.jivesoftware.openfire.XMPPServer - Accessing SystemProperty field org.jivesoftware.openfire.lockout.LockOutManager#LOCKOUT_PROVIDER
2026.10.02 02:22:01 INFO  [main]: org.jivesoftware.openfire.XMPPServer - Accessing SystemProperty field org.jivesoftware.openfire.user.UserManager#USER_PROVIDER
2026.10.02 02:22:01 INFO  [main]: org.jivesoftware.openfire.XMPPServer - Accessing SystemProperty field org.jivesoftware.openfire.user.UserManager#REMOTE_DISCO_INFO_TIMEOUT
2026.10.02 02:22:01 INFO  [main]: org.jivesoftware.openfire.XMPPServer - Accessing SystemProperty field org.jivesoftware.openfire.user.UserManager#USER_PROPERTY_PROVIDER
2026.10.02 02:22:01 INFO  [main]: org.jivesoftware.openfire.XMPPServer - Accessing SystemProperty field org.jivesoftware.openfire.SessionManager#CONFLICT_LIMIT
2026.10.02 02:22:01 INFO  [main]: org.jivesoftware.openfire.XMPPServer - Accessing SystemProperty field org.jivesoftware.openfire.group.GroupManager#GROUP_PROVIDER
2026.10.02 02:22:01 INFO  [main]: org.jivesoftware.openfire.XMPPServer - Accessing SystemProperty field org.jivesoftware.openfire.muc.spi.IQMuclumbusSearchHandler#PROPERTY_ENABLED
2026.10.02 02:22:01 INFO  [main]: org.jivesoftware.openfire.XMPPServer - Accessing SystemProperty field org.jivesoftware.openfire.sasl.AnonymousSaslServer#ENABLED
2026.10.02 02:22:01 INFO  [main]: org.jivesoftware.openfire.XMPPServer - Accessing SystemProperty field org.jivesoftware.openfire.net.SASLAuthentication#SKIP_PEER_CERT_REVALIDATION_CLIENT
2026.10.02 02:22:01 INFO  [main]: org.jivesoftware.openfire.net.SASLAuthentication - Support added for the 'ANONYMOUS' SASL mechanism.
2026.10.02 02:22:01 INFO  [main]: org.jivesoftware.openfire.net.SASLAuthentication - Support added for the 'PLAIN' SASL mechanism.
2026.10.02 02:22:01 INFO  [main]: org.jivesoftware.openfire.net.SASLAuthentication - Support added for the 'DIGEST-MD5' SASL mechanism.
2026.10.02 02:22:01 INFO  [main]: org.jivesoftware.openfire.net.SASLAuthentication - Support added for the 'CRAM-MD5' SASL mechanism.
2026.10.02 02:22:01 INFO  [main]: org.jivesoftware.openfire.net.SASLAuthentication - Support added for the 'SCRAM-SHA-1' SASL mechanism.
2026.10.02 02:22:01 INFO  [main]: org.jivesoftware.openfire.net.SASLAuthentication - Support added for the 'JIVE-SHAREDSECRET' SASL mechanism.
2026.10.02 02:22:01 INFO  [main]: org.jivesoftware.openfire.net.SASLAuthentication - Support added for the 'GSSAPI' SASL mechanism.
2026.10.02 02:22:01 INFO  [main]: org.jivesoftware.openfire.net.SASLAuthentication - Support added for the 'EXTERNAL' SASL mechanism.
2026.10.02 02:22:01 INFO  [main]: org.jivesoftware.openfire.XMPPServer - Accessing SystemProperty field org.jivesoftware.openfire.XMPPServerInfo#XMPP_DOMAIN
2026.10.02 02:22:01 INFO  [main]: org.jivesoftware.openfire.XMPPServer - Accessing SystemProperty field org.jivesoftware.openfire.sasl.ExternalClientSaslServer#PROPERTY_SASL_EXTERNAL_CLIENT_SUPPRESS_MATCHING_REALMNAME
2026.10.02 02:22:01 INFO  [main]: org.jivesoftware.openfire.XMPPServer - Accessing SystemProperty field org.jivesoftware.openfire.admin.AdminManager#ADMIN_PROVIDER
2026.10.02 02:22:01 INFO  [main]: org.jivesoftware.openfire.XMPPServer - Accessing SystemProperty field org.jivesoftware.openfire.security.SecurityAuditManager#AUDIT_PROVIDER
2026.10.02 02:22:01 INFO  [main]: org.jivesoftware.openfire.XMPPServer - Accessing SystemProperty field org.jivesoftware.openfire.admin.DefaultAdminProvider#ADMIN_JIDS
2026.10.02 02:22:01 INFO  [main]: org.jivesoftware.openfire.XMPPServer - Accessing SystemProperty field org.jivesoftware.openfire.cluster.ClusterMonitor#ENABLED
2026.10.02 02:22:01 INFO  [main]: org.jivesoftware.openfire.XMPPServer - Accessing SystemProperty field org.jivesoftware.openfire.ldap.LdapVCardProvider#STORE_AVATAR_IN_DB
2026.10.02 02:22:01 INFO  [main]: org.jivesoftware.openfire.XMPPServer - Accessing SystemProperty field org.jivesoftware.openfire.spi.EncryptionArtifactFactory#TRUST_MANAGER_CLASS
2026.10.02 02:22:01 INFO  [main]: org.jivesoftware.openfire.XMPPServer - Accessing SystemProperty field org.jivesoftware.openfire.update.UpdateManager#ENABLED
2026.10.02 02:22:01 INFO  [main]: org.jivesoftware.openfire.XMPPServer - Accessing SystemProperty field org.jivesoftware.openfire.update.UpdateManager#NOTIFY_ADMINS
2026.10.02 02:22:01 INFO  [main]: org.jivesoftware.openfire.XMPPServer - Accessing SystemProperty field org.jivesoftware.openfire.update.UpdateManager#LAST_UPDATE_CHECK
2026.10.02 02:22:01 INFO  [main]: org.jivesoftware.openfire.XMPPServer - Accessing SystemProperty field org.jivesoftware.openfire.update.UpdateManager#UPDATE_FREQUENCY
2026.10.02 02:22:01 INFO  [main]: org.jivesoftware.openfire.XMPPServer - Accessing SystemProperty field org.jivesoftware.openfire.update.UpdateManager#PROXY_HOST
2026.10.02 02:22:01 INFO  [main]: org.jivesoftware.openfire.XMPPServer - Accessing SystemProperty field org.jivesoftware.openfire.update.UpdateManager#PROXY_PORT
2026.10.02 02:22:01 INFO  [pool-5-thread-1]: org.jivesoftware.util.cache.CacheFactory - Created cache [org.jivesoftware.util.cache.DefaultLocalCacheStrategy] for Favicon Misses
2026.10.02 02:22:01 INFO  [pool-5-thread-1]: org.jivesoftware.util.cache.CacheFactory - Created cache [org.jivesoftware.util.cache.DefaultLocalCacheStrategy] for Favicon Hits
2026.10.02 02:22:01 INFO  [pool-5-thread-1]: org.jivesoftware.openfire.container.AdminConsolePlugin - Consola de administración escuchando en http://192.168.100.29:9090
2026.10.02 02:22:01 INFO  [pool-5-thread-1]: org.jivesoftware.openfire.container.PluginManager - Successfully loaded plugin 'admin'.
2026.10.02 02:22:01 INFO  [pool-6-thread-2]: org.jivesoftware.openfire.container.PluginManager - Successfully loaded plugin 'nonsaslauthentication'.
2026.10.02 02:22:01 INFO  [pool-6-thread-4]: org.jivesoftware.openfire.container.PluginManager - Successfully loaded plugin 'search'.
2026.10.02 02:22:02 INFO  [pool-6-thread-3]: org.jivesoftware.openfire.container.PluginManager - Successfully loaded plugin 'restapi'.
2026.10.02 02:22:02 INFO  [pool-5-thread-1]: org.jivesoftware.openfire.container.PluginMonitor - Finished processing all plugins.
2026.10.02 02:22:02 INFO  [pool-5-thread-1]: org.jivesoftware.openfire.spi.ConnectionListener[socket_c2s] - Started.
2026.10.02 02:22:02 INFO  [pool-5-thread-1]: org.jivesoftware.openfire.spi.ConnectionListener[socket_c2s-legacyMode] - Started.
2026.10.02 02:22:02 WARN  [pool-5-thread-1]: org.jivesoftware.openfire.spi.LegacyConnectionAcceptor - Configuration allows for up to 16 threads, although implementation is limited to exactly one.
2026.10.02 02:22:02 INFO  [pool-5-thread-1]: org.jivesoftware.openfire.spi.ConnectionListener[socket_s2s] - Started.
2026.10.02 02:22:02 WARN  [pool-5-thread-1]: org.jivesoftware.openfire.spi.LegacyConnectionAcceptor - Configuration allows for up to 16 threads, although implementation is limited to exactly one.
2026.10.02 02:22:02 INFO  [pool-5-thread-1]: org.jivesoftware.openfire.spi.ConnectionListener[socket_s2s-legacyMode] - Started.
2026.10.02 02:22:02 INFO  [pool-5-thread-1]: org.jivesoftware.openfire.spi.ConnectionListener[component] - Started.
2026.10.02 02:22:02 INFO  [pool-5-thread-1]: org.jivesoftware.openfire.spi.ConnectionListener[component-legacyMode] - Started.
2026.10.02 02:22:02 INFO  [pool-5-thread-1]: org.jivesoftware.openfire.spi.ConnectionListener[connection_manager] - Started.
2026.10.02 02:22:02 INFO  [pool-5-thread-1]: org.jivesoftware.openfire.spi.ConnectionListener[connection_manager-legacyMode] - Started.
2026.10.02 02:22:02 INFO  [pool-5-thread-1]: org.jivesoftware.openfire.http.HttpSessionManager - Starting instance
2026.10.02 02:22:02 INFO  [pool-5-thread-1]: org.jivesoftware.openfire.http.HttpBindManager - HTTP bind service started
2026.10.02 02:22:06 ERROR [Update Manager]: org.jivesoftware.openfire.update.UpdateManager - Error: update service check did not save correctly. Stopping update service.
2026.10.02 02:22:28 INFO  [Jetty-QTP-AdminConsole-42]: org.jivesoftware.util.cache.CacheFactory - Created cache [org.jivesoftware.util.cache.DefaultLocalCacheStrategy] for Locked Out Accounts
2026.10.02 02:23:06 WARN  [socket_c2s-thread-3]: org.jivesoftware.openfire.nio.ConnectionHandler - Closing connection due to exception in session: (0x00000002: nio socket, server, null => 0.0.0.0/0.0.0.0:5222)
java.io.IOException: Se ha forzado la interrupción de una conexión existente por el host remoto
	at sun.nio.ch.SocketDispatcher.read0(Native Method) ~[?:?]
	at sun.nio.ch.SocketDispatcher.read(SocketDispatcher.java:43) ~[?:?]
	at sun.nio.ch.IOUtil.readIntoNativeBuffer(IOUtil.java:276) ~[?:?]
	at sun.nio.ch.IOUtil.read(IOUtil.java:245) ~[?:?]
	at sun.nio.ch.IOUtil.read(IOUtil.java:223) ~[?:?]
	at sun.nio.ch.SocketChannelImpl.read(SocketChannelImpl.java:356) ~[?:?]
	at org.apache.mina.transport.socket.nio.NioProcessor.read(NioProcessor.java:378) ~[mina-core-2.1.3.jar:?]
	at org.apache.mina.transport.socket.nio.NioProcessor.read(NioProcessor.java:47) ~[mina-core-2.1.3.jar:?]
	at org.apache.mina.core.polling.AbstractPollingIoProcessor.read(AbstractPollingIoProcessor.java:519) ~[mina-core-2.1.3.jar:?]
	at org.apache.mina.core.polling.AbstractPollingIoProcessor.access$1200(AbstractPollingIoProcessor.java:68) ~[mina-core-2.1.3.jar:?]
	at org.apache.mina.core.polling.AbstractPollingIoProcessor$Processor.process(AbstractPollingIoProcessor.java:1222) ~[mina-core-2.1.3.jar:?]
	at org.apache.mina.core.polling.AbstractPollingIoProcessor$Processor.process(AbstractPollingIoProcessor.java:1211) ~[mina-core-2.1.3.jar:?]
	at org.apache.mina.core.polling.AbstractPollingIoProcessor$Processor.run(AbstractPollingIoProcessor.java:683) ~[mina-core-2.1.3.jar:?]
	at org.apache.mina.util.NamePreservingRunnable.run(NamePreservingRunnable.java:64) ~[mina-core-2.1.3.jar:?]
	at java.util.concurrent.ThreadPoolExecutor.runWorker(ThreadPoolExecutor.java:1128) ~[?:?]
	at java.util.concurrent.ThreadPoolExecutor$Worker.run(ThreadPoolExecutor.java:628) ~[?:?]
	at java.lang.Thread.run(Thread.java:829) [?:?]
2026.10.02 02:24:09 INFO  [main]: org.jivesoftware.openfire.XMPPServer - Registering shutdown hook (standalone mode)
2026.10.02 02:24:09 INFO  [main]: hsqldb.db.HSQLDBA0638C63BF.ENGINE - checkpointClose start
2026.10.02 02:24:09 INFO  [main]: hsqldb.db.HSQLDBA0638C63BF.ENGINE - checkpointClose synched
2026.10.02 02:24:09 INFO  [main]: hsqldb.db.HSQLDBA0638C63BF.ENGINE - checkpointClose script done
2026.10.02 02:24:09 INFO  [main]: hsqldb.db.HSQLDBA0638C63BF.ENGINE - checkpointClose end
2026.10.02 02:24:10 INFO  [main]: org.jivesoftware.util.cache.CacheFactory - Created cache [org.jivesoftware.util.cache.DefaultLocalCacheStrategy] for Routing Servers Cache
2026.10.02 02:24:10 INFO  [main]: org.jivesoftware.util.cache.CacheFactory - Created cache [org.jivesoftware.util.cache.DefaultLocalCacheStrategy] for Routing Components Cache
2026.10.02 02:24:10 INFO  [main]: org.jivesoftware.util.cache.CacheFactory - Created cache [org.jivesoftware.util.cache.DefaultLocalCacheStrategy] for Routing Users Cache
2026.10.02 02:24:10 INFO  [main]: org.jivesoftware.util.cache.CacheFactory - Created cache [org.jivesoftware.util.cache.DefaultLocalCacheStrategy] for Routing AnonymousUsers Cache
2026.10.02 02:24:10 INFO  [main]: org.jivesoftware.util.cache.CacheFactory - Created cache [org.jivesoftware.util.cache.DefaultLocalCacheStrategy] for Routing User Sessions
2026.10.02 02:24:10 INFO  [main]: org.jivesoftware.util.cache.CacheFactory - Created cache [org.jivesoftware.util.cache.DefaultLocalCacheStrategy] for Roster
2026.10.02 02:24:10 INFO  [main]: org.jivesoftware.util.cache.CacheFactory - Created cache [org.jivesoftware.util.cache.DefaultLocalCacheStrategy] for RosterItems
2026.10.02 02:24:10 INFO  [main]: org.jivesoftware.util.cache.CacheFactory - Created cache [org.jivesoftware.util.cache.DefaultLocalCacheStrategy] for Multicast Service
2026.10.02 02:24:10 INFO  [main]: org.jivesoftware.util.cache.CacheFactory - Created cache [org.jivesoftware.util.cache.DefaultLocalCacheStrategy] for Offline Message Size
2026.10.02 02:24:10 INFO  [main]: org.jivesoftware.util.cache.CacheFactory - Created cache [org.jivesoftware.util.cache.DefaultLocalCacheStrategy] for VCard
2026.10.02 02:24:10 INFO  [main]: org.jivesoftware.util.cache.CacheFactory - Created cache [org.jivesoftware.util.cache.DefaultLocalCacheStrategy] for Privacy Lists
2026.10.02 02:24:10 INFO  [main]: org.jivesoftware.util.cache.CacheFactory - Created cache [org.jivesoftware.util.cache.DefaultLocalCacheStrategy] for File Transfer Cache
2026.10.02 02:24:10 INFO  [main]: org.jivesoftware.util.cache.CacheFactory - Created cache [org.jivesoftware.util.cache.DefaultLocalCacheStrategy] for Offline Presence Cache
2026.10.02 02:24:10 INFO  [main]: org.jivesoftware.util.cache.CacheFactory - Created cache [org.jivesoftware.util.cache.DefaultLocalCacheStrategy] for Last Activity Cache
2026.10.02 02:24:10 INFO  [main]: org.jivesoftware.util.cache.CacheFactory - Created cache [org.jivesoftware.util.cache.DefaultLocalCacheStrategy] for User
2026.10.02 02:24:10 INFO  [main]: org.jivesoftware.util.cache.CacheFactory - Created cache [org.jivesoftware.util.cache.DefaultLocalCacheStrategy] for Remote Users Existence
2026.10.02 02:24:10 INFO  [main]: org.jivesoftware.util.cache.CacheFactory - Created cache [org.jivesoftware.util.cache.DefaultLocalCacheStrategy] for Components Sessions
2026.10.02 02:24:10 INFO  [main]: org.jivesoftware.util.cache.CacheFactory - Created cache [org.jivesoftware.util.cache.DefaultLocalCacheStrategy] for Connection Managers Sessions
2026.10.02 02:24:10 INFO  [main]: org.jivesoftware.util.cache.CacheFactory - Created cache [org.jivesoftware.util.cache.DefaultLocalCacheStrategy] for Incoming Server Sessions
2026.10.02 02:24:10 INFO  [main]: org.jivesoftware.util.cache.CacheFactory - Created cache [org.jivesoftware.util.cache.DefaultLocalCacheStrategy] for Sessions by Hostname
2026.10.02 02:24:10 INFO  [main]: org.jivesoftware.util.cache.CacheFactory - Created cache [org.jivesoftware.util.cache.DefaultLocalCacheStrategy] for Validated Domains
2026.10.02 02:24:10 INFO  [main]: org.jivesoftware.util.cache.CacheFactory - Created cache [org.jivesoftware.util.cache.DefaultLocalCacheStrategy] for Client Session Info Cache
2026.10.02 02:24:10 INFO  [main]: org.jivesoftware.util.cache.CacheFactory - Created cache [org.jivesoftware.util.cache.DefaultLocalCacheStrategy] for Directed Presences
2026.10.02 02:24:10 INFO  [main]: org.jivesoftware.util.cache.CacheFactory - Created local-only cache [org.jivesoftware.util.cache.DefaultLocalCacheStrategy] for PEPServiceManager
2026.10.02 02:24:10 INFO  [main]: org.jivesoftware.util.cache.CacheFactory - Created cache [org.jivesoftware.util.cache.DefaultLocalCacheStrategy] for File Transfer
2026.10.02 02:24:10 INFO  [main]: org.jivesoftware.util.cache.CacheFactory - Created cache [org.jivesoftware.util.cache.DefaultLocalCacheStrategy] for Published Items
2026.10.02 02:24:10 INFO  [main]: org.jivesoftware.util.cache.CacheFactory - Created cache [org.jivesoftware.util.cache.DefaultLocalCacheStrategy] for Disco Server Features
2026.10.02 02:24:10 INFO  [main]: org.jivesoftware.util.cache.CacheFactory - Created cache [org.jivesoftware.util.cache.DefaultLocalCacheStrategy] for Disco Server Items
2026.10.02 02:24:10 INFO  [main]: org.jivesoftware.util.cache.CacheFactory - Created cache [org.jivesoftware.util.cache.DefaultLocalCacheStrategy] for Components
2026.10.02 02:24:10 INFO  [main]: org.jivesoftware.util.cache.CacheFactory - Created local-only cache [org.jivesoftware.util.cache.DefaultLocalCacheStrategy] for Entity Capabilities
2026.10.02 02:24:10 INFO  [main]: org.jivesoftware.util.cache.CacheFactory - Created local-only cache [org.jivesoftware.util.cache.DefaultLocalCacheStrategy] for Entity Capabilities Users
2026.10.02 02:24:10 INFO  [main]: org.jivesoftware.util.cache.CacheFactory - Created cache [org.jivesoftware.util.cache.DefaultLocalCacheStrategy] for Group
2026.10.02 02:24:10 INFO  [main]: org.jivesoftware.util.cache.CacheFactory - Created cache [org.jivesoftware.util.cache.DefaultLocalCacheStrategy] for Group Metadata Cache
2026.10.02 02:24:10 INFO  [main]: org.jivesoftware.openfire.pubsub.PubSubModule - Dominio de Publicar-Suscribir: pubsub.192.168.100.29
2026.10.02 02:24:10 INFO  [main]: org.jivesoftware.openfire.muc.spi.MultiUserChatServiceImpl - Dominio de Chat Multi-usuario: conference.192.168.100.29
2026.10.02 02:24:10 INFO  [main]: org.jivesoftware.openfire.XMPPServer - Openfire 4.5.0 Alpha [Oct 2, 2026, 2:24:10 AM]
2026.10.02 02:24:10 WARN  [pool-5-thread-1]: org.jivesoftware.openfire.container.AdminConsolePlugin - Admin console: Identity store does not have any certificates. HTTPS will be unavailable.
2026.10.02 02:24:10 INFO  [main]: org.jivesoftware.openfire.XMPPServer - Accessing SystemProperty field org.jivesoftware.openfire.auth.AuthFactory#PASSWORD_KEY
2026.10.02 02:24:10 INFO  [main]: org.jivesoftware.openfire.XMPPServer - Accessing SystemProperty field org.jivesoftware.openfire.auth.AuthFactory#AUTH_PROVIDER
2026.10.02 02:24:10 INFO  [main]: org.jivesoftware.openfire.XMPPServer - Accessing SystemProperty field org.jivesoftware.openfire.sasl.ScramSha1SaslServer#ITERATION_COUNT
2026.10.02 02:24:10 INFO  [main]: org.jivesoftware.openfire.XMPPServer - Accessing SystemProperty field org.jivesoftware.openfire.vcard.VCardManager#VCARD_PROVIDER
2026.10.02 02:24:10 INFO  [main]: org.jivesoftware.openfire.XMPPServer - Accessing SystemProperty field org.jivesoftware.openfire.auth.HybridAuthProvider#PRIMARY_PROVIDER
2026.10.02 02:24:10 INFO  [main]: org.jivesoftware.openfire.XMPPServer - Accessing SystemProperty field org.jivesoftware.openfire.auth.HybridAuthProvider#SECONDARY_PROVIDER
2026.10.02 02:24:10 INFO  [main]: org.jivesoftware.openfire.XMPPServer - Accessing SystemProperty field org.jivesoftware.openfire.auth.HybridAuthProvider#TERTIARY_PROVIDER
2026.10.02 02:24:10 INFO  [main]: org.jivesoftware.openfire.XMPPServer - Accessing SystemProperty field org.jivesoftware.openfire.lockout.LockOutManager#LOCKOUT_PROVIDER
2026.10.02 02:24:10 INFO  [main]: org.jivesoftware.openfire.XMPPServer - Accessing SystemProperty field org.jivesoftware.openfire.user.UserManager#USER_PROVIDER
2026.10.02 02:24:10 INFO  [main]: org.jivesoftware.openfire.XMPPServer - Accessing SystemProperty field org.jivesoftware.openfire.user.UserManager#REMOTE_DISCO_INFO_TIMEOUT
2026.10.02 02:24:10 INFO  [main]: org.jivesoftware.openfire.XMPPServer - Accessing SystemProperty field org.jivesoftware.openfire.user.UserManager#USER_PROPERTY_PROVIDER
2026.10.02 02:24:10 INFO  [main]: org.jivesoftware.openfire.XMPPServer - Accessing SystemProperty field org.jivesoftware.openfire.SessionManager#CONFLICT_LIMIT
2026.10.02 02:24:10 INFO  [main]: org.jivesoftware.openfire.XMPPServer - Accessing SystemProperty field org.jivesoftware.openfire.group.GroupManager#GROUP_PROVIDER
2026.10.02 02:24:10 INFO  [main]: org.jivesoftware.openfire.XMPPServer - Accessing SystemProperty field org.jivesoftware.openfire.muc.spi.IQMuclumbusSearchHandler#PROPERTY_ENABLED
2026.10.02 02:24:10 INFO  [main]: org.jivesoftware.openfire.XMPPServer - Accessing SystemProperty field org.jivesoftware.openfire.sasl.AnonymousSaslServer#ENABLED
2026.10.02 02:24:10 INFO  [main]: org.jivesoftware.openfire.XMPPServer - Accessing SystemProperty field org.jivesoftware.openfire.net.SASLAuthentication#SKIP_PEER_CERT_REVALIDATION_CLIENT
2026.10.02 02:24:10 INFO  [main]: org.jivesoftware.openfire.net.SASLAuthentication - Support added for the 'ANONYMOUS' SASL mechanism.
2026.10.02 02:24:10 INFO  [main]: org.jivesoftware.openfire.net.SASLAuthentication - Support added for the 'PLAIN' SASL mechanism.
2026.10.02 02:24:10 INFO  [main]: org.jivesoftware.openfire.net.SASLAuthentication - Support added for the 'DIGEST-MD5' SASL mechanism.
2026.10.02 02:24:10 INFO  [main]: org.jivesoftware.openfire.net.SASLAuthentication - Support added for the 'CRAM-MD5' SASL mechanism.
2026.10.02 02:24:10 INFO  [main]: org.jivesoftware.openfire.net.SASLAuthentication - Support added for the 'SCRAM-SHA-1' SASL mechanism.
2026.10.02 02:24:10 INFO  [main]: org.jivesoftware.openfire.net.SASLAuthentication - Support added for the 'JIVE-SHAREDSECRET' SASL mechanism.
2026.10.02 02:24:10 INFO  [main]: org.jivesoftware.openfire.net.SASLAuthentication - Support added for the 'GSSAPI' SASL mechanism.
2026.10.02 02:24:10 INFO  [main]: org.jivesoftware.openfire.net.SASLAuthentication - Support added for the 'EXTERNAL' SASL mechanism.
2026.10.02 02:24:10 INFO  [main]: org.jivesoftware.openfire.XMPPServer - Accessing SystemProperty field org.jivesoftware.openfire.XMPPServerInfo#XMPP_DOMAIN
2026.10.02 02:24:10 INFO  [main]: org.jivesoftware.openfire.XMPPServer - Accessing SystemProperty field org.jivesoftware.openfire.sasl.ExternalClientSaslServer#PROPERTY_SASL_EXTERNAL_CLIENT_SUPPRESS_MATCHING_REALMNAME
2026.10.02 02:24:10 INFO  [main]: org.jivesoftware.openfire.XMPPServer - Accessing SystemProperty field org.jivesoftware.openfire.admin.AdminManager#ADMIN_PROVIDER
2026.10.02 02:24:11 INFO  [main]: org.jivesoftware.openfire.XMPPServer - Accessing SystemProperty field org.jivesoftware.openfire.security.SecurityAuditManager#AUDIT_PROVIDER
2026.10.02 02:24:11 INFO  [main]: org.jivesoftware.openfire.XMPPServer - Accessing SystemProperty field org.jivesoftware.openfire.admin.DefaultAdminProvider#ADMIN_JIDS
2026.10.02 02:24:11 INFO  [main]: org.jivesoftware.openfire.XMPPServer - Accessing SystemProperty field org.jivesoftware.openfire.cluster.ClusterMonitor#ENABLED
2026.10.02 02:24:11 INFO  [main]: org.jivesoftware.openfire.XMPPServer - Accessing SystemProperty field org.jivesoftware.openfire.ldap.LdapVCardProvider#STORE_AVATAR_IN_DB
2026.10.02 02:24:11 INFO  [main]: org.jivesoftware.openfire.XMPPServer - Accessing SystemProperty field org.jivesoftware.openfire.spi.EncryptionArtifactFactory#TRUST_MANAGER_CLASS
2026.10.02 02:24:11 INFO  [main]: org.jivesoftware.openfire.XMPPServer - Accessing SystemProperty field org.jivesoftware.openfire.update.UpdateManager#ENABLED
2026.10.02 02:24:11 INFO  [main]: org.jivesoftware.openfire.XMPPServer - Accessing SystemProperty field org.jivesoftware.openfire.update.UpdateManager#NOTIFY_ADMINS
2026.10.02 02:24:11 INFO  [main]: org.jivesoftware.openfire.XMPPServer - Accessing SystemProperty field org.jivesoftware.openfire.update.UpdateManager#LAST_UPDATE_CHECK
2026.10.02 02:24:11 INFO  [main]: org.jivesoftware.openfire.XMPPServer - Accessing SystemProperty field org.jivesoftware.openfire.update.UpdateManager#UPDATE_FREQUENCY
2026.10.02 02:24:11 INFO  [main]: org.jivesoftware.openfire.XMPPServer - Accessing SystemProperty field org.jivesoftware.openfire.update.UpdateManager#PROXY_HOST
2026.10.02 02:24:11 INFO  [main]: org.jivesoftware.openfire.XMPPServer - Accessing SystemProperty field org.jivesoftware.openfire.update.UpdateManager#PROXY_PORT
2026.10.02 02:24:11 INFO  [pool-5-thread-1]: org.jivesoftware.util.cache.CacheFactory - Created cache [org.jivesoftware.util.cache.DefaultLocalCacheStrategy] for Favicon Misses
2026.10.02 02:24:11 INFO  [pool-5-thread-1]: org.jivesoftware.util.cache.CacheFactory - Created cache [org.jivesoftware.util.cache.DefaultLocalCacheStrategy] for Favicon Hits
2026.10.02 02:24:11 INFO  [pool-5-thread-1]: org.jivesoftware.openfire.container.AdminConsolePlugin - Consola de administración escuchando en http://192.168.100.29:9090
2026.10.02 02:24:11 INFO  [pool-5-thread-1]: org.jivesoftware.openfire.container.PluginManager - Successfully loaded plugin 'admin'.
2026.10.02 02:24:11 INFO  [pool-6-thread-2]: org.jivesoftware.openfire.container.PluginManager - Successfully loaded plugin 'nonsaslauthentication'.
2026.10.02 02:24:11 INFO  [pool-6-thread-4]: org.jivesoftware.openfire.container.PluginManager - Successfully loaded plugin 'search'.
2026.10.02 02:24:11 INFO  [pool-6-thread-3]: org.jivesoftware.openfire.container.PluginManager - Successfully loaded plugin 'restapi'.
2026.10.02 02:24:11 INFO  [pool-5-thread-1]: org.jivesoftware.openfire.container.PluginMonitor - Finished processing all plugins.
2026.10.02 02:24:12 INFO  [pool-5-thread-1]: org.jivesoftware.openfire.spi.ConnectionListener[socket_c2s] - Started.
2026.10.02 02:24:12 INFO  [pool-5-thread-1]: org.jivesoftware.openfire.spi.ConnectionListener[socket_c2s-legacyMode] - Started.
2026.10.02 02:24:12 WARN  [pool-5-thread-1]: org.jivesoftware.openfire.spi.LegacyConnectionAcceptor - Configuration allows for up to 16 threads, although implementation is limited to exactly one.
2026.10.02 02:24:12 INFO  [pool-5-thread-1]: org.jivesoftware.openfire.spi.ConnectionListener[socket_s2s] - Started.
2026.10.02 02:24:12 WARN  [pool-5-thread-1]: org.jivesoftware.openfire.spi.LegacyConnectionAcceptor - Configuration allows for up to 16 threads, although implementation is limited to exactly one.
2026.10.02 02:24:12 INFO  [pool-5-thread-1]: org.jivesoftware.openfire.spi.ConnectionListener[socket_s2s-legacyMode] - Started.
2026.10.02 02:24:12 INFO  [pool-5-thread-1]: org.jivesoftware.openfire.spi.ConnectionListener[component] - Started.
2026.10.02 02:24:12 INFO  [pool-5-thread-1]: org.jivesoftware.openfire.spi.ConnectionListener[component-legacyMode] - Started.
2026.10.02 02:24:12 INFO  [pool-5-thread-1]: org.jivesoftware.openfire.spi.ConnectionListener[connection_manager] - Started.
2026.10.02 02:24:12 INFO  [pool-5-thread-1]: org.jivesoftware.openfire.spi.ConnectionListener[connection_manager-legacyMode] - Started.
2026.10.02 02:24:12 INFO  [pool-5-thread-1]: org.jivesoftware.openfire.http.HttpSessionManager - Starting instance
2026.10.02 02:24:12 INFO  [pool-5-thread-1]: org.jivesoftware.openfire.http.HttpBindManager - HTTP bind service started
2026.10.02 02:24:37 INFO  [socket_c2s-thread-3]: org.jivesoftware.util.cache.CacheFactory - Created cache [org.jivesoftware.util.cache.DefaultLocalCacheStrategy] for Locked Out Accounts
2026.10.02 02:28:20 WARN  [socket_c2s-thread-2]: org.jivesoftware.openfire.nio.ConnectionHandler - Closing connection due to exception in session: (0x00000002: nio socket, server, null => 0.0.0.0/0.0.0.0:5222)
java.io.IOException: Se ha forzado la interrupción de una conexión existente por el host remoto
	at sun.nio.ch.SocketDispatcher.read0(Native Method) ~[?:?]
	at sun.nio.ch.SocketDispatcher.read(SocketDispatcher.java:43) ~[?:?]
	at sun.nio.ch.IOUtil.readIntoNativeBuffer(IOUtil.java:276) ~[?:?]
	at sun.nio.ch.IOUtil.read(IOUtil.java:245) ~[?:?]
	at sun.nio.ch.IOUtil.read(IOUtil.java:223) ~[?:?]
	at sun.nio.ch.SocketChannelImpl.read(SocketChannelImpl.java:356) ~[?:?]
	at org.apache.mina.transport.socket.nio.NioProcessor.read(NioProcessor.java:378) ~[mina-core-2.1.3.jar:?]
	at org.apache.mina.transport.socket.nio.NioProcessor.read(NioProcessor.java:47) ~[mina-core-2.1.3.jar:?]
	at org.apache.mina.core.polling.AbstractPollingIoProcessor.read(AbstractPollingIoProcessor.java:519) ~[mina-core-2.1.3.jar:?]
	at org.apache.mina.core.polling.AbstractPollingIoProcessor.access$1200(AbstractPollingIoProcessor.java:68) ~[mina-core-2.1.3.jar:?]
	at org.apache.mina.core.polling.AbstractPollingIoProcessor$Processor.process(AbstractPollingIoProcessor.java:1222) ~[mina-core-2.1.3.jar:?]
	at org.apache.mina.core.polling.AbstractPollingIoProcessor$Processor.process(AbstractPollingIoProcessor.java:1211) ~[mina-core-2.1.3.jar:?]
	at org.apache.mina.core.polling.AbstractPollingIoProcessor$Processor.run(AbstractPollingIoProcessor.java:683) ~[mina-core-2.1.3.jar:?]
	at org.apache.mina.util.NamePreservingRunnable.run(NamePreservingRunnable.java:64) ~[mina-core-2.1.3.jar:?]
	at java.util.concurrent.ThreadPoolExecutor.runWorker(ThreadPoolExecutor.java:1128) ~[?:?]
	at java.util.concurrent.ThreadPoolExecutor$Worker.run(ThreadPoolExecutor.java:628) ~[?:?]
	at java.lang.Thread.run(Thread.java:829) [?:?]
