2026.09.02 21:39:01 org.jivesoftware.openfire.XMPPServer - Registering shutdown hook (standalone mode)
2026.09.02 21:39:01 org.jivesoftware.util.cache.CacheFactory - Created cache [org.jivesoftware.util.cache.DefaultLocalCacheStrategy] for Routing Servers Cache
2026.09.02 21:39:01 org.jivesoftware.util.cache.CacheFactory - Created cache [org.jivesoftware.util.cache.DefaultLocalCacheStrategy] for Routing Components Cache
2026.09.02 21:39:01 org.jivesoftware.util.cache.CacheFactory - Created cache [org.jivesoftware.util.cache.DefaultLocalCacheStrategy] for Routing Users Cache
2026.09.02 21:39:01 org.jivesoftware.util.cache.CacheFactory - Created cache [org.jivesoftware.util.cache.DefaultLocalCacheStrategy] for Routing AnonymousUsers Cache
2026.09.02 21:39:01 org.jivesoftware.util.cache.CacheFactory - Created cache [org.jivesoftware.util.cache.DefaultLocalCacheStrategy] for Routing User Sessions
2026.09.02 21:39:01 org.jivesoftware.util.cache.CacheFactory - Created cache [org.jivesoftware.util.cache.DefaultLocalCacheStrategy] for Roster
2026.09.02 21:39:01 org.jivesoftware.util.cache.CacheFactory - Created cache [org.jivesoftware.util.cache.DefaultLocalCacheStrategy] for RosterItems
2026.09.02 21:39:01 org.jivesoftware.util.cache.CacheFactory - Created cache [org.jivesoftware.util.cache.DefaultLocalCacheStrategy] for Multicast Service
2026.09.02 21:39:01 org.jivesoftware.util.cache.CacheFactory - Created cache [org.jivesoftware.util.cache.DefaultLocalCacheStrategy] for Offline Message Size
2026.09.02 21:39:01 org.jivesoftware.util.cache.CacheFactory - Created cache [org.jivesoftware.util.cache.DefaultLocalCacheStrategy] for VCard
2026.09.02 21:39:01 org.jivesoftware.util.cache.CacheFactory - Created cache [org.jivesoftware.util.cache.DefaultLocalCacheStrategy] for Privacy Lists
2026.09.02 21:39:01 org.jivesoftware.util.cache.CacheFactory - Created cache [org.jivesoftware.util.cache.DefaultLocalCacheStrategy] for File Transfer Cache
2026.09.02 21:39:01 org.jivesoftware.util.cache.CacheFactory - Created cache [org.jivesoftware.util.cache.DefaultLocalCacheStrategy] for Offline Presence Cache
2026.09.02 21:39:01 org.jivesoftware.util.cache.CacheFactory - Created cache [org.jivesoftware.util.cache.DefaultLocalCacheStrategy] for Last Activity Cache
2026.09.02 21:39:01 org.jivesoftware.util.cache.CacheFactory - Created cache [org.jivesoftware.util.cache.DefaultLocalCacheStrategy] for User
2026.09.02 21:39:01 org.jivesoftware.util.cache.CacheFactory - Created cache [org.jivesoftware.util.cache.DefaultLocalCacheStrategy] for Remote Users Existence
2026.09.02 21:39:01 org.jivesoftware.util.cache.CacheFactory - Created cache [org.jivesoftware.util.cache.DefaultLocalCacheStrategy] for Components Sessions
2026.09.02 21:39:01 org.jivesoftware.util.cache.CacheFactory - Created cache [org.jivesoftware.util.cache.DefaultLocalCacheStrategy] for Connection Managers Sessions
2026.09.02 21:39:01 org.jivesoftware.util.cache.CacheFactory - Created cache [org.jivesoftware.util.cache.DefaultLocalCacheStrategy] for Incoming Server Sessions
2026.09.02 21:39:01 org.jivesoftware.util.cache.CacheFactory - Created cache [org.jivesoftware.util.cache.DefaultLocalCacheStrategy] for Sessions by Hostname
2026.09.02 21:39:01 org.jivesoftware.util.cache.CacheFactory - Created cache [org.jivesoftware.util.cache.DefaultLocalCacheStrategy] for Validated Domains
2026.09.02 21:39:01 org.jivesoftware.util.cache.CacheFactory - Created cache [org.jivesoftware.util.cache.DefaultLocalCacheStrategy] for Client Session Info Cache
2026.09.02 21:39:01 org.jivesoftware.util.cache.CacheFactory - Created cache [org.jivesoftware.util.cache.DefaultLocalCacheStrategy] for Directed Presences
2026.09.02 21:39:01 org.jivesoftware.util.cache.CacheFactory - Created local-only cache [org.jivesoftware.util.cache.DefaultLocalCacheStrategy] for PEPServiceManager
2026.09.02 21:39:01 org.jivesoftware.util.cache.CacheFactory - Created cache [org.jivesoftware.util.cache.DefaultLocalCacheStrategy] for File Transfer
2026.09.02 21:39:01 org.jivesoftware.util.cache.CacheFactory - Created cache [org.jivesoftware.util.cache.DefaultLocalCacheStrategy] for Published Items
2026.09.02 21:39:01 org.jivesoftware.util.cache.CacheFactory - Created cache [org.jivesoftware.util.cache.DefaultLocalCacheStrategy] for Disco Server Features
2026.09.02 21:39:01 org.jivesoftware.util.cache.CacheFactory - Created cache [org.jivesoftware.util.cache.DefaultLocalCacheStrategy] for Disco Server Items
2026.09.02 21:39:01 org.jivesoftware.util.cache.CacheFactory - Created cache [org.jivesoftware.util.cache.DefaultLocalCacheStrategy] for Components
2026.09.02 21:39:01 org.jivesoftware.util.cache.CacheFactory - Created local-only cache [org.jivesoftware.util.cache.DefaultLocalCacheStrategy] for Entity Capabilities
2026.09.02 21:39:01 org.jivesoftware.util.cache.CacheFactory - Created local-only cache [org.jivesoftware.util.cache.DefaultLocalCacheStrategy] for Entity Capabilities Users
2026.09.02 21:39:01 org.jivesoftware.util.cache.CacheFactory - Created cache [org.jivesoftware.util.cache.DefaultLocalCacheStrategy] for Group
2026.09.02 21:39:01 org.jivesoftware.util.cache.CacheFactory - Created cache [org.jivesoftware.util.cache.DefaultLocalCacheStrategy] for Group Metadata Cache
2026.09.02 21:39:01 org.jivesoftware.openfire.pubsub.PubSubModule - Dominio de Publicar-Suscribir: pubsub.127.0.0.1
2026.09.02 21:39:01 org.jivesoftware.openfire.muc.spi.MultiUserChatServiceImpl - Dominio de Chat Multi-usuario: conference.127.0.0.1
2026.09.02 21:39:01 org.jivesoftware.openfire.XMPPServer - Openfire 4.5.0 Alpha [Sep 2, 2026, 9:39:01 PM]
2026.09.02 21:39:02 org.jivesoftware.openfire.XMPPServer - Accessing SystemProperty field org.jivesoftware.openfire.auth.AuthFactory#PASSWORD_KEY
2026.09.02 21:39:02 org.jivesoftware.openfire.XMPPServer - Accessing SystemProperty field org.jivesoftware.openfire.auth.AuthFactory#AUTH_PROVIDER
2026.09.02 21:39:02 org.jivesoftware.openfire.XMPPServer - Accessing SystemProperty field org.jivesoftware.openfire.sasl.ScramSha1SaslServer#ITERATION_COUNT
2026.09.02 21:39:02 org.jivesoftware.openfire.XMPPServer - Accessing SystemProperty field org.jivesoftware.openfire.vcard.VCardManager#VCARD_PROVIDER
2026.09.02 21:39:02 org.jivesoftware.openfire.XMPPServer - Accessing SystemProperty field org.jivesoftware.openfire.auth.HybridAuthProvider#PRIMARY_PROVIDER
2026.09.02 21:39:02 org.jivesoftware.openfire.XMPPServer - Accessing SystemProperty field org.jivesoftware.openfire.auth.HybridAuthProvider#SECONDARY_PROVIDER
2026.09.02 21:39:02 org.jivesoftware.openfire.XMPPServer - Accessing SystemProperty field org.jivesoftware.openfire.auth.HybridAuthProvider#TERTIARY_PROVIDER
2026.09.02 21:39:02 org.jivesoftware.openfire.XMPPServer - Accessing SystemProperty field org.jivesoftware.openfire.lockout.LockOutManager#LOCKOUT_PROVIDER
2026.09.02 21:39:02 org.jivesoftware.openfire.XMPPServer - Accessing SystemProperty field org.jivesoftware.openfire.user.UserManager#USER_PROVIDER
2026.09.02 21:39:02 org.jivesoftware.openfire.XMPPServer - Accessing SystemProperty field org.jivesoftware.openfire.user.UserManager#REMOTE_DISCO_INFO_TIMEOUT
2026.09.02 21:39:02 org.jivesoftware.openfire.XMPPServer - Accessing SystemProperty field org.jivesoftware.openfire.user.UserManager#USER_PROPERTY_PROVIDER
2026.09.02 21:39:02 org.jivesoftware.openfire.XMPPServer - Accessing SystemProperty field org.jivesoftware.openfire.SessionManager#CONFLICT_LIMIT
2026.09.02 21:39:02 org.jivesoftware.openfire.XMPPServer - Accessing SystemProperty field org.jivesoftware.openfire.group.GroupManager#GROUP_PROVIDER
2026.09.02 21:39:02 org.jivesoftware.openfire.XMPPServer - Accessing SystemProperty field org.jivesoftware.openfire.muc.spi.IQMuclumbusSearchHandler#PROPERTY_ENABLED
2026.09.02 21:39:02 org.jivesoftware.openfire.XMPPServer - Accessing SystemProperty field org.jivesoftware.openfire.sasl.AnonymousSaslServer#ENABLED
2026.09.02 21:39:02 org.jivesoftware.openfire.XMPPServer - Accessing SystemProperty field org.jivesoftware.openfire.net.SASLAuthentication#SKIP_PEER_CERT_REVALIDATION_CLIENT
2026.09.02 21:39:02 org.jivesoftware.openfire.net.SASLAuthentication - Support added for the 'ANONYMOUS' SASL mechanism.
2026.09.02 21:39:02 org.jivesoftware.openfire.net.SASLAuthentication - Support added for the 'PLAIN' SASL mechanism.
2026.09.02 21:39:02 org.jivesoftware.openfire.net.SASLAuthentication - Support added for the 'DIGEST-MD5' SASL mechanism.
2026.09.02 21:39:02 org.jivesoftware.openfire.net.SASLAuthentication - Support added for the 'CRAM-MD5' SASL mechanism.
2026.09.02 21:39:02 org.jivesoftware.openfire.net.SASLAuthentication - Support added for the 'SCRAM-SHA-1' SASL mechanism.
2026.09.02 21:39:02 org.jivesoftware.openfire.net.SASLAuthentication - Support added for the 'JIVE-SHAREDSECRET' SASL mechanism.
2026.09.02 21:39:02 org.jivesoftware.openfire.net.SASLAuthentication - Support added for the 'GSSAPI' SASL mechanism.
2026.09.02 21:39:02 org.jivesoftware.openfire.net.SASLAuthentication - Support added for the 'EXTERNAL' SASL mechanism.
2026.09.02 21:39:02 org.jivesoftware.openfire.XMPPServer - Accessing SystemProperty field org.jivesoftware.openfire.XMPPServerInfo#XMPP_DOMAIN
2026.09.02 21:39:02 org.jivesoftware.openfire.XMPPServer - Accessing SystemProperty field org.jivesoftware.openfire.sasl.ExternalClientSaslServer#PROPERTY_SASL_EXTERNAL_CLIENT_SUPPRESS_MATCHING_REALMNAME
2026.09.02 21:39:02 org.jivesoftware.openfire.XMPPServer - Accessing SystemProperty field org.jivesoftware.openfire.admin.AdminManager#ADMIN_PROVIDER
2026.09.02 21:39:02 org.jivesoftware.openfire.XMPPServer - Accessing SystemProperty field org.jivesoftware.openfire.security.SecurityAuditManager#AUDIT_PROVIDER
2026.09.02 21:39:02 org.jivesoftware.openfire.XMPPServer - Accessing SystemProperty field org.jivesoftware.openfire.admin.DefaultAdminProvider#ADMIN_JIDS
2026.09.02 21:39:02 org.jivesoftware.openfire.XMPPServer - Accessing SystemProperty field org.jivesoftware.openfire.cluster.ClusterMonitor#ENABLED
2026.09.02 21:39:02 org.jivesoftware.util.cache.CacheFactory - Created cache [org.jivesoftware.util.cache.DefaultLocalCacheStrategy] for Favicon Misses
2026.09.02 21:39:02 org.jivesoftware.util.cache.CacheFactory - Created cache [org.jivesoftware.util.cache.DefaultLocalCacheStrategy] for Favicon Hits
2026.09.02 21:39:02 org.jivesoftware.openfire.XMPPServer - Accessing SystemProperty field org.jivesoftware.openfire.ldap.LdapVCardProvider#STORE_AVATAR_IN_DB
2026.09.02 21:39:02 org.jivesoftware.openfire.XMPPServer - Accessing SystemProperty field org.jivesoftware.openfire.spi.EncryptionArtifactFactory#TRUST_MANAGER_CLASS
2026.09.02 21:39:02 org.jivesoftware.openfire.XMPPServer - Accessing SystemProperty field org.jivesoftware.openfire.update.UpdateManager#ENABLED
2026.09.02 21:39:02 org.jivesoftware.openfire.XMPPServer - Accessing SystemProperty field org.jivesoftware.openfire.update.UpdateManager#NOTIFY_ADMINS
2026.09.02 21:39:02 org.jivesoftware.openfire.XMPPServer - Accessing SystemProperty field org.jivesoftware.openfire.update.UpdateManager#LAST_UPDATE_CHECK
2026.09.02 21:39:02 org.jivesoftware.openfire.XMPPServer - Accessing SystemProperty field org.jivesoftware.openfire.update.UpdateManager#UPDATE_FREQUENCY
2026.09.02 21:39:02 org.jivesoftware.openfire.XMPPServer - Accessing SystemProperty field org.jivesoftware.openfire.update.UpdateManager#PROXY_HOST
2026.09.02 21:39:02 org.jivesoftware.openfire.XMPPServer - Accessing SystemProperty field org.jivesoftware.openfire.update.UpdateManager#PROXY_PORT
2026.09.02 21:39:02 org.jivesoftware.openfire.container.AdminConsolePlugin - Consola de administración escuchando en http://127.0.0.1:9090
2026.09.02 21:39:02 org.jivesoftware.openfire.container.PluginManager - Successfully loaded plugin 'admin'.
2026.09.02 21:39:02 org.jivesoftware.openfire.container.PluginManager - Successfully loaded plugin 'nonsaslauthentication'.
2026.09.02 21:39:02 org.jivesoftware.openfire.container.PluginManager - Successfully loaded plugin 'search'.
2026.09.02 21:39:03 org.jivesoftware.openfire.container.PluginManager - Successfully loaded plugin 'restapi'.
2026.09.02 21:39:03 org.jivesoftware.openfire.container.PluginMonitor - Finished processing all plugins.
2026.09.02 21:39:03 org.jivesoftware.openfire.spi.ConnectionListener[socket_c2s] - Started.
2026.09.02 21:39:03 org.jivesoftware.openfire.spi.ConnectionListener[socket_c2s-legacyMode] - Started.
2026.09.02 21:39:03 org.jivesoftware.openfire.spi.ConnectionListener[socket_s2s] - Started.
2026.09.02 21:39:03 org.jivesoftware.openfire.spi.ConnectionListener[socket_s2s-legacyMode] - Started.
2026.09.02 21:39:03 org.jivesoftware.openfire.spi.ConnectionListener[component] - Started.
2026.09.02 21:39:03 org.jivesoftware.openfire.spi.ConnectionListener[component-legacyMode] - Started.
2026.09.02 21:39:03 org.jivesoftware.openfire.spi.ConnectionListener[connection_manager] - Started.
2026.09.02 21:39:03 org.jivesoftware.openfire.spi.ConnectionListener[connection_manager-legacyMode] - Started.
2026.09.02 21:39:03 org.jivesoftware.openfire.http.HttpSessionManager - Starting instance
2026.09.02 21:39:03 org.jivesoftware.openfire.http.HttpBindManager - HTTP bind service started
2026.09.02 21:39:28 org.jivesoftware.util.cache.CacheFactory - Created cache [org.jivesoftware.util.cache.DefaultLocalCacheStrategy] for Locked Out Accounts
2026.09.03 02:12:07 org.jivesoftware.openfire.XMPPServer - Registering shutdown hook (standalone mode)
2026.09.03 02:12:07 hsqldb.db.HSQLDBA0638C63BF.ENGINE - checkpointClose start
2026.09.03 02:12:07 hsqldb.db.HSQLDBA0638C63BF.ENGINE - checkpointClose synched
2026.09.03 02:12:07 hsqldb.db.HSQLDBA0638C63BF.ENGINE - checkpointClose script done
2026.09.03 02:12:07 hsqldb.db.HSQLDBA0638C63BF.ENGINE - checkpointClose end
2026.09.03 02:12:07 org.jivesoftware.util.cache.CacheFactory - Created cache [org.jivesoftware.util.cache.DefaultLocalCacheStrategy] for Routing Servers Cache
2026.09.03 02:12:07 org.jivesoftware.util.cache.CacheFactory - Created cache [org.jivesoftware.util.cache.DefaultLocalCacheStrategy] for Routing Components Cache
2026.09.03 02:12:07 org.jivesoftware.util.cache.CacheFactory - Created cache [org.jivesoftware.util.cache.DefaultLocalCacheStrategy] for Routing Users Cache
2026.09.03 02:12:07 org.jivesoftware.util.cache.CacheFactory - Created cache [org.jivesoftware.util.cache.DefaultLocalCacheStrategy] for Routing AnonymousUsers Cache
2026.09.03 02:12:07 org.jivesoftware.util.cache.CacheFactory - Created cache [org.jivesoftware.util.cache.DefaultLocalCacheStrategy] for Routing User Sessions
2026.09.03 02:12:07 org.jivesoftware.util.cache.CacheFactory - Created cache [org.jivesoftware.util.cache.DefaultLocalCacheStrategy] for Roster
2026.09.03 02:12:07 org.jivesoftware.util.cache.CacheFactory - Created cache [org.jivesoftware.util.cache.DefaultLocalCacheStrategy] for RosterItems
2026.09.03 02:12:07 org.jivesoftware.util.cache.CacheFactory - Created cache [org.jivesoftware.util.cache.DefaultLocalCacheStrategy] for Multicast Service
2026.09.03 02:12:07 org.jivesoftware.util.cache.CacheFactory - Created cache [org.jivesoftware.util.cache.DefaultLocalCacheStrategy] for Offline Message Size
2026.09.03 02:12:07 org.jivesoftware.util.cache.CacheFactory - Created cache [org.jivesoftware.util.cache.DefaultLocalCacheStrategy] for VCard
2026.09.03 02:12:07 org.jivesoftware.util.cache.CacheFactory - Created cache [org.jivesoftware.util.cache.DefaultLocalCacheStrategy] for Privacy Lists
2026.09.03 02:12:07 org.jivesoftware.util.cache.CacheFactory - Created cache [org.jivesoftware.util.cache.DefaultLocalCacheStrategy] for File Transfer Cache
2026.09.03 02:12:08 org.jivesoftware.util.cache.CacheFactory - Created cache [org.jivesoftware.util.cache.DefaultLocalCacheStrategy] for Offline Presence Cache
2026.09.03 02:12:08 org.jivesoftware.util.cache.CacheFactory - Created cache [org.jivesoftware.util.cache.DefaultLocalCacheStrategy] for Last Activity Cache
2026.09.03 02:12:08 org.jivesoftware.util.cache.CacheFactory - Created cache [org.jivesoftware.util.cache.DefaultLocalCacheStrategy] for User
2026.09.03 02:12:08 org.jivesoftware.util.cache.CacheFactory - Created cache [org.jivesoftware.util.cache.DefaultLocalCacheStrategy] for Remote Users Existence
2026.09.03 02:12:08 org.jivesoftware.util.cache.CacheFactory - Created cache [org.jivesoftware.util.cache.DefaultLocalCacheStrategy] for Components Sessions
2026.09.03 02:12:08 org.jivesoftware.util.cache.CacheFactory - Created cache [org.jivesoftware.util.cache.DefaultLocalCacheStrategy] for Connection Managers Sessions
2026.09.03 02:12:08 org.jivesoftware.util.cache.CacheFactory - Created cache [org.jivesoftware.util.cache.DefaultLocalCacheStrategy] for Incoming Server Sessions
2026.09.03 02:12:08 org.jivesoftware.util.cache.CacheFactory - Created cache [org.jivesoftware.util.cache.DefaultLocalCacheStrategy] for Sessions by Hostname
2026.09.03 02:12:08 org.jivesoftware.util.cache.CacheFactory - Created cache [org.jivesoftware.util.cache.DefaultLocalCacheStrategy] for Validated Domains
2026.09.03 02:12:08 org.jivesoftware.util.cache.CacheFactory - Created cache [org.jivesoftware.util.cache.DefaultLocalCacheStrategy] for Client Session Info Cache
2026.09.03 02:12:08 org.jivesoftware.util.cache.CacheFactory - Created cache [org.jivesoftware.util.cache.DefaultLocalCacheStrategy] for Directed Presences
2026.09.03 02:12:08 org.jivesoftware.util.cache.CacheFactory - Created local-only cache [org.jivesoftware.util.cache.DefaultLocalCacheStrategy] for PEPServiceManager
2026.09.03 02:12:08 org.jivesoftware.util.cache.CacheFactory - Created cache [org.jivesoftware.util.cache.DefaultLocalCacheStrategy] for File Transfer
2026.09.03 02:12:08 org.jivesoftware.util.cache.CacheFactory - Created cache [org.jivesoftware.util.cache.DefaultLocalCacheStrategy] for Published Items
2026.09.03 02:12:08 org.jivesoftware.util.cache.CacheFactory - Created cache [org.jivesoftware.util.cache.DefaultLocalCacheStrategy] for Disco Server Features
2026.09.03 02:12:08 org.jivesoftware.util.cache.CacheFactory - Created cache [org.jivesoftware.util.cache.DefaultLocalCacheStrategy] for Disco Server Items
2026.09.03 02:12:08 org.jivesoftware.util.cache.CacheFactory - Created cache [org.jivesoftware.util.cache.DefaultLocalCacheStrategy] for Components
2026.09.03 02:12:08 org.jivesoftware.util.cache.CacheFactory - Created local-only cache [org.jivesoftware.util.cache.DefaultLocalCacheStrategy] for Entity Capabilities
2026.09.03 02:12:08 org.jivesoftware.util.cache.CacheFactory - Created local-only cache [org.jivesoftware.util.cache.DefaultLocalCacheStrategy] for Entity Capabilities Users
2026.09.03 02:12:08 org.jivesoftware.util.cache.CacheFactory - Created cache [org.jivesoftware.util.cache.DefaultLocalCacheStrategy] for Group
2026.09.03 02:12:08 org.jivesoftware.util.cache.CacheFactory - Created cache [org.jivesoftware.util.cache.DefaultLocalCacheStrategy] for Group Metadata Cache
2026.09.03 02:12:08 org.jivesoftware.openfire.pubsub.PubSubModule - Dominio de Publicar-Suscribir: pubsub.127.0.0.1
2026.09.03 02:12:08 org.jivesoftware.openfire.muc.spi.MultiUserChatServiceImpl - Dominio de Chat Multi-usuario: conference.127.0.0.1
2026.09.03 02:12:08 org.jivesoftware.openfire.XMPPServer - Openfire 4.5.0 Alpha [Sep 3, 2026, 2:12:08 AM]
2026.09.03 02:12:08 org.jivesoftware.openfire.XMPPServer - Accessing SystemProperty field org.jivesoftware.openfire.auth.AuthFactory#PASSWORD_KEY
2026.09.03 02:12:08 org.jivesoftware.openfire.XMPPServer - Accessing SystemProperty field org.jivesoftware.openfire.auth.AuthFactory#AUTH_PROVIDER
2026.09.03 02:12:08 org.jivesoftware.openfire.XMPPServer - Accessing SystemProperty field org.jivesoftware.openfire.sasl.ScramSha1SaslServer#ITERATION_COUNT
2026.09.03 02:12:08 org.jivesoftware.openfire.XMPPServer - Accessing SystemProperty field org.jivesoftware.openfire.vcard.VCardManager#VCARD_PROVIDER
2026.09.03 02:12:08 org.jivesoftware.openfire.XMPPServer - Accessing SystemProperty field org.jivesoftware.openfire.auth.HybridAuthProvider#PRIMARY_PROVIDER
2026.09.03 02:12:08 org.jivesoftware.openfire.XMPPServer - Accessing SystemProperty field org.jivesoftware.openfire.auth.HybridAuthProvider#SECONDARY_PROVIDER
2026.09.03 02:12:08 org.jivesoftware.openfire.XMPPServer - Accessing SystemProperty field org.jivesoftware.openfire.auth.HybridAuthProvider#TERTIARY_PROVIDER
2026.09.03 02:12:08 org.jivesoftware.openfire.XMPPServer - Accessing SystemProperty field org.jivesoftware.openfire.lockout.LockOutManager#LOCKOUT_PROVIDER
2026.09.03 02:12:08 org.jivesoftware.openfire.XMPPServer - Accessing SystemProperty field org.jivesoftware.openfire.user.UserManager#USER_PROVIDER
2026.09.03 02:12:08 org.jivesoftware.openfire.XMPPServer - Accessing SystemProperty field org.jivesoftware.openfire.user.UserManager#REMOTE_DISCO_INFO_TIMEOUT
2026.09.03 02:12:08 org.jivesoftware.openfire.XMPPServer - Accessing SystemProperty field org.jivesoftware.openfire.user.UserManager#USER_PROPERTY_PROVIDER
2026.09.03 02:12:08 org.jivesoftware.openfire.XMPPServer - Accessing SystemProperty field org.jivesoftware.openfire.SessionManager#CONFLICT_LIMIT
2026.09.03 02:12:08 org.jivesoftware.openfire.XMPPServer - Accessing SystemProperty field org.jivesoftware.openfire.group.GroupManager#GROUP_PROVIDER
2026.09.03 02:12:08 org.jivesoftware.openfire.XMPPServer - Accessing SystemProperty field org.jivesoftware.openfire.muc.spi.IQMuclumbusSearchHandler#PROPERTY_ENABLED
2026.09.03 02:12:08 org.jivesoftware.openfire.XMPPServer - Accessing SystemProperty field org.jivesoftware.openfire.sasl.AnonymousSaslServer#ENABLED
2026.09.03 02:12:08 org.jivesoftware.openfire.XMPPServer - Accessing SystemProperty field org.jivesoftware.openfire.net.SASLAuthentication#SKIP_PEER_CERT_REVALIDATION_CLIENT
2026.09.03 02:12:08 org.jivesoftware.openfire.net.SASLAuthentication - Support added for the 'ANONYMOUS' SASL mechanism.
2026.09.03 02:12:08 org.jivesoftware.openfire.net.SASLAuthentication - Support added for the 'PLAIN' SASL mechanism.
2026.09.03 02:12:08 org.jivesoftware.openfire.net.SASLAuthentication - Support added for the 'DIGEST-MD5' SASL mechanism.
2026.09.03 02:12:08 org.jivesoftware.openfire.net.SASLAuthentication - Support added for the 'CRAM-MD5' SASL mechanism.
2026.09.03 02:12:08 org.jivesoftware.openfire.net.SASLAuthentication - Support added for the 'SCRAM-SHA-1' SASL mechanism.
2026.09.03 02:12:08 org.jivesoftware.openfire.net.SASLAuthentication - Support added for the 'JIVE-SHAREDSECRET' SASL mechanism.
2026.09.03 02:12:08 org.jivesoftware.openfire.net.SASLAuthentication - Support added for the 'GSSAPI' SASL mechanism.
2026.09.03 02:12:08 org.jivesoftware.openfire.net.SASLAuthentication - Support added for the 'EXTERNAL' SASL mechanism.
2026.09.03 02:12:08 org.jivesoftware.openfire.XMPPServer - Accessing SystemProperty field org.jivesoftware.openfire.XMPPServerInfo#XMPP_DOMAIN
2026.09.03 02:12:08 org.jivesoftware.openfire.XMPPServer - Accessing SystemProperty field org.jivesoftware.openfire.sasl.ExternalClientSaslServer#PROPERTY_SASL_EXTERNAL_CLIENT_SUPPRESS_MATCHING_REALMNAME
2026.09.03 02:12:08 org.jivesoftware.openfire.XMPPServer - Accessing SystemProperty field org.jivesoftware.openfire.admin.AdminManager#ADMIN_PROVIDER
2026.09.03 02:12:08 org.jivesoftware.util.cache.CacheFactory - Created cache [org.jivesoftware.util.cache.DefaultLocalCacheStrategy] for Favicon Misses
2026.09.03 02:12:08 org.jivesoftware.util.cache.CacheFactory - Created cache [org.jivesoftware.util.cache.DefaultLocalCacheStrategy] for Favicon Hits
2026.09.03 02:12:08 org.jivesoftware.openfire.container.AdminConsolePlugin - Consola de administración escuchando en http://127.0.0.1:9090
2026.09.03 02:12:08 org.jivesoftware.openfire.XMPPServer - Accessing SystemProperty field org.jivesoftware.openfire.security.SecurityAuditManager#AUDIT_PROVIDER
2026.09.03 02:12:08 org.jivesoftware.openfire.XMPPServer - Accessing SystemProperty field org.jivesoftware.openfire.admin.DefaultAdminProvider#ADMIN_JIDS
2026.09.03 02:12:08 org.jivesoftware.openfire.XMPPServer - Accessing SystemProperty field org.jivesoftware.openfire.cluster.ClusterMonitor#ENABLED
2026.09.03 02:12:08 org.jivesoftware.openfire.XMPPServer - Accessing SystemProperty field org.jivesoftware.openfire.ldap.LdapVCardProvider#STORE_AVATAR_IN_DB
2026.09.03 02:12:08 org.jivesoftware.openfire.XMPPServer - Accessing SystemProperty field org.jivesoftware.openfire.spi.EncryptionArtifactFactory#TRUST_MANAGER_CLASS
2026.09.03 02:12:08 org.jivesoftware.openfire.XMPPServer - Accessing SystemProperty field org.jivesoftware.openfire.update.UpdateManager#ENABLED
2026.09.03 02:12:08 org.jivesoftware.openfire.XMPPServer - Accessing SystemProperty field org.jivesoftware.openfire.update.UpdateManager#NOTIFY_ADMINS
2026.09.03 02:12:08 org.jivesoftware.openfire.XMPPServer - Accessing SystemProperty field org.jivesoftware.openfire.update.UpdateManager#LAST_UPDATE_CHECK
2026.09.03 02:12:08 org.jivesoftware.openfire.XMPPServer - Accessing SystemProperty field org.jivesoftware.openfire.update.UpdateManager#UPDATE_FREQUENCY
2026.09.03 02:12:08 org.jivesoftware.openfire.XMPPServer - Accessing SystemProperty field org.jivesoftware.openfire.update.UpdateManager#PROXY_HOST
2026.09.03 02:12:08 org.jivesoftware.openfire.XMPPServer - Accessing SystemProperty field org.jivesoftware.openfire.update.UpdateManager#PROXY_PORT
2026.09.03 02:12:08 org.jivesoftware.openfire.container.PluginManager - Successfully loaded plugin 'admin'.
2026.09.03 02:12:08 org.jivesoftware.openfire.container.PluginManager - Successfully loaded plugin 'nonsaslauthentication'.
2026.09.03 02:12:09 org.jivesoftware.openfire.container.PluginManager - Successfully loaded plugin 'search'.
2026.09.03 02:12:09 org.jivesoftware.openfire.container.PluginManager - Successfully loaded plugin 'restapi'.
2026.09.03 02:12:09 org.jivesoftware.openfire.container.PluginMonitor - Finished processing all plugins.
2026.09.03 02:12:09 org.jivesoftware.openfire.spi.ConnectionListener[socket_c2s] - Started.
2026.09.03 02:12:09 org.jivesoftware.openfire.spi.ConnectionListener[socket_c2s-legacyMode] - Started.
2026.09.03 02:12:09 org.jivesoftware.openfire.spi.ConnectionListener[socket_s2s] - Started.
2026.09.03 02:12:09 org.jivesoftware.openfire.spi.ConnectionListener[socket_s2s-legacyMode] - Started.
2026.09.03 02:12:09 org.jivesoftware.openfire.spi.ConnectionListener[component] - Started.
2026.09.03 02:12:09 org.jivesoftware.openfire.spi.ConnectionListener[component-legacyMode] - Started.
2026.09.03 02:12:09 org.jivesoftware.openfire.spi.ConnectionListener[connection_manager] - Started.
2026.09.03 02:12:09 org.jivesoftware.openfire.spi.ConnectionListener[connection_manager-legacyMode] - Started.
2026.09.03 02:12:09 org.jivesoftware.openfire.http.HttpSessionManager - Starting instance
2026.09.03 02:12:09 org.jivesoftware.openfire.http.HttpBindManager - HTTP bind service started
2026.09.03 02:12:35 org.jivesoftware.util.cache.CacheFactory - Created cache [org.jivesoftware.util.cache.DefaultLocalCacheStrategy] for Locked Out Accounts
2026.09.03 02:14:59 org.jivesoftware.openfire.XMPPServer - Registering shutdown hook (standalone mode)
2026.09.03 02:14:59 hsqldb.db.HSQLDBA0638C63BF.ENGINE - checkpointClose start
2026.09.03 02:14:59 hsqldb.db.HSQLDBA0638C63BF.ENGINE - checkpointClose synched
2026.09.03 02:14:59 hsqldb.db.HSQLDBA0638C63BF.ENGINE - checkpointClose script done
2026.09.03 02:14:59 hsqldb.db.HSQLDBA0638C63BF.ENGINE - checkpointClose end
2026.09.03 02:14:59 org.jivesoftware.util.cache.CacheFactory - Created cache [org.jivesoftware.util.cache.DefaultLocalCacheStrategy] for Routing Servers Cache
2026.09.03 02:14:59 org.jivesoftware.util.cache.CacheFactory - Created cache [org.jivesoftware.util.cache.DefaultLocalCacheStrategy] for Routing Components Cache
2026.09.03 02:14:59 org.jivesoftware.util.cache.CacheFactory - Created cache [org.jivesoftware.util.cache.DefaultLocalCacheStrategy] for Routing Users Cache
2026.09.03 02:14:59 org.jivesoftware.util.cache.CacheFactory - Created cache [org.jivesoftware.util.cache.DefaultLocalCacheStrategy] for Routing AnonymousUsers Cache
2026.09.03 02:14:59 org.jivesoftware.util.cache.CacheFactory - Created cache [org.jivesoftware.util.cache.DefaultLocalCacheStrategy] for Routing User Sessions
2026.09.03 02:14:59 org.jivesoftware.util.cache.CacheFactory - Created cache [org.jivesoftware.util.cache.DefaultLocalCacheStrategy] for Roster
2026.09.03 02:14:59 org.jivesoftware.util.cache.CacheFactory - Created cache [org.jivesoftware.util.cache.DefaultLocalCacheStrategy] for RosterItems
2026.09.03 02:14:59 org.jivesoftware.util.cache.CacheFactory - Created cache [org.jivesoftware.util.cache.DefaultLocalCacheStrategy] for Multicast Service
2026.09.03 02:14:59 org.jivesoftware.util.cache.CacheFactory - Created cache [org.jivesoftware.util.cache.DefaultLocalCacheStrategy] for Offline Message Size
2026.09.03 02:14:59 org.jivesoftware.util.cache.CacheFactory - Created cache [org.jivesoftware.util.cache.DefaultLocalCacheStrategy] for VCard
2026.09.03 02:14:59 org.jivesoftware.util.cache.CacheFactory - Created cache [org.jivesoftware.util.cache.DefaultLocalCacheStrategy] for Privacy Lists
2026.09.03 02:14:59 org.jivesoftware.util.cache.CacheFactory - Created cache [org.jivesoftware.util.cache.DefaultLocalCacheStrategy] for File Transfer Cache
2026.09.03 02:14:59 org.jivesoftware.util.cache.CacheFactory - Created cache [org.jivesoftware.util.cache.DefaultLocalCacheStrategy] for Offline Presence Cache
2026.09.03 02:14:59 org.jivesoftware.util.cache.CacheFactory - Created cache [org.jivesoftware.util.cache.DefaultLocalCacheStrategy] for Last Activity Cache
2026.09.03 02:14:59 org.jivesoftware.util.cache.CacheFactory - Created cache [org.jivesoftware.util.cache.DefaultLocalCacheStrategy] for User
2026.09.03 02:14:59 org.jivesoftware.util.cache.CacheFactory - Created cache [org.jivesoftware.util.cache.DefaultLocalCacheStrategy] for Remote Users Existence
2026.09.03 02:14:59 org.jivesoftware.util.cache.CacheFactory - Created cache [org.jivesoftware.util.cache.DefaultLocalCacheStrategy] for Components Sessions
2026.09.03 02:14:59 org.jivesoftware.util.cache.CacheFactory - Created cache [org.jivesoftware.util.cache.DefaultLocalCacheStrategy] for Connection Managers Sessions
2026.09.03 02:15:00 org.jivesoftware.util.cache.CacheFactory - Created cache [org.jivesoftware.util.cache.DefaultLocalCacheStrategy] for Incoming Server Sessions
2026.09.03 02:15:00 org.jivesoftware.util.cache.CacheFactory - Created cache [org.jivesoftware.util.cache.DefaultLocalCacheStrategy] for Sessions by Hostname
2026.09.03 02:15:00 org.jivesoftware.util.cache.CacheFactory - Created cache [org.jivesoftware.util.cache.DefaultLocalCacheStrategy] for Validated Domains
2026.09.03 02:15:00 org.jivesoftware.util.cache.CacheFactory - Created cache [org.jivesoftware.util.cache.DefaultLocalCacheStrategy] for Client Session Info Cache
2026.09.03 02:15:00 org.jivesoftware.util.cache.CacheFactory - Created cache [org.jivesoftware.util.cache.DefaultLocalCacheStrategy] for Directed Presences
2026.09.03 02:15:00 org.jivesoftware.util.cache.CacheFactory - Created local-only cache [org.jivesoftware.util.cache.DefaultLocalCacheStrategy] for PEPServiceManager
2026.09.03 02:15:00 org.jivesoftware.util.cache.CacheFactory - Created cache [org.jivesoftware.util.cache.DefaultLocalCacheStrategy] for File Transfer
2026.09.03 02:15:00 org.jivesoftware.util.cache.CacheFactory - Created cache [org.jivesoftware.util.cache.DefaultLocalCacheStrategy] for Published Items
2026.09.03 02:15:00 org.jivesoftware.util.cache.CacheFactory - Created cache [org.jivesoftware.util.cache.DefaultLocalCacheStrategy] for Disco Server Features
2026.09.03 02:15:00 org.jivesoftware.util.cache.CacheFactory - Created cache [org.jivesoftware.util.cache.DefaultLocalCacheStrategy] for Disco Server Items
2026.09.03 02:15:00 org.jivesoftware.util.cache.CacheFactory - Created cache [org.jivesoftware.util.cache.DefaultLocalCacheStrategy] for Components
2026.09.03 02:15:00 org.jivesoftware.util.cache.CacheFactory - Created local-only cache [org.jivesoftware.util.cache.DefaultLocalCacheStrategy] for Entity Capabilities
2026.09.03 02:15:00 org.jivesoftware.util.cache.CacheFactory - Created local-only cache [org.jivesoftware.util.cache.DefaultLocalCacheStrategy] for Entity Capabilities Users
2026.09.03 02:15:00 org.jivesoftware.util.cache.CacheFactory - Created cache [org.jivesoftware.util.cache.DefaultLocalCacheStrategy] for Group
2026.09.03 02:15:00 org.jivesoftware.util.cache.CacheFactory - Created cache [org.jivesoftware.util.cache.DefaultLocalCacheStrategy] for Group Metadata Cache
2026.09.03 02:15:00 org.jivesoftware.openfire.pubsub.PubSubModule - Dominio de Publicar-Suscribir: pubsub.127.0.0.1
2026.09.03 02:15:00 org.jivesoftware.openfire.muc.spi.MultiUserChatServiceImpl - Dominio de Chat Multi-usuario: conference.127.0.0.1
2026.09.03 02:15:00 org.jivesoftware.openfire.XMPPServer - Openfire 4.5.0 Alpha [Sep 3, 2026, 2:15:00 AM]
2026.09.03 02:15:00 org.jivesoftware.openfire.XMPPServer - Accessing SystemProperty field org.jivesoftware.openfire.auth.AuthFactory#PASSWORD_KEY
2026.09.03 02:15:00 org.jivesoftware.openfire.XMPPServer - Accessing SystemProperty field org.jivesoftware.openfire.auth.AuthFactory#AUTH_PROVIDER
2026.09.03 02:15:00 org.jivesoftware.util.cache.CacheFactory - Created cache [org.jivesoftware.util.cache.DefaultLocalCacheStrategy] for Favicon Misses
2026.09.03 02:15:00 org.jivesoftware.util.cache.CacheFactory - Created cache [org.jivesoftware.util.cache.DefaultLocalCacheStrategy] for Favicon Hits
2026.09.03 02:15:00 org.jivesoftware.openfire.XMPPServer - Accessing SystemProperty field org.jivesoftware.openfire.sasl.ScramSha1SaslServer#ITERATION_COUNT
2026.09.03 02:15:00 org.jivesoftware.openfire.XMPPServer - Accessing SystemProperty field org.jivesoftware.openfire.vcard.VCardManager#VCARD_PROVIDER
2026.09.03 02:15:00 org.jivesoftware.openfire.container.AdminConsolePlugin - Consola de administración escuchando en http://127.0.0.1:9090
2026.09.03 02:15:00 org.jivesoftware.openfire.XMPPServer - Accessing SystemProperty field org.jivesoftware.openfire.auth.HybridAuthProvider#PRIMARY_PROVIDER
2026.09.03 02:15:00 org.jivesoftware.openfire.XMPPServer - Accessing SystemProperty field org.jivesoftware.openfire.auth.HybridAuthProvider#SECONDARY_PROVIDER
2026.09.03 02:15:00 org.jivesoftware.openfire.XMPPServer - Accessing SystemProperty field org.jivesoftware.openfire.auth.HybridAuthProvider#TERTIARY_PROVIDER
2026.09.03 02:15:00 org.jivesoftware.openfire.XMPPServer - Accessing SystemProperty field org.jivesoftware.openfire.lockout.LockOutManager#LOCKOUT_PROVIDER
2026.09.03 02:15:00 org.jivesoftware.openfire.XMPPServer - Accessing SystemProperty field org.jivesoftware.openfire.user.UserManager#USER_PROVIDER
2026.09.03 02:15:00 org.jivesoftware.openfire.XMPPServer - Accessing SystemProperty field org.jivesoftware.openfire.user.UserManager#REMOTE_DISCO_INFO_TIMEOUT
2026.09.03 02:15:00 org.jivesoftware.openfire.XMPPServer - Accessing SystemProperty field org.jivesoftware.openfire.user.UserManager#USER_PROPERTY_PROVIDER
2026.09.03 02:15:00 org.jivesoftware.openfire.XMPPServer - Accessing SystemProperty field org.jivesoftware.openfire.SessionManager#CONFLICT_LIMIT
2026.09.03 02:15:00 org.jivesoftware.openfire.XMPPServer - Accessing SystemProperty field org.jivesoftware.openfire.group.GroupManager#GROUP_PROVIDER
2026.09.03 02:15:00 org.jivesoftware.openfire.XMPPServer - Accessing SystemProperty field org.jivesoftware.openfire.muc.spi.IQMuclumbusSearchHandler#PROPERTY_ENABLED
2026.09.03 02:15:00 org.jivesoftware.openfire.XMPPServer - Accessing SystemProperty field org.jivesoftware.openfire.sasl.AnonymousSaslServer#ENABLED
2026.09.03 02:15:00 org.jivesoftware.openfire.container.PluginManager - Successfully loaded plugin 'admin'.
2026.09.03 02:15:00 org.jivesoftware.openfire.container.PluginManager - Successfully loaded plugin 'nonsaslauthentication'.
2026.09.03 02:15:00 org.jivesoftware.openfire.XMPPServer - Accessing SystemProperty field org.jivesoftware.openfire.net.SASLAuthentication#SKIP_PEER_CERT_REVALIDATION_CLIENT
2026.09.03 02:15:00 org.jivesoftware.openfire.net.SASLAuthentication - Support added for the 'ANONYMOUS' SASL mechanism.
2026.09.03 02:15:00 org.jivesoftware.openfire.net.SASLAuthentication - Support added for the 'PLAIN' SASL mechanism.
2026.09.03 02:15:00 org.jivesoftware.openfire.net.SASLAuthentication - Support added for the 'DIGEST-MD5' SASL mechanism.
2026.09.03 02:15:00 org.jivesoftware.openfire.net.SASLAuthentication - Support added for the 'CRAM-MD5' SASL mechanism.
2026.09.03 02:15:00 org.jivesoftware.openfire.net.SASLAuthentication - Support added for the 'SCRAM-SHA-1' SASL mechanism.
2026.09.03 02:15:00 org.jivesoftware.openfire.net.SASLAuthentication - Support added for the 'JIVE-SHAREDSECRET' SASL mechanism.
2026.09.03 02:15:00 org.jivesoftware.openfire.net.SASLAuthentication - Support added for the 'GSSAPI' SASL mechanism.
2026.09.03 02:15:00 org.jivesoftware.openfire.net.SASLAuthentication - Support added for the 'EXTERNAL' SASL mechanism.
2026.09.03 02:15:00 org.jivesoftware.openfire.XMPPServer - Accessing SystemProperty field org.jivesoftware.openfire.XMPPServerInfo#XMPP_DOMAIN
2026.09.03 02:15:00 org.jivesoftware.openfire.container.PluginManager - Successfully loaded plugin 'search'.
2026.09.03 02:15:00 org.jivesoftware.openfire.XMPPServer - Accessing SystemProperty field org.jivesoftware.openfire.sasl.ExternalClientSaslServer#PROPERTY_SASL_EXTERNAL_CLIENT_SUPPRESS_MATCHING_REALMNAME
2026.09.03 02:15:00 org.jivesoftware.openfire.XMPPServer - Accessing SystemProperty field org.jivesoftware.openfire.admin.AdminManager#ADMIN_PROVIDER
2026.09.03 02:15:01 org.jivesoftware.openfire.XMPPServer - Accessing SystemProperty field org.jivesoftware.openfire.security.SecurityAuditManager#AUDIT_PROVIDER
2026.09.03 02:15:01 org.jivesoftware.openfire.XMPPServer - Accessing SystemProperty field org.jivesoftware.openfire.admin.DefaultAdminProvider#ADMIN_JIDS
2026.09.03 02:15:01 org.jivesoftware.openfire.XMPPServer - Accessing SystemProperty field org.jivesoftware.openfire.cluster.ClusterMonitor#ENABLED
2026.09.03 02:15:01 org.jivesoftware.openfire.XMPPServer - Accessing SystemProperty field org.jivesoftware.openfire.ldap.LdapVCardProvider#STORE_AVATAR_IN_DB
2026.09.03 02:15:01 org.jivesoftware.openfire.XMPPServer - Accessing SystemProperty field org.jivesoftware.openfire.spi.EncryptionArtifactFactory#TRUST_MANAGER_CLASS
2026.09.03 02:15:01 org.jivesoftware.openfire.XMPPServer - Accessing SystemProperty field org.jivesoftware.openfire.update.UpdateManager#ENABLED
2026.09.03 02:15:01 org.jivesoftware.openfire.XMPPServer - Accessing SystemProperty field org.jivesoftware.openfire.update.UpdateManager#NOTIFY_ADMINS
2026.09.03 02:15:01 org.jivesoftware.openfire.XMPPServer - Accessing SystemProperty field org.jivesoftware.openfire.update.UpdateManager#LAST_UPDATE_CHECK
2026.09.03 02:15:01 org.jivesoftware.openfire.XMPPServer - Accessing SystemProperty field org.jivesoftware.openfire.update.UpdateManager#UPDATE_FREQUENCY
2026.09.03 02:15:01 org.jivesoftware.openfire.XMPPServer - Accessing SystemProperty field org.jivesoftware.openfire.update.UpdateManager#PROXY_HOST
2026.09.03 02:15:01 org.jivesoftware.openfire.XMPPServer - Accessing SystemProperty field org.jivesoftware.openfire.update.UpdateManager#PROXY_PORT
2026.09.03 02:15:01 org.jivesoftware.openfire.container.PluginManager - Successfully loaded plugin 'restapi'.
2026.09.03 02:15:01 org.jivesoftware.openfire.container.PluginMonitor - Finished processing all plugins.
2026.09.03 02:15:01 org.jivesoftware.openfire.spi.ConnectionListener[socket_c2s] - Started.
2026.09.03 02:15:01 org.jivesoftware.openfire.spi.ConnectionListener[socket_c2s-legacyMode] - Started.
2026.09.03 02:15:01 org.jivesoftware.openfire.spi.ConnectionListener[socket_s2s] - Started.
2026.09.03 02:15:01 org.jivesoftware.openfire.spi.ConnectionListener[socket_s2s-legacyMode] - Started.
2026.09.03 02:15:01 org.jivesoftware.openfire.spi.ConnectionListener[component] - Started.
2026.09.03 02:15:01 org.jivesoftware.openfire.spi.ConnectionListener[component-legacyMode] - Started.
2026.09.03 02:15:01 org.jivesoftware.openfire.spi.ConnectionListener[connection_manager] - Started.
2026.09.03 02:15:01 org.jivesoftware.openfire.spi.ConnectionListener[connection_manager-legacyMode] - Started.
2026.09.03 02:15:01 org.jivesoftware.openfire.http.HttpSessionManager - Starting instance
2026.09.03 02:15:01 org.jivesoftware.openfire.http.HttpBindManager - HTTP bind service started
2026.09.03 02:15:28 org.jivesoftware.util.cache.CacheFactory - Created cache [org.jivesoftware.util.cache.DefaultLocalCacheStrategy] for Locked Out Accounts
2026.09.03 02:40:26 org.jivesoftware.openfire.XMPPServer - Registering shutdown hook (standalone mode)
2026.09.03 02:40:27 hsqldb.db.HSQLDBA0638C63BF.ENGINE - checkpointClose start
2026.09.03 02:40:27 hsqldb.db.HSQLDBA0638C63BF.ENGINE - checkpointClose synched
2026.09.03 02:40:27 hsqldb.db.HSQLDBA0638C63BF.ENGINE - checkpointClose script done
2026.09.03 02:40:27 hsqldb.db.HSQLDBA0638C63BF.ENGINE - checkpointClose end
2026.09.03 02:40:27 org.jivesoftware.util.cache.CacheFactory - Created cache [org.jivesoftware.util.cache.DefaultLocalCacheStrategy] for Routing Servers Cache
2026.09.03 02:40:27 org.jivesoftware.util.cache.CacheFactory - Created cache [org.jivesoftware.util.cache.DefaultLocalCacheStrategy] for Routing Components Cache
2026.09.03 02:40:27 org.jivesoftware.util.cache.CacheFactory - Created cache [org.jivesoftware.util.cache.DefaultLocalCacheStrategy] for Routing Users Cache
2026.09.03 02:40:27 org.jivesoftware.util.cache.CacheFactory - Created cache [org.jivesoftware.util.cache.DefaultLocalCacheStrategy] for Routing AnonymousUsers Cache
2026.09.03 02:40:27 org.jivesoftware.util.cache.CacheFactory - Created cache [org.jivesoftware.util.cache.DefaultLocalCacheStrategy] for Routing User Sessions
2026.09.03 02:40:27 org.jivesoftware.util.cache.CacheFactory - Created cache [org.jivesoftware.util.cache.DefaultLocalCacheStrategy] for Roster
2026.09.03 02:40:27 org.jivesoftware.util.cache.CacheFactory - Created cache [org.jivesoftware.util.cache.DefaultLocalCacheStrategy] for RosterItems
2026.09.03 02:40:27 org.jivesoftware.util.cache.CacheFactory - Created cache [org.jivesoftware.util.cache.DefaultLocalCacheStrategy] for Multicast Service
2026.09.03 02:40:27 org.jivesoftware.util.cache.CacheFactory - Created cache [org.jivesoftware.util.cache.DefaultLocalCacheStrategy] for Offline Message Size
2026.09.03 02:40:27 org.jivesoftware.util.cache.CacheFactory - Created cache [org.jivesoftware.util.cache.DefaultLocalCacheStrategy] for VCard
2026.09.03 02:40:27 org.jivesoftware.util.cache.CacheFactory - Created cache [org.jivesoftware.util.cache.DefaultLocalCacheStrategy] for Privacy Lists
2026.09.03 02:40:27 org.jivesoftware.util.cache.CacheFactory - Created cache [org.jivesoftware.util.cache.DefaultLocalCacheStrategy] for File Transfer Cache
2026.09.03 02:40:27 org.jivesoftware.util.cache.CacheFactory - Created cache [org.jivesoftware.util.cache.DefaultLocalCacheStrategy] for Offline Presence Cache
2026.09.03 02:40:27 org.jivesoftware.util.cache.CacheFactory - Created cache [org.jivesoftware.util.cache.DefaultLocalCacheStrategy] for Last Activity Cache
2026.09.03 02:40:27 org.jivesoftware.util.cache.CacheFactory - Created cache [org.jivesoftware.util.cache.DefaultLocalCacheStrategy] for User
2026.09.03 02:40:27 org.jivesoftware.util.cache.CacheFactory - Created cache [org.jivesoftware.util.cache.DefaultLocalCacheStrategy] for Remote Users Existence
2026.09.03 02:40:27 org.jivesoftware.util.cache.CacheFactory - Created cache [org.jivesoftware.util.cache.DefaultLocalCacheStrategy] for Components Sessions
2026.09.03 02:40:27 org.jivesoftware.util.cache.CacheFactory - Created cache [org.jivesoftware.util.cache.DefaultLocalCacheStrategy] for Connection Managers Sessions
2026.09.03 02:40:27 org.jivesoftware.util.cache.CacheFactory - Created cache [org.jivesoftware.util.cache.DefaultLocalCacheStrategy] for Incoming Server Sessions
2026.09.03 02:40:27 org.jivesoftware.util.cache.CacheFactory - Created cache [org.jivesoftware.util.cache.DefaultLocalCacheStrategy] for Sessions by Hostname
2026.09.03 02:40:27 org.jivesoftware.util.cache.CacheFactory - Created cache [org.jivesoftware.util.cache.DefaultLocalCacheStrategy] for Validated Domains
2026.09.03 02:40:27 org.jivesoftware.util.cache.CacheFactory - Created cache [org.jivesoftware.util.cache.DefaultLocalCacheStrategy] for Client Session Info Cache
2026.09.03 02:40:27 org.jivesoftware.util.cache.CacheFactory - Created cache [org.jivesoftware.util.cache.DefaultLocalCacheStrategy] for Directed Presences
2026.09.03 02:40:27 org.jivesoftware.util.cache.CacheFactory - Created local-only cache [org.jivesoftware.util.cache.DefaultLocalCacheStrategy] for PEPServiceManager
2026.09.03 02:40:27 org.jivesoftware.util.cache.CacheFactory - Created cache [org.jivesoftware.util.cache.DefaultLocalCacheStrategy] for File Transfer
2026.09.03 02:40:27 org.jivesoftware.util.cache.CacheFactory - Created cache [org.jivesoftware.util.cache.DefaultLocalCacheStrategy] for Published Items
2026.09.03 02:40:27 org.jivesoftware.util.cache.CacheFactory - Created cache [org.jivesoftware.util.cache.DefaultLocalCacheStrategy] for Disco Server Features
2026.09.03 02:40:27 org.jivesoftware.util.cache.CacheFactory - Created cache [org.jivesoftware.util.cache.DefaultLocalCacheStrategy] for Disco Server Items
2026.09.03 02:40:27 org.jivesoftware.util.cache.CacheFactory - Created cache [org.jivesoftware.util.cache.DefaultLocalCacheStrategy] for Components
2026.09.03 02:40:27 org.jivesoftware.util.cache.CacheFactory - Created local-only cache [org.jivesoftware.util.cache.DefaultLocalCacheStrategy] for Entity Capabilities
2026.09.03 02:40:27 org.jivesoftware.util.cache.CacheFactory - Created local-only cache [org.jivesoftware.util.cache.DefaultLocalCacheStrategy] for Entity Capabilities Users
2026.09.03 02:40:27 org.jivesoftware.util.cache.CacheFactory - Created cache [org.jivesoftware.util.cache.DefaultLocalCacheStrategy] for Group
2026.09.03 02:40:27 org.jivesoftware.util.cache.CacheFactory - Created cache [org.jivesoftware.util.cache.DefaultLocalCacheStrategy] for Group Metadata Cache
2026.09.03 02:40:27 org.jivesoftware.openfire.pubsub.PubSubModule - Dominio de Publicar-Suscribir: pubsub.127.0.0.1
2026.09.03 02:40:27 org.jivesoftware.openfire.muc.spi.MultiUserChatServiceImpl - Dominio de Chat Multi-usuario: conference.127.0.0.1
2026.09.03 02:40:27 org.jivesoftware.openfire.XMPPServer - Openfire 4.5.0 Alpha [Sep 3, 2026, 2:40:27 AM]
2026.09.03 02:40:28 org.jivesoftware.openfire.XMPPServer - Accessing SystemProperty field org.jivesoftware.openfire.auth.AuthFactory#PASSWORD_KEY
2026.09.03 02:40:28 org.jivesoftware.openfire.XMPPServer - Accessing SystemProperty field org.jivesoftware.openfire.auth.AuthFactory#AUTH_PROVIDER
2026.09.03 02:40:28 org.jivesoftware.openfire.XMPPServer - Accessing SystemProperty field org.jivesoftware.openfire.sasl.ScramSha1SaslServer#ITERATION_COUNT
2026.09.03 02:40:28 org.jivesoftware.openfire.XMPPServer - Accessing SystemProperty field org.jivesoftware.openfire.vcard.VCardManager#VCARD_PROVIDER
2026.09.03 02:40:28 org.jivesoftware.openfire.XMPPServer - Accessing SystemProperty field org.jivesoftware.openfire.auth.HybridAuthProvider#PRIMARY_PROVIDER
2026.09.03 02:40:28 org.jivesoftware.openfire.XMPPServer - Accessing SystemProperty field org.jivesoftware.openfire.auth.HybridAuthProvider#SECONDARY_PROVIDER
2026.09.03 02:40:28 org.jivesoftware.openfire.XMPPServer - Accessing SystemProperty field org.jivesoftware.openfire.auth.HybridAuthProvider#TERTIARY_PROVIDER
2026.09.03 02:40:28 org.jivesoftware.openfire.XMPPServer - Accessing SystemProperty field org.jivesoftware.openfire.lockout.LockOutManager#LOCKOUT_PROVIDER
2026.09.03 02:40:28 org.jivesoftware.openfire.XMPPServer - Accessing SystemProperty field org.jivesoftware.openfire.user.UserManager#USER_PROVIDER
2026.09.03 02:40:28 org.jivesoftware.openfire.XMPPServer - Accessing SystemProperty field org.jivesoftware.openfire.user.UserManager#REMOTE_DISCO_INFO_TIMEOUT
2026.09.03 02:40:28 org.jivesoftware.openfire.XMPPServer - Accessing SystemProperty field org.jivesoftware.openfire.user.UserManager#USER_PROPERTY_PROVIDER
2026.09.03 02:40:28 org.jivesoftware.openfire.XMPPServer - Accessing SystemProperty field org.jivesoftware.openfire.SessionManager#CONFLICT_LIMIT
2026.09.03 02:40:28 org.jivesoftware.openfire.XMPPServer - Accessing SystemProperty field org.jivesoftware.openfire.group.GroupManager#GROUP_PROVIDER
2026.09.03 02:40:28 org.jivesoftware.openfire.XMPPServer - Accessing SystemProperty field org.jivesoftware.openfire.muc.spi.IQMuclumbusSearchHandler#PROPERTY_ENABLED
2026.09.03 02:40:28 org.jivesoftware.openfire.XMPPServer - Accessing SystemProperty field org.jivesoftware.openfire.sasl.AnonymousSaslServer#ENABLED
2026.09.03 02:40:28 org.jivesoftware.openfire.XMPPServer - Accessing SystemProperty field org.jivesoftware.openfire.net.SASLAuthentication#SKIP_PEER_CERT_REVALIDATION_CLIENT
2026.09.03 02:40:28 org.jivesoftware.openfire.net.SASLAuthentication - Support added for the 'ANONYMOUS' SASL mechanism.
2026.09.03 02:40:28 org.jivesoftware.openfire.net.SASLAuthentication - Support added for the 'PLAIN' SASL mechanism.
2026.09.03 02:40:28 org.jivesoftware.openfire.net.SASLAuthentication - Support added for the 'DIGEST-MD5' SASL mechanism.
2026.09.03 02:40:28 org.jivesoftware.openfire.net.SASLAuthentication - Support added for the 'CRAM-MD5' SASL mechanism.
2026.09.03 02:40:28 org.jivesoftware.openfire.net.SASLAuthentication - Support added for the 'SCRAM-SHA-1' SASL mechanism.
2026.09.03 02:40:28 org.jivesoftware.openfire.net.SASLAuthentication - Support added for the 'JIVE-SHAREDSECRET' SASL mechanism.
2026.09.03 02:40:28 org.jivesoftware.openfire.net.SASLAuthentication - Support added for the 'GSSAPI' SASL mechanism.
2026.09.03 02:40:28 org.jivesoftware.openfire.net.SASLAuthentication - Support added for the 'EXTERNAL' SASL mechanism.
2026.09.03 02:40:28 org.jivesoftware.util.cache.CacheFactory - Created cache [org.jivesoftware.util.cache.DefaultLocalCacheStrategy] for Favicon Misses
2026.09.03 02:40:28 org.jivesoftware.util.cache.CacheFactory - Created cache [org.jivesoftware.util.cache.DefaultLocalCacheStrategy] for Favicon Hits
2026.09.03 02:40:28 org.jivesoftware.openfire.XMPPServer - Accessing SystemProperty field org.jivesoftware.openfire.XMPPServerInfo#XMPP_DOMAIN
2026.09.03 02:40:28 org.jivesoftware.openfire.container.AdminConsolePlugin - Consola de administración escuchando en http://127.0.0.1:9090
2026.09.03 02:40:28 org.jivesoftware.openfire.XMPPServer - Accessing SystemProperty field org.jivesoftware.openfire.sasl.ExternalClientSaslServer#PROPERTY_SASL_EXTERNAL_CLIENT_SUPPRESS_MATCHING_REALMNAME
2026.09.03 02:40:28 org.jivesoftware.openfire.XMPPServer - Accessing SystemProperty field org.jivesoftware.openfire.admin.AdminManager#ADMIN_PROVIDER
2026.09.03 02:40:28 org.jivesoftware.openfire.container.PluginManager - Successfully loaded plugin 'admin'.
2026.09.03 02:40:28 org.jivesoftware.openfire.XMPPServer - Accessing SystemProperty field org.jivesoftware.openfire.security.SecurityAuditManager#AUDIT_PROVIDER
2026.09.03 02:40:28 org.jivesoftware.openfire.XMPPServer - Accessing SystemProperty field org.jivesoftware.openfire.admin.DefaultAdminProvider#ADMIN_JIDS
2026.09.03 02:40:28 org.jivesoftware.openfire.XMPPServer - Accessing SystemProperty field org.jivesoftware.openfire.cluster.ClusterMonitor#ENABLED
2026.09.03 02:40:28 org.jivesoftware.openfire.container.PluginManager - Successfully loaded plugin 'nonsaslauthentication'.
2026.09.03 02:40:28 org.jivesoftware.openfire.XMPPServer - Accessing SystemProperty field org.jivesoftware.openfire.ldap.LdapVCardProvider#STORE_AVATAR_IN_DB
2026.09.03 02:40:28 org.jivesoftware.openfire.XMPPServer - Accessing SystemProperty field org.jivesoftware.openfire.spi.EncryptionArtifactFactory#TRUST_MANAGER_CLASS
2026.09.03 02:40:28 org.jivesoftware.openfire.XMPPServer - Accessing SystemProperty field org.jivesoftware.openfire.update.UpdateManager#ENABLED
2026.09.03 02:40:28 org.jivesoftware.openfire.XMPPServer - Accessing SystemProperty field org.jivesoftware.openfire.update.UpdateManager#NOTIFY_ADMINS
2026.09.03 02:40:28 org.jivesoftware.openfire.XMPPServer - Accessing SystemProperty field org.jivesoftware.openfire.update.UpdateManager#LAST_UPDATE_CHECK
2026.09.03 02:40:28 org.jivesoftware.openfire.XMPPServer - Accessing SystemProperty field org.jivesoftware.openfire.update.UpdateManager#UPDATE_FREQUENCY
2026.09.03 02:40:28 org.jivesoftware.openfire.XMPPServer - Accessing SystemProperty field org.jivesoftware.openfire.update.UpdateManager#PROXY_HOST
2026.09.03 02:40:28 org.jivesoftware.openfire.XMPPServer - Accessing SystemProperty field org.jivesoftware.openfire.update.UpdateManager#PROXY_PORT
2026.09.03 02:40:28 org.jivesoftware.openfire.container.PluginManager - Successfully loaded plugin 'search'.
2026.09.03 02:40:29 org.jivesoftware.openfire.container.PluginManager - Successfully loaded plugin 'restapi'.
2026.09.03 02:40:29 org.jivesoftware.openfire.container.PluginMonitor - Finished processing all plugins.
2026.09.03 02:40:29 org.jivesoftware.openfire.spi.ConnectionListener[socket_c2s] - Started.
2026.09.03 02:40:29 org.jivesoftware.openfire.spi.ConnectionListener[socket_c2s-legacyMode] - Started.
2026.09.03 02:40:29 org.jivesoftware.openfire.spi.ConnectionListener[socket_s2s] - Started.
2026.09.03 02:40:29 org.jivesoftware.openfire.spi.ConnectionListener[socket_s2s-legacyMode] - Started.
2026.09.03 02:40:29 org.jivesoftware.openfire.spi.ConnectionListener[component] - Started.
2026.09.03 02:40:29 org.jivesoftware.openfire.spi.ConnectionListener[component-legacyMode] - Started.
2026.09.03 02:40:29 org.jivesoftware.openfire.spi.ConnectionListener[connection_manager] - Started.
2026.09.03 02:40:29 org.jivesoftware.openfire.spi.ConnectionListener[connection_manager-legacyMode] - Started.
2026.09.03 02:40:29 org.jivesoftware.openfire.http.HttpSessionManager - Starting instance
2026.09.03 02:40:29 org.jivesoftware.openfire.http.HttpBindManager - HTTP bind service started
2026.09.03 02:40:56 org.jivesoftware.util.cache.CacheFactory - Created cache [org.jivesoftware.util.cache.DefaultLocalCacheStrategy] for Locked Out Accounts
2026.09.03 02:44:40 org.jivesoftware.openfire.XMPPServer - Registering shutdown hook (standalone mode)
2026.09.03 02:44:40 hsqldb.db.HSQLDBA0638C63BF.ENGINE - checkpointClose start
2026.09.03 02:44:40 hsqldb.db.HSQLDBA0638C63BF.ENGINE - checkpointClose synched
2026.09.03 02:44:40 hsqldb.db.HSQLDBA0638C63BF.ENGINE - checkpointClose script done
2026.09.03 02:44:40 hsqldb.db.HSQLDBA0638C63BF.ENGINE - checkpointClose end
2026.09.03 02:44:40 org.jivesoftware.util.cache.CacheFactory - Created cache [org.jivesoftware.util.cache.DefaultLocalCacheStrategy] for Routing Servers Cache
2026.09.03 02:44:40 org.jivesoftware.util.cache.CacheFactory - Created cache [org.jivesoftware.util.cache.DefaultLocalCacheStrategy] for Routing Components Cache
2026.09.03 02:44:40 org.jivesoftware.util.cache.CacheFactory - Created cache [org.jivesoftware.util.cache.DefaultLocalCacheStrategy] for Routing Users Cache
2026.09.03 02:44:40 org.jivesoftware.util.cache.CacheFactory - Created cache [org.jivesoftware.util.cache.DefaultLocalCacheStrategy] for Routing AnonymousUsers Cache
2026.09.03 02:44:40 org.jivesoftware.util.cache.CacheFactory - Created cache [org.jivesoftware.util.cache.DefaultLocalCacheStrategy] for Routing User Sessions
2026.09.03 02:44:40 org.jivesoftware.util.cache.CacheFactory - Created cache [org.jivesoftware.util.cache.DefaultLocalCacheStrategy] for Roster
2026.09.03 02:44:40 org.jivesoftware.util.cache.CacheFactory - Created cache [org.jivesoftware.util.cache.DefaultLocalCacheStrategy] for RosterItems
2026.09.03 02:44:40 org.jivesoftware.util.cache.CacheFactory - Created cache [org.jivesoftware.util.cache.DefaultLocalCacheStrategy] for Multicast Service
2026.09.03 02:44:40 org.jivesoftware.util.cache.CacheFactory - Created cache [org.jivesoftware.util.cache.DefaultLocalCacheStrategy] for Offline Message Size
2026.09.03 02:44:40 org.jivesoftware.util.cache.CacheFactory - Created cache [org.jivesoftware.util.cache.DefaultLocalCacheStrategy] for VCard
2026.09.03 02:44:40 org.jivesoftware.util.cache.CacheFactory - Created cache [org.jivesoftware.util.cache.DefaultLocalCacheStrategy] for Privacy Lists
2026.09.03 02:44:40 org.jivesoftware.util.cache.CacheFactory - Created cache [org.jivesoftware.util.cache.DefaultLocalCacheStrategy] for File Transfer Cache
2026.09.03 02:44:40 org.jivesoftware.util.cache.CacheFactory - Created cache [org.jivesoftware.util.cache.DefaultLocalCacheStrategy] for Offline Presence Cache
2026.09.03 02:44:40 org.jivesoftware.util.cache.CacheFactory - Created cache [org.jivesoftware.util.cache.DefaultLocalCacheStrategy] for Last Activity Cache
2026.09.03 02:44:40 org.jivesoftware.util.cache.CacheFactory - Created cache [org.jivesoftware.util.cache.DefaultLocalCacheStrategy] for User
2026.09.03 02:44:40 org.jivesoftware.util.cache.CacheFactory - Created cache [org.jivesoftware.util.cache.DefaultLocalCacheStrategy] for Remote Users Existence
2026.09.03 02:44:40 org.jivesoftware.util.cache.CacheFactory - Created cache [org.jivesoftware.util.cache.DefaultLocalCacheStrategy] for Components Sessions
2026.09.03 02:44:40 org.jivesoftware.util.cache.CacheFactory - Created cache [org.jivesoftware.util.cache.DefaultLocalCacheStrategy] for Connection Managers Sessions
2026.09.03 02:44:40 org.jivesoftware.util.cache.CacheFactory - Created cache [org.jivesoftware.util.cache.DefaultLocalCacheStrategy] for Incoming Server Sessions
2026.09.03 02:44:40 org.jivesoftware.util.cache.CacheFactory - Created cache [org.jivesoftware.util.cache.DefaultLocalCacheStrategy] for Sessions by Hostname
2026.09.03 02:44:40 org.jivesoftware.util.cache.CacheFactory - Created cache [org.jivesoftware.util.cache.DefaultLocalCacheStrategy] for Validated Domains
2026.09.03 02:44:40 org.jivesoftware.util.cache.CacheFactory - Created cache [org.jivesoftware.util.cache.DefaultLocalCacheStrategy] for Client Session Info Cache
2026.09.03 02:44:40 org.jivesoftware.util.cache.CacheFactory - Created cache [org.jivesoftware.util.cache.DefaultLocalCacheStrategy] for Directed Presences
2026.09.03 02:44:40 org.jivesoftware.util.cache.CacheFactory - Created local-only cache [org.jivesoftware.util.cache.DefaultLocalCacheStrategy] for PEPServiceManager
2026.09.03 02:44:40 org.jivesoftware.util.cache.CacheFactory - Created cache [org.jivesoftware.util.cache.DefaultLocalCacheStrategy] for File Transfer
2026.09.03 02:44:40 org.jivesoftware.util.cache.CacheFactory - Created cache [org.jivesoftware.util.cache.DefaultLocalCacheStrategy] for Published Items
2026.09.03 02:44:40 org.jivesoftware.util.cache.CacheFactory - Created cache [org.jivesoftware.util.cache.DefaultLocalCacheStrategy] for Disco Server Features
2026.09.03 02:44:40 org.jivesoftware.util.cache.CacheFactory - Created cache [org.jivesoftware.util.cache.DefaultLocalCacheStrategy] for Disco Server Items
2026.09.03 02:44:40 org.jivesoftware.util.cache.CacheFactory - Created cache [org.jivesoftware.util.cache.DefaultLocalCacheStrategy] for Components
2026.09.03 02:44:40 org.jivesoftware.util.cache.CacheFactory - Created local-only cache [org.jivesoftware.util.cache.DefaultLocalCacheStrategy] for Entity Capabilities
2026.09.03 02:44:40 org.jivesoftware.util.cache.CacheFactory - Created local-only cache [org.jivesoftware.util.cache.DefaultLocalCacheStrategy] for Entity Capabilities Users
2026.09.03 02:44:40 org.jivesoftware.util.cache.CacheFactory - Created cache [org.jivesoftware.util.cache.DefaultLocalCacheStrategy] for Group
2026.09.03 02:44:40 org.jivesoftware.util.cache.CacheFactory - Created cache [org.jivesoftware.util.cache.DefaultLocalCacheStrategy] for Group Metadata Cache
2026.09.03 02:44:41 org.jivesoftware.openfire.pubsub.PubSubModule - Dominio de Publicar-Suscribir: pubsub.127.0.0.1
2026.09.03 02:44:41 org.jivesoftware.openfire.muc.spi.MultiUserChatServiceImpl - Dominio de Chat Multi-usuario: conference.127.0.0.1
2026.09.03 02:44:41 org.jivesoftware.openfire.XMPPServer - Openfire 4.5.0 Alpha [Sep 3, 2026, 2:44:41 AM]
2026.09.03 02:44:41 org.jivesoftware.openfire.XMPPServer - Accessing SystemProperty field org.jivesoftware.openfire.auth.AuthFactory#PASSWORD_KEY
2026.09.03 02:44:41 org.jivesoftware.openfire.XMPPServer - Accessing SystemProperty field org.jivesoftware.openfire.auth.AuthFactory#AUTH_PROVIDER
2026.09.03 02:44:41 org.jivesoftware.openfire.XMPPServer - Accessing SystemProperty field org.jivesoftware.openfire.sasl.ScramSha1SaslServer#ITERATION_COUNT
2026.09.03 02:44:41 org.jivesoftware.openfire.XMPPServer - Accessing SystemProperty field org.jivesoftware.openfire.vcard.VCardManager#VCARD_PROVIDER
2026.09.03 02:44:41 org.jivesoftware.openfire.XMPPServer - Accessing SystemProperty field org.jivesoftware.openfire.auth.HybridAuthProvider#PRIMARY_PROVIDER
2026.09.03 02:44:41 org.jivesoftware.openfire.XMPPServer - Accessing SystemProperty field org.jivesoftware.openfire.auth.HybridAuthProvider#SECONDARY_PROVIDER
2026.09.03 02:44:41 org.jivesoftware.openfire.XMPPServer - Accessing SystemProperty field org.jivesoftware.openfire.auth.HybridAuthProvider#TERTIARY_PROVIDER
2026.09.03 02:44:41 org.jivesoftware.openfire.XMPPServer - Accessing SystemProperty field org.jivesoftware.openfire.lockout.LockOutManager#LOCKOUT_PROVIDER
2026.09.03 02:44:41 org.jivesoftware.openfire.XMPPServer - Accessing SystemProperty field org.jivesoftware.openfire.user.UserManager#USER_PROVIDER
2026.09.03 02:44:41 org.jivesoftware.openfire.XMPPServer - Accessing SystemProperty field org.jivesoftware.openfire.user.UserManager#REMOTE_DISCO_INFO_TIMEOUT
2026.09.03 02:44:41 org.jivesoftware.openfire.XMPPServer - Accessing SystemProperty field org.jivesoftware.openfire.user.UserManager#USER_PROPERTY_PROVIDER
2026.09.03 02:44:41 org.jivesoftware.openfire.XMPPServer - Accessing SystemProperty field org.jivesoftware.openfire.SessionManager#CONFLICT_LIMIT
2026.09.03 02:44:41 org.jivesoftware.openfire.XMPPServer - Accessing SystemProperty field org.jivesoftware.openfire.group.GroupManager#GROUP_PROVIDER
2026.09.03 02:44:41 org.jivesoftware.openfire.XMPPServer - Accessing SystemProperty field org.jivesoftware.openfire.muc.spi.IQMuclumbusSearchHandler#PROPERTY_ENABLED
2026.09.03 02:44:41 org.jivesoftware.openfire.XMPPServer - Accessing SystemProperty field org.jivesoftware.openfire.sasl.AnonymousSaslServer#ENABLED
2026.09.03 02:44:41 org.jivesoftware.openfire.XMPPServer - Accessing SystemProperty field org.jivesoftware.openfire.net.SASLAuthentication#SKIP_PEER_CERT_REVALIDATION_CLIENT
2026.09.03 02:44:41 org.jivesoftware.openfire.net.SASLAuthentication - Support added for the 'ANONYMOUS' SASL mechanism.
2026.09.03 02:44:41 org.jivesoftware.openfire.net.SASLAuthentication - Support added for the 'PLAIN' SASL mechanism.
2026.09.03 02:44:41 org.jivesoftware.openfire.net.SASLAuthentication - Support added for the 'DIGEST-MD5' SASL mechanism.
2026.09.03 02:44:41 org.jivesoftware.openfire.net.SASLAuthentication - Support added for the 'CRAM-MD5' SASL mechanism.
2026.09.03 02:44:41 org.jivesoftware.openfire.net.SASLAuthentication - Support added for the 'SCRAM-SHA-1' SASL mechanism.
2026.09.03 02:44:41 org.jivesoftware.openfire.net.SASLAuthentication - Support added for the 'JIVE-SHAREDSECRET' SASL mechanism.
2026.09.03 02:44:41 org.jivesoftware.openfire.net.SASLAuthentication - Support added for the 'GSSAPI' SASL mechanism.
2026.09.03 02:44:41 org.jivesoftware.openfire.net.SASLAuthentication - Support added for the 'EXTERNAL' SASL mechanism.
2026.09.03 02:44:41 org.jivesoftware.openfire.XMPPServer - Accessing SystemProperty field org.jivesoftware.openfire.XMPPServerInfo#XMPP_DOMAIN
2026.09.03 02:44:41 org.jivesoftware.openfire.XMPPServer - Accessing SystemProperty field org.jivesoftware.openfire.sasl.ExternalClientSaslServer#PROPERTY_SASL_EXTERNAL_CLIENT_SUPPRESS_MATCHING_REALMNAME
2026.09.03 02:44:41 org.jivesoftware.openfire.XMPPServer - Accessing SystemProperty field org.jivesoftware.openfire.admin.AdminManager#ADMIN_PROVIDER
2026.09.03 02:44:41 org.jivesoftware.util.cache.CacheFactory - Created cache [org.jivesoftware.util.cache.DefaultLocalCacheStrategy] for Favicon Misses
2026.09.03 02:44:41 org.jivesoftware.util.cache.CacheFactory - Created cache [org.jivesoftware.util.cache.DefaultLocalCacheStrategy] for Favicon Hits
2026.09.03 02:44:41 org.jivesoftware.openfire.XMPPServer - Accessing SystemProperty field org.jivesoftware.openfire.security.SecurityAuditManager#AUDIT_PROVIDER
2026.09.03 02:44:41 org.jivesoftware.openfire.container.AdminConsolePlugin - Consola de administración escuchando en http://127.0.0.1:9090
2026.09.03 02:44:41 org.jivesoftware.openfire.XMPPServer - Accessing SystemProperty field org.jivesoftware.openfire.admin.DefaultAdminProvider#ADMIN_JIDS
2026.09.03 02:44:41 org.jivesoftware.openfire.XMPPServer - Accessing SystemProperty field org.jivesoftware.openfire.cluster.ClusterMonitor#ENABLED
2026.09.03 02:44:41 org.jivesoftware.openfire.XMPPServer - Accessing SystemProperty field org.jivesoftware.openfire.ldap.LdapVCardProvider#STORE_AVATAR_IN_DB
2026.09.03 02:44:41 org.jivesoftware.openfire.XMPPServer - Accessing SystemProperty field org.jivesoftware.openfire.spi.EncryptionArtifactFactory#TRUST_MANAGER_CLASS
2026.09.03 02:44:41 org.jivesoftware.openfire.XMPPServer - Accessing SystemProperty field org.jivesoftware.openfire.update.UpdateManager#ENABLED
2026.09.03 02:44:41 org.jivesoftware.openfire.XMPPServer - Accessing SystemProperty field org.jivesoftware.openfire.update.UpdateManager#NOTIFY_ADMINS
2026.09.03 02:44:41 org.jivesoftware.openfire.XMPPServer - Accessing SystemProperty field org.jivesoftware.openfire.update.UpdateManager#LAST_UPDATE_CHECK
2026.09.03 02:44:41 org.jivesoftware.openfire.XMPPServer - Accessing SystemProperty field org.jivesoftware.openfire.update.UpdateManager#UPDATE_FREQUENCY
2026.09.03 02:44:41 org.jivesoftware.openfire.XMPPServer - Accessing SystemProperty field org.jivesoftware.openfire.update.UpdateManager#PROXY_HOST
2026.09.03 02:44:41 org.jivesoftware.openfire.XMPPServer - Accessing SystemProperty field org.jivesoftware.openfire.update.UpdateManager#PROXY_PORT
2026.09.03 02:44:41 org.jivesoftware.openfire.container.PluginManager - Successfully loaded plugin 'admin'.
2026.09.03 02:44:41 org.jivesoftware.openfire.container.PluginManager - Successfully loaded plugin 'nonsaslauthentication'.
2026.09.03 02:44:41 org.jivesoftware.openfire.container.PluginManager - Successfully loaded plugin 'search'.
2026.09.03 02:44:42 org.jivesoftware.openfire.container.PluginManager - Successfully loaded plugin 'restapi'.
2026.09.03 02:44:42 org.jivesoftware.openfire.container.PluginMonitor - Finished processing all plugins.
2026.09.03 02:44:42 org.jivesoftware.openfire.spi.ConnectionListener[socket_c2s] - Started.
2026.09.03 02:44:42 org.jivesoftware.openfire.spi.ConnectionListener[socket_c2s-legacyMode] - Started.
2026.09.03 02:44:42 org.jivesoftware.openfire.spi.ConnectionListener[socket_s2s] - Started.
2026.09.03 02:44:42 org.jivesoftware.openfire.spi.ConnectionListener[socket_s2s-legacyMode] - Started.
2026.09.03 02:44:42 org.jivesoftware.openfire.spi.ConnectionListener[component] - Started.
2026.09.03 02:44:42 org.jivesoftware.openfire.spi.ConnectionListener[component-legacyMode] - Started.
2026.09.03 02:44:42 org.jivesoftware.openfire.spi.ConnectionListener[connection_manager] - Started.
2026.09.03 02:44:42 org.jivesoftware.openfire.spi.ConnectionListener[connection_manager-legacyMode] - Started.
2026.09.03 02:44:42 org.jivesoftware.openfire.http.HttpSessionManager - Starting instance
2026.09.03 02:44:42 org.jivesoftware.openfire.http.HttpBindManager - HTTP bind service started
2026.09.03 02:45:28 org.jivesoftware.util.cache.CacheFactory - Created cache [org.jivesoftware.util.cache.DefaultLocalCacheStrategy] for Locked Out Accounts
2026.09.03 02:47:33 org.jivesoftware.openfire.XMPPServer - Registering shutdown hook (standalone mode)
2026.09.03 02:47:33 hsqldb.db.HSQLDBA0638C63BF.ENGINE - checkpointClose start
2026.09.03 02:47:33 hsqldb.db.HSQLDBA0638C63BF.ENGINE - checkpointClose synched
2026.09.03 02:47:33 hsqldb.db.HSQLDBA0638C63BF.ENGINE - checkpointClose script done
2026.09.03 02:47:33 hsqldb.db.HSQLDBA0638C63BF.ENGINE - checkpointClose end
2026.09.03 02:47:33 org.jivesoftware.util.cache.CacheFactory - Created cache [org.jivesoftware.util.cache.DefaultLocalCacheStrategy] for Routing Servers Cache
2026.09.03 02:47:33 org.jivesoftware.util.cache.CacheFactory - Created cache [org.jivesoftware.util.cache.DefaultLocalCacheStrategy] for Routing Components Cache
2026.09.03 02:47:33 org.jivesoftware.util.cache.CacheFactory - Created cache [org.jivesoftware.util.cache.DefaultLocalCacheStrategy] for Routing Users Cache
2026.09.03 02:47:33 org.jivesoftware.util.cache.CacheFactory - Created cache [org.jivesoftware.util.cache.DefaultLocalCacheStrategy] for Routing AnonymousUsers Cache
2026.09.03 02:47:33 org.jivesoftware.util.cache.CacheFactory - Created cache [org.jivesoftware.util.cache.DefaultLocalCacheStrategy] for Routing User Sessions
2026.09.03 02:47:33 org.jivesoftware.util.cache.CacheFactory - Created cache [org.jivesoftware.util.cache.DefaultLocalCacheStrategy] for Roster
2026.09.03 02:47:33 org.jivesoftware.util.cache.CacheFactory - Created cache [org.jivesoftware.util.cache.DefaultLocalCacheStrategy] for RosterItems
2026.09.03 02:47:33 org.jivesoftware.util.cache.CacheFactory - Created cache [org.jivesoftware.util.cache.DefaultLocalCacheStrategy] for Multicast Service
2026.09.03 02:47:33 org.jivesoftware.util.cache.CacheFactory - Created cache [org.jivesoftware.util.cache.DefaultLocalCacheStrategy] for Offline Message Size
2026.09.03 02:47:33 org.jivesoftware.util.cache.CacheFactory - Created cache [org.jivesoftware.util.cache.DefaultLocalCacheStrategy] for VCard
2026.09.03 02:47:33 org.jivesoftware.util.cache.CacheFactory - Created cache [org.jivesoftware.util.cache.DefaultLocalCacheStrategy] for Privacy Lists
2026.09.03 02:47:33 org.jivesoftware.util.cache.CacheFactory - Created cache [org.jivesoftware.util.cache.DefaultLocalCacheStrategy] for File Transfer Cache
2026.09.03 02:47:34 org.jivesoftware.util.cache.CacheFactory - Created cache [org.jivesoftware.util.cache.DefaultLocalCacheStrategy] for Offline Presence Cache
2026.09.03 02:47:34 org.jivesoftware.util.cache.CacheFactory - Created cache [org.jivesoftware.util.cache.DefaultLocalCacheStrategy] for Last Activity Cache
2026.09.03 02:47:34 org.jivesoftware.util.cache.CacheFactory - Created cache [org.jivesoftware.util.cache.DefaultLocalCacheStrategy] for User
2026.09.03 02:47:34 org.jivesoftware.util.cache.CacheFactory - Created cache [org.jivesoftware.util.cache.DefaultLocalCacheStrategy] for Remote Users Existence
2026.09.03 02:47:34 org.jivesoftware.util.cache.CacheFactory - Created cache [org.jivesoftware.util.cache.DefaultLocalCacheStrategy] for Components Sessions
2026.09.03 02:47:34 org.jivesoftware.util.cache.CacheFactory - Created cache [org.jivesoftware.util.cache.DefaultLocalCacheStrategy] for Connection Managers Sessions
2026.09.03 02:47:34 org.jivesoftware.util.cache.CacheFactory - Created cache [org.jivesoftware.util.cache.DefaultLocalCacheStrategy] for Incoming Server Sessions
2026.09.03 02:47:34 org.jivesoftware.util.cache.CacheFactory - Created cache [org.jivesoftware.util.cache.DefaultLocalCacheStrategy] for Sessions by Hostname
2026.09.03 02:47:34 org.jivesoftware.util.cache.CacheFactory - Created cache [org.jivesoftware.util.cache.DefaultLocalCacheStrategy] for Validated Domains
2026.09.03 02:47:34 org.jivesoftware.util.cache.CacheFactory - Created cache [org.jivesoftware.util.cache.DefaultLocalCacheStrategy] for Client Session Info Cache
2026.09.03 02:47:34 org.jivesoftware.util.cache.CacheFactory - Created cache [org.jivesoftware.util.cache.DefaultLocalCacheStrategy] for Directed Presences
2026.09.03 02:47:34 org.jivesoftware.util.cache.CacheFactory - Created local-only cache [org.jivesoftware.util.cache.DefaultLocalCacheStrategy] for PEPServiceManager
2026.09.03 02:47:34 org.jivesoftware.util.cache.CacheFactory - Created cache [org.jivesoftware.util.cache.DefaultLocalCacheStrategy] for File Transfer
2026.09.03 02:47:34 org.jivesoftware.util.cache.CacheFactory - Created cache [org.jivesoftware.util.cache.DefaultLocalCacheStrategy] for Published Items
2026.09.03 02:47:34 org.jivesoftware.util.cache.CacheFactory - Created cache [org.jivesoftware.util.cache.DefaultLocalCacheStrategy] for Disco Server Features
2026.09.03 02:47:34 org.jivesoftware.util.cache.CacheFactory - Created cache [org.jivesoftware.util.cache.DefaultLocalCacheStrategy] for Disco Server Items
2026.09.03 02:47:34 org.jivesoftware.util.cache.CacheFactory - Created cache [org.jivesoftware.util.cache.DefaultLocalCacheStrategy] for Components
2026.09.03 02:47:34 org.jivesoftware.util.cache.CacheFactory - Created local-only cache [org.jivesoftware.util.cache.DefaultLocalCacheStrategy] for Entity Capabilities
2026.09.03 02:47:34 org.jivesoftware.util.cache.CacheFactory - Created local-only cache [org.jivesoftware.util.cache.DefaultLocalCacheStrategy] for Entity Capabilities Users
2026.09.03 02:47:34 org.jivesoftware.util.cache.CacheFactory - Created cache [org.jivesoftware.util.cache.DefaultLocalCacheStrategy] for Group
2026.09.03 02:47:34 org.jivesoftware.util.cache.CacheFactory - Created cache [org.jivesoftware.util.cache.DefaultLocalCacheStrategy] for Group Metadata Cache
2026.09.03 02:47:34 org.jivesoftware.openfire.pubsub.PubSubModule - Dominio de Publicar-Suscribir: pubsub.127.0.0.1
2026.09.03 02:47:34 org.jivesoftware.openfire.muc.spi.MultiUserChatServiceImpl - Dominio de Chat Multi-usuario: conference.127.0.0.1
2026.09.03 02:47:34 org.jivesoftware.openfire.XMPPServer - Openfire 4.5.0 Alpha [Sep 3, 2026, 2:47:34 AM]
2026.09.03 02:47:34 org.jivesoftware.openfire.XMPPServer - Accessing SystemProperty field org.jivesoftware.openfire.auth.AuthFactory#PASSWORD_KEY
2026.09.03 02:47:34 org.jivesoftware.openfire.XMPPServer - Accessing SystemProperty field org.jivesoftware.openfire.auth.AuthFactory#AUTH_PROVIDER
2026.09.03 02:47:34 org.jivesoftware.openfire.XMPPServer - Accessing SystemProperty field org.jivesoftware.openfire.sasl.ScramSha1SaslServer#ITERATION_COUNT
2026.09.03 02:47:34 org.jivesoftware.openfire.XMPPServer - Accessing SystemProperty field org.jivesoftware.openfire.vcard.VCardManager#VCARD_PROVIDER
2026.09.03 02:47:34 org.jivesoftware.openfire.XMPPServer - Accessing SystemProperty field org.jivesoftware.openfire.auth.HybridAuthProvider#PRIMARY_PROVIDER
2026.09.03 02:47:34 org.jivesoftware.openfire.XMPPServer - Accessing SystemProperty field org.jivesoftware.openfire.auth.HybridAuthProvider#SECONDARY_PROVIDER
2026.09.03 02:47:34 org.jivesoftware.openfire.XMPPServer - Accessing SystemProperty field org.jivesoftware.openfire.auth.HybridAuthProvider#TERTIARY_PROVIDER
2026.09.03 02:47:34 org.jivesoftware.openfire.XMPPServer - Accessing SystemProperty field org.jivesoftware.openfire.lockout.LockOutManager#LOCKOUT_PROVIDER
2026.09.03 02:47:34 org.jivesoftware.openfire.XMPPServer - Accessing SystemProperty field org.jivesoftware.openfire.user.UserManager#USER_PROVIDER
2026.09.03 02:47:34 org.jivesoftware.openfire.XMPPServer - Accessing SystemProperty field org.jivesoftware.openfire.user.UserManager#REMOTE_DISCO_INFO_TIMEOUT
2026.09.03 02:47:34 org.jivesoftware.openfire.XMPPServer - Accessing SystemProperty field org.jivesoftware.openfire.user.UserManager#USER_PROPERTY_PROVIDER
2026.09.03 02:47:34 org.jivesoftware.openfire.XMPPServer - Accessing SystemProperty field org.jivesoftware.openfire.SessionManager#CONFLICT_LIMIT
2026.09.03 02:47:34 org.jivesoftware.openfire.XMPPServer - Accessing SystemProperty field org.jivesoftware.openfire.group.GroupManager#GROUP_PROVIDER
2026.09.03 02:47:34 org.jivesoftware.openfire.XMPPServer - Accessing SystemProperty field org.jivesoftware.openfire.muc.spi.IQMuclumbusSearchHandler#PROPERTY_ENABLED
2026.09.03 02:47:34 org.jivesoftware.openfire.XMPPServer - Accessing SystemProperty field org.jivesoftware.openfire.sasl.AnonymousSaslServer#ENABLED
2026.09.03 02:47:34 org.jivesoftware.openfire.XMPPServer - Accessing SystemProperty field org.jivesoftware.openfire.net.SASLAuthentication#SKIP_PEER_CERT_REVALIDATION_CLIENT
2026.09.03 02:47:34 org.jivesoftware.openfire.net.SASLAuthentication - Support added for the 'ANONYMOUS' SASL mechanism.
2026.09.03 02:47:34 org.jivesoftware.openfire.net.SASLAuthentication - Support added for the 'PLAIN' SASL mechanism.
2026.09.03 02:47:34 org.jivesoftware.openfire.net.SASLAuthentication - Support added for the 'DIGEST-MD5' SASL mechanism.
2026.09.03 02:47:34 org.jivesoftware.openfire.net.SASLAuthentication - Support added for the 'CRAM-MD5' SASL mechanism.
2026.09.03 02:47:34 org.jivesoftware.openfire.net.SASLAuthentication - Support added for the 'SCRAM-SHA-1' SASL mechanism.
2026.09.03 02:47:34 org.jivesoftware.openfire.net.SASLAuthentication - Support added for the 'JIVE-SHAREDSECRET' SASL mechanism.
2026.09.03 02:47:34 org.jivesoftware.openfire.net.SASLAuthentication - Support added for the 'GSSAPI' SASL mechanism.
2026.09.03 02:47:34 org.jivesoftware.openfire.net.SASLAuthentication - Support added for the 'EXTERNAL' SASL mechanism.
2026.09.03 02:47:34 org.jivesoftware.openfire.XMPPServer - Accessing SystemProperty field org.jivesoftware.openfire.XMPPServerInfo#XMPP_DOMAIN
2026.09.03 02:47:34 org.jivesoftware.openfire.XMPPServer - Accessing SystemProperty field org.jivesoftware.openfire.sasl.ExternalClientSaslServer#PROPERTY_SASL_EXTERNAL_CLIENT_SUPPRESS_MATCHING_REALMNAME
2026.09.03 02:47:34 org.jivesoftware.openfire.XMPPServer - Accessing SystemProperty field org.jivesoftware.openfire.admin.AdminManager#ADMIN_PROVIDER
2026.09.03 02:47:34 org.jivesoftware.util.cache.CacheFactory - Created cache [org.jivesoftware.util.cache.DefaultLocalCacheStrategy] for Favicon Misses
2026.09.03 02:47:34 org.jivesoftware.util.cache.CacheFactory - Created cache [org.jivesoftware.util.cache.DefaultLocalCacheStrategy] for Favicon Hits
2026.09.03 02:47:34 org.jivesoftware.openfire.XMPPServer - Accessing SystemProperty field org.jivesoftware.openfire.security.SecurityAuditManager#AUDIT_PROVIDER
2026.09.03 02:47:34 org.jivesoftware.openfire.container.AdminConsolePlugin - Consola de administración escuchando en http://127.0.0.1:9090
2026.09.03 02:47:34 org.jivesoftware.openfire.XMPPServer - Accessing SystemProperty field org.jivesoftware.openfire.admin.DefaultAdminProvider#ADMIN_JIDS
2026.09.03 02:47:34 org.jivesoftware.openfire.XMPPServer - Accessing SystemProperty field org.jivesoftware.openfire.cluster.ClusterMonitor#ENABLED
2026.09.03 02:47:34 org.jivesoftware.openfire.XMPPServer - Accessing SystemProperty field org.jivesoftware.openfire.ldap.LdapVCardProvider#STORE_AVATAR_IN_DB
2026.09.03 02:47:34 org.jivesoftware.openfire.XMPPServer - Accessing SystemProperty field org.jivesoftware.openfire.spi.EncryptionArtifactFactory#TRUST_MANAGER_CLASS
2026.09.03 02:47:34 org.jivesoftware.openfire.XMPPServer - Accessing SystemProperty field org.jivesoftware.openfire.update.UpdateManager#ENABLED
2026.09.03 02:47:34 org.jivesoftware.openfire.XMPPServer - Accessing SystemProperty field org.jivesoftware.openfire.update.UpdateManager#NOTIFY_ADMINS
2026.09.03 02:47:34 org.jivesoftware.openfire.XMPPServer - Accessing SystemProperty field org.jivesoftware.openfire.update.UpdateManager#LAST_UPDATE_CHECK
2026.09.03 02:47:34 org.jivesoftware.openfire.XMPPServer - Accessing SystemProperty field org.jivesoftware.openfire.update.UpdateManager#UPDATE_FREQUENCY
2026.09.03 02:47:34 org.jivesoftware.openfire.XMPPServer - Accessing SystemProperty field org.jivesoftware.openfire.update.UpdateManager#PROXY_HOST
2026.09.03 02:47:34 org.jivesoftware.openfire.XMPPServer - Accessing SystemProperty field org.jivesoftware.openfire.update.UpdateManager#PROXY_PORT
2026.09.03 02:47:34 org.jivesoftware.openfire.container.PluginManager - Successfully loaded plugin 'admin'.
2026.09.03 02:47:35 org.jivesoftware.openfire.container.PluginManager - Successfully loaded plugin 'nonsaslauthentication'.
2026.09.03 02:47:35 org.jivesoftware.openfire.container.PluginManager - Successfully loaded plugin 'search'.
2026.09.03 02:47:35 org.jivesoftware.openfire.container.PluginManager - Successfully loaded plugin 'restapi'.
2026.09.03 02:47:35 org.jivesoftware.openfire.container.PluginMonitor - Finished processing all plugins.
2026.09.03 02:47:35 org.jivesoftware.openfire.spi.ConnectionListener[socket_c2s] - Started.
2026.09.03 02:47:35 org.jivesoftware.openfire.spi.ConnectionListener[socket_c2s-legacyMode] - Started.
2026.09.03 02:47:35 org.jivesoftware.openfire.spi.ConnectionListener[socket_s2s] - Started.
2026.09.03 02:47:35 org.jivesoftware.openfire.spi.ConnectionListener[socket_s2s-legacyMode] - Started.
2026.09.03 02:47:35 org.jivesoftware.openfire.spi.ConnectionListener[component] - Started.
2026.09.03 02:47:35 org.jivesoftware.openfire.spi.ConnectionListener[component-legacyMode] - Started.
2026.09.03 02:47:35 org.jivesoftware.openfire.spi.ConnectionListener[connection_manager] - Started.
2026.09.03 02:47:35 org.jivesoftware.openfire.spi.ConnectionListener[connection_manager-legacyMode] - Started.
2026.09.03 02:47:35 org.jivesoftware.openfire.http.HttpSessionManager - Starting instance
2026.09.03 02:47:35 org.jivesoftware.openfire.http.HttpBindManager - HTTP bind service started
2026.09.03 02:47:59 org.jivesoftware.util.cache.CacheFactory - Created cache [org.jivesoftware.util.cache.DefaultLocalCacheStrategy] for Locked Out Accounts
2026.09.03 18:59:17 org.jivesoftware.openfire.XMPPServer - Registering shutdown hook (standalone mode)
2026.09.03 18:59:18 hsqldb.db.HSQLDBA0638C63BF.ENGINE - checkpointClose start
2026.09.03 18:59:18 hsqldb.db.HSQLDBA0638C63BF.ENGINE - checkpointClose synched
2026.09.03 18:59:18 hsqldb.db.HSQLDBA0638C63BF.ENGINE - checkpointClose script done
2026.09.03 18:59:18 hsqldb.db.HSQLDBA0638C63BF.ENGINE - checkpointClose end
2026.09.03 18:59:18 org.jivesoftware.util.cache.CacheFactory - Created cache [org.jivesoftware.util.cache.DefaultLocalCacheStrategy] for Routing Servers Cache
2026.09.03 18:59:18 org.jivesoftware.util.cache.CacheFactory - Created cache [org.jivesoftware.util.cache.DefaultLocalCacheStrategy] for Routing Components Cache
2026.09.03 18:59:18 org.jivesoftware.util.cache.CacheFactory - Created cache [org.jivesoftware.util.cache.DefaultLocalCacheStrategy] for Routing Users Cache
2026.09.03 18:59:18 org.jivesoftware.util.cache.CacheFactory - Created cache [org.jivesoftware.util.cache.DefaultLocalCacheStrategy] for Routing AnonymousUsers Cache
2026.09.03 18:59:18 org.jivesoftware.util.cache.CacheFactory - Created cache [org.jivesoftware.util.cache.DefaultLocalCacheStrategy] for Routing User Sessions
2026.09.03 18:59:18 org.jivesoftware.util.cache.CacheFactory - Created cache [org.jivesoftware.util.cache.DefaultLocalCacheStrategy] for Roster
2026.09.03 18:59:18 org.jivesoftware.util.cache.CacheFactory - Created cache [org.jivesoftware.util.cache.DefaultLocalCacheStrategy] for RosterItems
2026.09.03 18:59:19 org.jivesoftware.util.cache.CacheFactory - Created cache [org.jivesoftware.util.cache.DefaultLocalCacheStrategy] for Multicast Service
2026.09.03 18:59:19 org.jivesoftware.util.cache.CacheFactory - Created cache [org.jivesoftware.util.cache.DefaultLocalCacheStrategy] for Offline Message Size
2026.09.03 18:59:19 org.jivesoftware.util.cache.CacheFactory - Created cache [org.jivesoftware.util.cache.DefaultLocalCacheStrategy] for VCard
2026.09.03 18:59:19 org.jivesoftware.util.cache.CacheFactory - Created cache [org.jivesoftware.util.cache.DefaultLocalCacheStrategy] for Privacy Lists
2026.09.03 18:59:19 org.jivesoftware.util.cache.CacheFactory - Created cache [org.jivesoftware.util.cache.DefaultLocalCacheStrategy] for File Transfer Cache
2026.09.03 18:59:19 org.jivesoftware.util.cache.CacheFactory - Created cache [org.jivesoftware.util.cache.DefaultLocalCacheStrategy] for Offline Presence Cache
2026.09.03 18:59:19 org.jivesoftware.util.cache.CacheFactory - Created cache [org.jivesoftware.util.cache.DefaultLocalCacheStrategy] for Last Activity Cache
2026.09.03 18:59:19 org.jivesoftware.util.cache.CacheFactory - Created cache [org.jivesoftware.util.cache.DefaultLocalCacheStrategy] for User
2026.09.03 18:59:19 org.jivesoftware.util.cache.CacheFactory - Created cache [org.jivesoftware.util.cache.DefaultLocalCacheStrategy] for Remote Users Existence
2026.09.03 18:59:19 org.jivesoftware.util.cache.CacheFactory - Created cache [org.jivesoftware.util.cache.DefaultLocalCacheStrategy] for Components Sessions
2026.09.03 18:59:19 org.jivesoftware.util.cache.CacheFactory - Created cache [org.jivesoftware.util.cache.DefaultLocalCacheStrategy] for Connection Managers Sessions
2026.09.03 18:59:19 org.jivesoftware.util.cache.CacheFactory - Created cache [org.jivesoftware.util.cache.DefaultLocalCacheStrategy] for Incoming Server Sessions
2026.09.03 18:59:19 org.jivesoftware.util.cache.CacheFactory - Created cache [org.jivesoftware.util.cache.DefaultLocalCacheStrategy] for Sessions by Hostname
2026.09.03 18:59:19 org.jivesoftware.util.cache.CacheFactory - Created cache [org.jivesoftware.util.cache.DefaultLocalCacheStrategy] for Validated Domains
2026.09.03 18:59:19 org.jivesoftware.util.cache.CacheFactory - Created cache [org.jivesoftware.util.cache.DefaultLocalCacheStrategy] for Client Session Info Cache
2026.09.03 18:59:19 org.jivesoftware.util.cache.CacheFactory - Created cache [org.jivesoftware.util.cache.DefaultLocalCacheStrategy] for Directed Presences
2026.09.03 18:59:19 org.jivesoftware.util.cache.CacheFactory - Created local-only cache [org.jivesoftware.util.cache.DefaultLocalCacheStrategy] for PEPServiceManager
2026.09.03 18:59:19 org.jivesoftware.util.cache.CacheFactory - Created cache [org.jivesoftware.util.cache.DefaultLocalCacheStrategy] for File Transfer
2026.09.03 18:59:19 org.jivesoftware.util.cache.CacheFactory - Created cache [org.jivesoftware.util.cache.DefaultLocalCacheStrategy] for Published Items
2026.09.03 18:59:19 org.jivesoftware.util.cache.CacheFactory - Created cache [org.jivesoftware.util.cache.DefaultLocalCacheStrategy] for Disco Server Features
2026.09.03 18:59:19 org.jivesoftware.util.cache.CacheFactory - Created cache [org.jivesoftware.util.cache.DefaultLocalCacheStrategy] for Disco Server Items
2026.09.03 18:59:19 org.jivesoftware.util.cache.CacheFactory - Created cache [org.jivesoftware.util.cache.DefaultLocalCacheStrategy] for Components
2026.09.03 18:59:19 org.jivesoftware.util.cache.CacheFactory - Created local-only cache [org.jivesoftware.util.cache.DefaultLocalCacheStrategy] for Entity Capabilities
2026.09.03 18:59:19 org.jivesoftware.util.cache.CacheFactory - Created local-only cache [org.jivesoftware.util.cache.DefaultLocalCacheStrategy] for Entity Capabilities Users
2026.09.03 18:59:19 org.jivesoftware.util.cache.CacheFactory - Created cache [org.jivesoftware.util.cache.DefaultLocalCacheStrategy] for Group
2026.09.03 18:59:19 org.jivesoftware.util.cache.CacheFactory - Created cache [org.jivesoftware.util.cache.DefaultLocalCacheStrategy] for Group Metadata Cache
2026.09.03 18:59:19 org.jivesoftware.openfire.pubsub.PubSubModule - Dominio de Publicar-Suscribir: pubsub.127.0.0.1
2026.09.03 18:59:19 org.jivesoftware.openfire.muc.spi.MultiUserChatServiceImpl - Dominio de Chat Multi-usuario: conference.127.0.0.1
2026.09.03 18:59:19 org.jivesoftware.openfire.XMPPServer - Openfire 4.5.0 Alpha [Sep 3, 2026, 6:59:19 PM]
2026.09.03 18:59:20 org.jivesoftware.openfire.XMPPServer - Accessing SystemProperty field org.jivesoftware.openfire.auth.AuthFactory#PASSWORD_KEY
2026.09.03 18:59:20 org.jivesoftware.openfire.XMPPServer - Accessing SystemProperty field org.jivesoftware.openfire.auth.AuthFactory#AUTH_PROVIDER
2026.09.03 18:59:20 org.jivesoftware.openfire.XMPPServer - Accessing SystemProperty field org.jivesoftware.openfire.sasl.ScramSha1SaslServer#ITERATION_COUNT
2026.09.03 18:59:20 org.jivesoftware.openfire.XMPPServer - Accessing SystemProperty field org.jivesoftware.openfire.vcard.VCardManager#VCARD_PROVIDER
2026.09.03 18:59:20 org.jivesoftware.openfire.XMPPServer - Accessing SystemProperty field org.jivesoftware.openfire.auth.HybridAuthProvider#PRIMARY_PROVIDER
2026.09.03 18:59:20 org.jivesoftware.openfire.XMPPServer - Accessing SystemProperty field org.jivesoftware.openfire.auth.HybridAuthProvider#SECONDARY_PROVIDER
2026.09.03 18:59:20 org.jivesoftware.openfire.XMPPServer - Accessing SystemProperty field org.jivesoftware.openfire.auth.HybridAuthProvider#TERTIARY_PROVIDER
2026.09.03 18:59:20 org.jivesoftware.openfire.XMPPServer - Accessing SystemProperty field org.jivesoftware.openfire.lockout.LockOutManager#LOCKOUT_PROVIDER
2026.09.03 18:59:20 org.jivesoftware.openfire.XMPPServer - Accessing SystemProperty field org.jivesoftware.openfire.user.UserManager#USER_PROVIDER
2026.09.03 18:59:20 org.jivesoftware.openfire.XMPPServer - Accessing SystemProperty field org.jivesoftware.openfire.user.UserManager#REMOTE_DISCO_INFO_TIMEOUT
2026.09.03 18:59:20 org.jivesoftware.openfire.XMPPServer - Accessing SystemProperty field org.jivesoftware.openfire.user.UserManager#USER_PROPERTY_PROVIDER
2026.09.03 18:59:20 org.jivesoftware.openfire.XMPPServer - Accessing SystemProperty field org.jivesoftware.openfire.SessionManager#CONFLICT_LIMIT
2026.09.03 18:59:20 org.jivesoftware.openfire.XMPPServer - Accessing SystemProperty field org.jivesoftware.openfire.group.GroupManager#GROUP_PROVIDER
2026.09.03 18:59:20 org.jivesoftware.openfire.XMPPServer - Accessing SystemProperty field org.jivesoftware.openfire.muc.spi.IQMuclumbusSearchHandler#PROPERTY_ENABLED
2026.09.03 18:59:20 org.jivesoftware.openfire.XMPPServer - Accessing SystemProperty field org.jivesoftware.openfire.sasl.AnonymousSaslServer#ENABLED
2026.09.03 18:59:20 org.jivesoftware.openfire.XMPPServer - Accessing SystemProperty field org.jivesoftware.openfire.net.SASLAuthentication#SKIP_PEER_CERT_REVALIDATION_CLIENT
2026.09.03 18:59:20 org.jivesoftware.openfire.net.SASLAuthentication - Support added for the 'ANONYMOUS' SASL mechanism.
2026.09.03 18:59:20 org.jivesoftware.openfire.net.SASLAuthentication - Support added for the 'PLAIN' SASL mechanism.
2026.09.03 18:59:20 org.jivesoftware.openfire.net.SASLAuthentication - Support added for the 'DIGEST-MD5' SASL mechanism.
2026.09.03 18:59:20 org.jivesoftware.openfire.net.SASLAuthentication - Support added for the 'CRAM-MD5' SASL mechanism.
2026.09.03 18:59:20 org.jivesoftware.openfire.net.SASLAuthentication - Support added for the 'SCRAM-SHA-1' SASL mechanism.
2026.09.03 18:59:20 org.jivesoftware.openfire.net.SASLAuthentication - Support added for the 'JIVE-SHAREDSECRET' SASL mechanism.
2026.09.03 18:59:20 org.jivesoftware.openfire.net.SASLAuthentication - Support added for the 'GSSAPI' SASL mechanism.
2026.09.03 18:59:20 org.jivesoftware.openfire.net.SASLAuthentication - Support added for the 'EXTERNAL' SASL mechanism.
2026.09.03 18:59:20 org.jivesoftware.openfire.XMPPServer - Accessing SystemProperty field org.jivesoftware.openfire.XMPPServerInfo#XMPP_DOMAIN
2026.09.03 18:59:20 org.jivesoftware.openfire.XMPPServer - Accessing SystemProperty field org.jivesoftware.openfire.sasl.ExternalClientSaslServer#PROPERTY_SASL_EXTERNAL_CLIENT_SUPPRESS_MATCHING_REALMNAME
2026.09.03 18:59:20 org.jivesoftware.openfire.XMPPServer - Accessing SystemProperty field org.jivesoftware.openfire.admin.AdminManager#ADMIN_PROVIDER
2026.09.03 18:59:20 org.jivesoftware.openfire.XMPPServer - Accessing SystemProperty field org.jivesoftware.openfire.security.SecurityAuditManager#AUDIT_PROVIDER
2026.09.03 18:59:20 org.jivesoftware.openfire.XMPPServer - Accessing SystemProperty field org.jivesoftware.openfire.admin.DefaultAdminProvider#ADMIN_JIDS
2026.09.03 18:59:20 org.jivesoftware.openfire.XMPPServer - Accessing SystemProperty field org.jivesoftware.openfire.cluster.ClusterMonitor#ENABLED
2026.09.03 18:59:20 org.jivesoftware.util.cache.CacheFactory - Created cache [org.jivesoftware.util.cache.DefaultLocalCacheStrategy] for Favicon Misses
2026.09.03 18:59:20 org.jivesoftware.util.cache.CacheFactory - Created cache [org.jivesoftware.util.cache.DefaultLocalCacheStrategy] for Favicon Hits
2026.09.03 18:59:20 org.jivesoftware.openfire.XMPPServer - Accessing SystemProperty field org.jivesoftware.openfire.ldap.LdapVCardProvider#STORE_AVATAR_IN_DB
2026.09.03 18:59:20 org.jivesoftware.openfire.XMPPServer - Accessing SystemProperty field org.jivesoftware.openfire.spi.EncryptionArtifactFactory#TRUST_MANAGER_CLASS
2026.09.03 18:59:20 org.jivesoftware.openfire.XMPPServer - Accessing SystemProperty field org.jivesoftware.openfire.update.UpdateManager#ENABLED
2026.09.03 18:59:20 org.jivesoftware.openfire.XMPPServer - Accessing SystemProperty field org.jivesoftware.openfire.update.UpdateManager#NOTIFY_ADMINS
2026.09.03 18:59:20 org.jivesoftware.openfire.XMPPServer - Accessing SystemProperty field org.jivesoftware.openfire.update.UpdateManager#LAST_UPDATE_CHECK
2026.09.03 18:59:20 org.jivesoftware.openfire.XMPPServer - Accessing SystemProperty field org.jivesoftware.openfire.update.UpdateManager#UPDATE_FREQUENCY
2026.09.03 18:59:20 org.jivesoftware.openfire.XMPPServer - Accessing SystemProperty field org.jivesoftware.openfire.update.UpdateManager#PROXY_HOST
2026.09.03 18:59:20 org.jivesoftware.openfire.XMPPServer - Accessing SystemProperty field org.jivesoftware.openfire.update.UpdateManager#PROXY_PORT
2026.09.03 18:59:20 org.jivesoftware.openfire.container.AdminConsolePlugin - Consola de administración escuchando en http://127.0.0.1:9090
2026.09.03 18:59:20 org.jivesoftware.openfire.container.PluginManager - Successfully loaded plugin 'admin'.
2026.09.03 18:59:20 org.jivesoftware.openfire.container.PluginManager - Successfully loaded plugin 'nonsaslauthentication'.
2026.09.03 18:59:20 org.jivesoftware.openfire.container.PluginManager - Successfully loaded plugin 'search'.
2026.09.03 18:59:21 org.jivesoftware.openfire.container.PluginManager - Successfully loaded plugin 'restapi'.
2026.09.03 18:59:21 org.jivesoftware.openfire.container.PluginMonitor - Finished processing all plugins.
2026.09.03 18:59:21 org.jivesoftware.openfire.spi.ConnectionListener[socket_c2s] - Started.
2026.09.03 18:59:21 org.jivesoftware.openfire.spi.ConnectionListener[socket_c2s-legacyMode] - Started.
2026.09.03 18:59:21 org.jivesoftware.openfire.spi.ConnectionListener[socket_s2s] - Started.
2026.09.03 18:59:21 org.jivesoftware.openfire.spi.ConnectionListener[socket_s2s-legacyMode] - Started.
2026.09.03 18:59:21 org.jivesoftware.openfire.spi.ConnectionListener[component] - Started.
2026.09.03 18:59:21 org.jivesoftware.openfire.spi.ConnectionListener[component-legacyMode] - Started.
2026.09.03 18:59:21 org.jivesoftware.openfire.spi.ConnectionListener[connection_manager] - Started.
2026.09.03 18:59:21 org.jivesoftware.openfire.spi.ConnectionListener[connection_manager-legacyMode] - Started.
2026.09.03 18:59:21 org.jivesoftware.openfire.http.HttpSessionManager - Starting instance
2026.09.03 18:59:21 org.jivesoftware.openfire.http.HttpBindManager - HTTP bind service started
2026.09.03 18:59:47 org.jivesoftware.util.cache.CacheFactory - Created cache [org.jivesoftware.util.cache.DefaultLocalCacheStrategy] for Locked Out Accounts
2026.09.04 15:16:27 org.jivesoftware.openfire.XMPPServer - Registering shutdown hook (standalone mode)
2026.09.04 15:16:28 hsqldb.db.HSQLDBA0638C63BF.ENGINE - checkpointClose start
2026.09.04 15:16:28 hsqldb.db.HSQLDBA0638C63BF.ENGINE - checkpointClose synched
2026.09.04 15:16:28 hsqldb.db.HSQLDBA0638C63BF.ENGINE - checkpointClose script done
2026.09.04 15:16:28 hsqldb.db.HSQLDBA0638C63BF.ENGINE - checkpointClose end
2026.09.04 15:16:28 org.jivesoftware.util.cache.CacheFactory - Created cache [org.jivesoftware.util.cache.DefaultLocalCacheStrategy] for Routing Servers Cache
2026.09.04 15:16:28 org.jivesoftware.util.cache.CacheFactory - Created cache [org.jivesoftware.util.cache.DefaultLocalCacheStrategy] for Routing Components Cache
2026.09.04 15:16:28 org.jivesoftware.util.cache.CacheFactory - Created cache [org.jivesoftware.util.cache.DefaultLocalCacheStrategy] for Routing Users Cache
2026.09.04 15:16:28 org.jivesoftware.util.cache.CacheFactory - Created cache [org.jivesoftware.util.cache.DefaultLocalCacheStrategy] for Routing AnonymousUsers Cache
2026.09.04 15:16:28 org.jivesoftware.util.cache.CacheFactory - Created cache [org.jivesoftware.util.cache.DefaultLocalCacheStrategy] for Routing User Sessions
2026.09.04 15:16:28 org.jivesoftware.util.cache.CacheFactory - Created cache [org.jivesoftware.util.cache.DefaultLocalCacheStrategy] for Roster
2026.09.04 15:16:28 org.jivesoftware.util.cache.CacheFactory - Created cache [org.jivesoftware.util.cache.DefaultLocalCacheStrategy] for RosterItems
2026.09.04 15:16:28 org.jivesoftware.util.cache.CacheFactory - Created cache [org.jivesoftware.util.cache.DefaultLocalCacheStrategy] for Multicast Service
2026.09.04 15:16:28 org.jivesoftware.util.cache.CacheFactory - Created cache [org.jivesoftware.util.cache.DefaultLocalCacheStrategy] for Offline Message Size
2026.09.04 15:16:28 org.jivesoftware.util.cache.CacheFactory - Created cache [org.jivesoftware.util.cache.DefaultLocalCacheStrategy] for VCard
2026.09.04 15:16:29 org.jivesoftware.util.cache.CacheFactory - Created cache [org.jivesoftware.util.cache.DefaultLocalCacheStrategy] for Privacy Lists
2026.09.04 15:16:29 org.jivesoftware.util.cache.CacheFactory - Created cache [org.jivesoftware.util.cache.DefaultLocalCacheStrategy] for File Transfer Cache
2026.09.04 15:16:29 org.jivesoftware.util.cache.CacheFactory - Created cache [org.jivesoftware.util.cache.DefaultLocalCacheStrategy] for Offline Presence Cache
2026.09.04 15:16:29 org.jivesoftware.util.cache.CacheFactory - Created cache [org.jivesoftware.util.cache.DefaultLocalCacheStrategy] for Last Activity Cache
2026.09.04 15:16:29 org.jivesoftware.util.cache.CacheFactory - Created cache [org.jivesoftware.util.cache.DefaultLocalCacheStrategy] for User
2026.09.04 15:16:29 org.jivesoftware.util.cache.CacheFactory - Created cache [org.jivesoftware.util.cache.DefaultLocalCacheStrategy] for Remote Users Existence
2026.09.04 15:16:29 org.jivesoftware.util.cache.CacheFactory - Created cache [org.jivesoftware.util.cache.DefaultLocalCacheStrategy] for Components Sessions
2026.09.04 15:16:29 org.jivesoftware.util.cache.CacheFactory - Created cache [org.jivesoftware.util.cache.DefaultLocalCacheStrategy] for Connection Managers Sessions
2026.09.04 15:16:29 org.jivesoftware.util.cache.CacheFactory - Created cache [org.jivesoftware.util.cache.DefaultLocalCacheStrategy] for Incoming Server Sessions
2026.09.04 15:16:29 org.jivesoftware.util.cache.CacheFactory - Created cache [org.jivesoftware.util.cache.DefaultLocalCacheStrategy] for Sessions by Hostname
2026.09.04 15:16:29 org.jivesoftware.util.cache.CacheFactory - Created cache [org.jivesoftware.util.cache.DefaultLocalCacheStrategy] for Validated Domains
2026.09.04 15:16:29 org.jivesoftware.util.cache.CacheFactory - Created cache [org.jivesoftware.util.cache.DefaultLocalCacheStrategy] for Client Session Info Cache
2026.09.04 15:16:29 org.jivesoftware.util.cache.CacheFactory - Created cache [org.jivesoftware.util.cache.DefaultLocalCacheStrategy] for Directed Presences
2026.09.04 15:16:29 org.jivesoftware.util.cache.CacheFactory - Created local-only cache [org.jivesoftware.util.cache.DefaultLocalCacheStrategy] for PEPServiceManager
2026.09.04 15:16:29 org.jivesoftware.util.cache.CacheFactory - Created cache [org.jivesoftware.util.cache.DefaultLocalCacheStrategy] for File Transfer
2026.09.04 15:16:29 org.jivesoftware.util.cache.CacheFactory - Created cache [org.jivesoftware.util.cache.DefaultLocalCacheStrategy] for Published Items
2026.09.04 15:16:29 org.jivesoftware.util.cache.CacheFactory - Created cache [org.jivesoftware.util.cache.DefaultLocalCacheStrategy] for Disco Server Features
2026.09.04 15:16:29 org.jivesoftware.util.cache.CacheFactory - Created cache [org.jivesoftware.util.cache.DefaultLocalCacheStrategy] for Disco Server Items
2026.09.04 15:16:29 org.jivesoftware.util.cache.CacheFactory - Created cache [org.jivesoftware.util.cache.DefaultLocalCacheStrategy] for Components
2026.09.04 15:16:29 org.jivesoftware.util.cache.CacheFactory - Created local-only cache [org.jivesoftware.util.cache.DefaultLocalCacheStrategy] for Entity Capabilities
2026.09.04 15:16:29 org.jivesoftware.util.cache.CacheFactory - Created local-only cache [org.jivesoftware.util.cache.DefaultLocalCacheStrategy] for Entity Capabilities Users
2026.09.04 15:16:29 org.jivesoftware.util.cache.CacheFactory - Created cache [org.jivesoftware.util.cache.DefaultLocalCacheStrategy] for Group
2026.09.04 15:16:29 org.jivesoftware.util.cache.CacheFactory - Created cache [org.jivesoftware.util.cache.DefaultLocalCacheStrategy] for Group Metadata Cache
2026.09.04 15:16:29 org.jivesoftware.openfire.pubsub.PubSubModule - Dominio de Publicar-Suscribir: pubsub.127.0.0.1
2026.09.04 15:16:29 org.jivesoftware.openfire.muc.spi.MultiUserChatServiceImpl - Dominio de Chat Multi-usuario: conference.127.0.0.1
2026.09.04 15:16:29 org.jivesoftware.openfire.XMPPServer - Openfire 4.5.0 Alpha [Sep 4, 2026, 3:16:29 PM]
2026.09.04 15:16:30 org.jivesoftware.openfire.XMPPServer - Accessing SystemProperty field org.jivesoftware.openfire.auth.AuthFactory#PASSWORD_KEY
2026.09.04 15:16:30 org.jivesoftware.openfire.XMPPServer - Accessing SystemProperty field org.jivesoftware.openfire.auth.AuthFactory#AUTH_PROVIDER
2026.09.04 15:16:30 org.jivesoftware.openfire.XMPPServer - Accessing SystemProperty field org.jivesoftware.openfire.sasl.ScramSha1SaslServer#ITERATION_COUNT
2026.09.04 15:16:30 org.jivesoftware.openfire.XMPPServer - Accessing SystemProperty field org.jivesoftware.openfire.vcard.VCardManager#VCARD_PROVIDER
2026.09.04 15:16:30 org.jivesoftware.openfire.XMPPServer - Accessing SystemProperty field org.jivesoftware.openfire.auth.HybridAuthProvider#PRIMARY_PROVIDER
2026.09.04 15:16:30 org.jivesoftware.openfire.XMPPServer - Accessing SystemProperty field org.jivesoftware.openfire.auth.HybridAuthProvider#SECONDARY_PROVIDER
2026.09.04 15:16:30 org.jivesoftware.openfire.XMPPServer - Accessing SystemProperty field org.jivesoftware.openfire.auth.HybridAuthProvider#TERTIARY_PROVIDER
2026.09.04 15:16:31 org.jivesoftware.openfire.XMPPServer - Accessing SystemProperty field org.jivesoftware.openfire.lockout.LockOutManager#LOCKOUT_PROVIDER
2026.09.04 15:16:31 org.jivesoftware.openfire.XMPPServer - Accessing SystemProperty field org.jivesoftware.openfire.user.UserManager#USER_PROVIDER
2026.09.04 15:16:31 org.jivesoftware.openfire.XMPPServer - Accessing SystemProperty field org.jivesoftware.openfire.user.UserManager#REMOTE_DISCO_INFO_TIMEOUT
2026.09.04 15:16:31 org.jivesoftware.openfire.XMPPServer - Accessing SystemProperty field org.jivesoftware.openfire.user.UserManager#USER_PROPERTY_PROVIDER
2026.09.04 15:16:31 org.jivesoftware.openfire.XMPPServer - Accessing SystemProperty field org.jivesoftware.openfire.SessionManager#CONFLICT_LIMIT
2026.09.04 15:16:31 org.jivesoftware.openfire.XMPPServer - Accessing SystemProperty field org.jivesoftware.openfire.group.GroupManager#GROUP_PROVIDER
2026.09.04 15:16:31 org.jivesoftware.openfire.XMPPServer - Accessing SystemProperty field org.jivesoftware.openfire.muc.spi.IQMuclumbusSearchHandler#PROPERTY_ENABLED
2026.09.04 15:16:31 org.jivesoftware.openfire.XMPPServer - Accessing SystemProperty field org.jivesoftware.openfire.sasl.AnonymousSaslServer#ENABLED
2026.09.04 15:16:31 org.jivesoftware.openfire.XMPPServer - Accessing SystemProperty field org.jivesoftware.openfire.net.SASLAuthentication#SKIP_PEER_CERT_REVALIDATION_CLIENT
2026.09.04 15:16:31 org.jivesoftware.openfire.net.SASLAuthentication - Support added for the 'ANONYMOUS' SASL mechanism.
2026.09.04 15:16:31 org.jivesoftware.openfire.net.SASLAuthentication - Support added for the 'PLAIN' SASL mechanism.
2026.09.04 15:16:31 org.jivesoftware.openfire.net.SASLAuthentication - Support added for the 'DIGEST-MD5' SASL mechanism.
2026.09.04 15:16:31 org.jivesoftware.openfire.net.SASLAuthentication - Support added for the 'CRAM-MD5' SASL mechanism.
2026.09.04 15:16:31 org.jivesoftware.openfire.net.SASLAuthentication - Support added for the 'SCRAM-SHA-1' SASL mechanism.
2026.09.04 15:16:31 org.jivesoftware.openfire.net.SASLAuthentication - Support added for the 'JIVE-SHAREDSECRET' SASL mechanism.
2026.09.04 15:16:31 org.jivesoftware.openfire.net.SASLAuthentication - Support added for the 'GSSAPI' SASL mechanism.
2026.09.04 15:16:31 org.jivesoftware.openfire.net.SASLAuthentication - Support added for the 'EXTERNAL' SASL mechanism.
2026.09.04 15:16:31 org.jivesoftware.openfire.XMPPServer - Accessing SystemProperty field org.jivesoftware.openfire.XMPPServerInfo#XMPP_DOMAIN
2026.09.04 15:16:31 org.jivesoftware.openfire.XMPPServer - Accessing SystemProperty field org.jivesoftware.openfire.sasl.ExternalClientSaslServer#PROPERTY_SASL_EXTERNAL_CLIENT_SUPPRESS_MATCHING_REALMNAME
2026.09.04 15:16:31 org.jivesoftware.openfire.XMPPServer - Accessing SystemProperty field org.jivesoftware.openfire.admin.AdminManager#ADMIN_PROVIDER
2026.09.04 15:16:31 org.jivesoftware.openfire.XMPPServer - Accessing SystemProperty field org.jivesoftware.openfire.security.SecurityAuditManager#AUDIT_PROVIDER
2026.09.04 15:16:31 org.jivesoftware.openfire.XMPPServer - Accessing SystemProperty field org.jivesoftware.openfire.admin.DefaultAdminProvider#ADMIN_JIDS
2026.09.04 15:16:31 org.jivesoftware.openfire.XMPPServer - Accessing SystemProperty field org.jivesoftware.openfire.cluster.ClusterMonitor#ENABLED
2026.09.04 15:16:31 org.jivesoftware.openfire.XMPPServer - Accessing SystemProperty field org.jivesoftware.openfire.ldap.LdapVCardProvider#STORE_AVATAR_IN_DB
2026.09.04 15:16:31 org.jivesoftware.openfire.XMPPServer - Accessing SystemProperty field org.jivesoftware.openfire.spi.EncryptionArtifactFactory#TRUST_MANAGER_CLASS
2026.09.04 15:16:31 org.jivesoftware.openfire.XMPPServer - Accessing SystemProperty field org.jivesoftware.openfire.update.UpdateManager#ENABLED
2026.09.04 15:16:31 org.jivesoftware.openfire.XMPPServer - Accessing SystemProperty field org.jivesoftware.openfire.update.UpdateManager#NOTIFY_ADMINS
2026.09.04 15:16:31 org.jivesoftware.openfire.XMPPServer - Accessing SystemProperty field org.jivesoftware.openfire.update.UpdateManager#LAST_UPDATE_CHECK
2026.09.04 15:16:31 org.jivesoftware.openfire.XMPPServer - Accessing SystemProperty field org.jivesoftware.openfire.update.UpdateManager#UPDATE_FREQUENCY
2026.09.04 15:16:31 org.jivesoftware.openfire.XMPPServer - Accessing SystemProperty field org.jivesoftware.openfire.update.UpdateManager#PROXY_HOST
2026.09.04 15:16:31 org.jivesoftware.openfire.XMPPServer - Accessing SystemProperty field org.jivesoftware.openfire.update.UpdateManager#PROXY_PORT
2026.09.04 15:16:31 org.jivesoftware.util.cache.CacheFactory - Created cache [org.jivesoftware.util.cache.DefaultLocalCacheStrategy] for Favicon Misses
2026.09.04 15:16:31 org.jivesoftware.util.cache.CacheFactory - Created cache [org.jivesoftware.util.cache.DefaultLocalCacheStrategy] for Favicon Hits
2026.09.04 15:16:31 org.jivesoftware.openfire.container.AdminConsolePlugin - Consola de administración escuchando en http://127.0.0.1:9090
2026.09.04 15:16:32 org.jivesoftware.openfire.container.PluginManager - Successfully loaded plugin 'admin'.
2026.09.04 15:16:32 org.jivesoftware.openfire.container.PluginManager - Successfully loaded plugin 'nonsaslauthentication'.
2026.09.04 15:16:32 org.jivesoftware.openfire.container.PluginManager - Successfully loaded plugin 'search'.
2026.09.04 15:16:33 org.jivesoftware.openfire.container.PluginManager - Successfully loaded plugin 'restapi'.
2026.09.04 15:16:34 org.jivesoftware.openfire.container.PluginMonitor - Finished processing all plugins.
2026.09.04 15:16:34 org.jivesoftware.openfire.spi.ConnectionListener[socket_c2s] - Started.
2026.09.04 15:16:34 org.jivesoftware.openfire.spi.ConnectionListener[socket_c2s-legacyMode] - Started.
2026.09.04 15:16:34 org.jivesoftware.openfire.spi.ConnectionListener[socket_s2s] - Started.
2026.09.04 15:16:34 org.jivesoftware.openfire.spi.ConnectionListener[socket_s2s-legacyMode] - Started.
2026.09.04 15:16:34 org.jivesoftware.openfire.spi.ConnectionListener[component] - Started.
2026.09.04 15:16:34 org.jivesoftware.openfire.spi.ConnectionListener[component-legacyMode] - Started.
2026.09.04 15:16:34 org.jivesoftware.openfire.spi.ConnectionListener[connection_manager] - Started.
2026.09.04 15:16:34 org.jivesoftware.openfire.spi.ConnectionListener[connection_manager-legacyMode] - Started.
2026.09.04 15:16:34 org.jivesoftware.openfire.http.HttpSessionManager - Starting instance
2026.09.04 15:16:34 org.jivesoftware.openfire.http.HttpBindManager - HTTP bind service started
2026.09.04 15:17:06 org.jivesoftware.util.cache.CacheFactory - Created cache [org.jivesoftware.util.cache.DefaultLocalCacheStrategy] for Locked Out Accounts
2026.09.04 16:02:41 org.jivesoftware.openfire.XMPPServer - Registering shutdown hook (standalone mode)
2026.09.04 16:02:41 hsqldb.db.HSQLDBA0638C63BF.ENGINE - checkpointClose start
2026.09.04 16:02:41 hsqldb.db.HSQLDBA0638C63BF.ENGINE - checkpointClose synched
2026.09.04 16:02:41 hsqldb.db.HSQLDBA0638C63BF.ENGINE - checkpointClose script done
2026.09.04 16:02:41 hsqldb.db.HSQLDBA0638C63BF.ENGINE - checkpointClose end
2026.09.04 16:02:41 org.jivesoftware.util.cache.CacheFactory - Created cache [org.jivesoftware.util.cache.DefaultLocalCacheStrategy] for Routing Servers Cache
2026.09.04 16:02:41 org.jivesoftware.util.cache.CacheFactory - Created cache [org.jivesoftware.util.cache.DefaultLocalCacheStrategy] for Routing Components Cache
2026.09.04 16:02:41 org.jivesoftware.util.cache.CacheFactory - Created cache [org.jivesoftware.util.cache.DefaultLocalCacheStrategy] for Routing Users Cache
2026.09.04 16:02:41 org.jivesoftware.util.cache.CacheFactory - Created cache [org.jivesoftware.util.cache.DefaultLocalCacheStrategy] for Routing AnonymousUsers Cache
2026.09.04 16:02:41 org.jivesoftware.util.cache.CacheFactory - Created cache [org.jivesoftware.util.cache.DefaultLocalCacheStrategy] for Routing User Sessions
2026.09.04 16:02:41 org.jivesoftware.util.cache.CacheFactory - Created cache [org.jivesoftware.util.cache.DefaultLocalCacheStrategy] for Roster
2026.09.04 16:02:41 org.jivesoftware.util.cache.CacheFactory - Created cache [org.jivesoftware.util.cache.DefaultLocalCacheStrategy] for RosterItems
2026.09.04 16:02:41 org.jivesoftware.util.cache.CacheFactory - Created cache [org.jivesoftware.util.cache.DefaultLocalCacheStrategy] for Multicast Service
2026.09.04 16:02:41 org.jivesoftware.util.cache.CacheFactory - Created cache [org.jivesoftware.util.cache.DefaultLocalCacheStrategy] for Offline Message Size
2026.09.04 16:02:41 org.jivesoftware.util.cache.CacheFactory - Created cache [org.jivesoftware.util.cache.DefaultLocalCacheStrategy] for VCard
2026.09.04 16:02:41 org.jivesoftware.util.cache.CacheFactory - Created cache [org.jivesoftware.util.cache.DefaultLocalCacheStrategy] for Privacy Lists
2026.09.04 16:02:41 org.jivesoftware.util.cache.CacheFactory - Created cache [org.jivesoftware.util.cache.DefaultLocalCacheStrategy] for File Transfer Cache
2026.09.04 16:02:41 org.jivesoftware.util.cache.CacheFactory - Created cache [org.jivesoftware.util.cache.DefaultLocalCacheStrategy] for Offline Presence Cache
2026.09.04 16:02:41 org.jivesoftware.util.cache.CacheFactory - Created cache [org.jivesoftware.util.cache.DefaultLocalCacheStrategy] for Last Activity Cache
2026.09.04 16:02:41 org.jivesoftware.util.cache.CacheFactory - Created cache [org.jivesoftware.util.cache.DefaultLocalCacheStrategy] for User
2026.09.04 16:02:41 org.jivesoftware.util.cache.CacheFactory - Created cache [org.jivesoftware.util.cache.DefaultLocalCacheStrategy] for Remote Users Existence
2026.09.04 16:02:41 org.jivesoftware.util.cache.CacheFactory - Created cache [org.jivesoftware.util.cache.DefaultLocalCacheStrategy] for Components Sessions
2026.09.04 16:02:41 org.jivesoftware.util.cache.CacheFactory - Created cache [org.jivesoftware.util.cache.DefaultLocalCacheStrategy] for Connection Managers Sessions
2026.09.04 16:02:41 org.jivesoftware.util.cache.CacheFactory - Created cache [org.jivesoftware.util.cache.DefaultLocalCacheStrategy] for Incoming Server Sessions
2026.09.04 16:02:41 org.jivesoftware.util.cache.CacheFactory - Created cache [org.jivesoftware.util.cache.DefaultLocalCacheStrategy] for Sessions by Hostname
2026.09.04 16:02:41 org.jivesoftware.util.cache.CacheFactory - Created cache [org.jivesoftware.util.cache.DefaultLocalCacheStrategy] for Validated Domains
2026.09.04 16:02:41 org.jivesoftware.util.cache.CacheFactory - Created cache [org.jivesoftware.util.cache.DefaultLocalCacheStrategy] for Client Session Info Cache
2026.09.04 16:02:41 org.jivesoftware.util.cache.CacheFactory - Created cache [org.jivesoftware.util.cache.DefaultLocalCacheStrategy] for Directed Presences
2026.09.04 16:02:41 org.jivesoftware.util.cache.CacheFactory - Created local-only cache [org.jivesoftware.util.cache.DefaultLocalCacheStrategy] for PEPServiceManager
2026.09.04 16:02:41 org.jivesoftware.util.cache.CacheFactory - Created cache [org.jivesoftware.util.cache.DefaultLocalCacheStrategy] for File Transfer
2026.09.04 16:02:41 org.jivesoftware.util.cache.CacheFactory - Created cache [org.jivesoftware.util.cache.DefaultLocalCacheStrategy] for Published Items
2026.09.04 16:02:41 org.jivesoftware.util.cache.CacheFactory - Created cache [org.jivesoftware.util.cache.DefaultLocalCacheStrategy] for Disco Server Features
2026.09.04 16:02:41 org.jivesoftware.util.cache.CacheFactory - Created cache [org.jivesoftware.util.cache.DefaultLocalCacheStrategy] for Disco Server Items
2026.09.04 16:02:41 org.jivesoftware.util.cache.CacheFactory - Created cache [org.jivesoftware.util.cache.DefaultLocalCacheStrategy] for Components
2026.09.04 16:02:41 org.jivesoftware.util.cache.CacheFactory - Created local-only cache [org.jivesoftware.util.cache.DefaultLocalCacheStrategy] for Entity Capabilities
2026.09.04 16:02:41 org.jivesoftware.util.cache.CacheFactory - Created local-only cache [org.jivesoftware.util.cache.DefaultLocalCacheStrategy] for Entity Capabilities Users
2026.09.04 16:02:41 org.jivesoftware.util.cache.CacheFactory - Created cache [org.jivesoftware.util.cache.DefaultLocalCacheStrategy] for Group
2026.09.04 16:02:41 org.jivesoftware.util.cache.CacheFactory - Created cache [org.jivesoftware.util.cache.DefaultLocalCacheStrategy] for Group Metadata Cache
2026.09.04 16:02:41 org.jivesoftware.openfire.pubsub.PubSubModule - Dominio de Publicar-Suscribir: pubsub.127.0.0.1
2026.09.04 16:02:41 org.jivesoftware.openfire.muc.spi.MultiUserChatServiceImpl - Dominio de Chat Multi-usuario: conference.127.0.0.1
2026.09.04 16:02:41 org.jivesoftware.openfire.XMPPServer - Openfire 4.5.0 Alpha [Sep 4, 2026, 4:02:41 PM]
2026.09.04 16:02:42 org.jivesoftware.openfire.XMPPServer - Accessing SystemProperty field org.jivesoftware.openfire.auth.AuthFactory#PASSWORD_KEY
2026.09.04 16:02:42 org.jivesoftware.openfire.XMPPServer - Accessing SystemProperty field org.jivesoftware.openfire.auth.AuthFactory#AUTH_PROVIDER
2026.09.04 16:02:42 org.jivesoftware.openfire.XMPPServer - Accessing SystemProperty field org.jivesoftware.openfire.sasl.ScramSha1SaslServer#ITERATION_COUNT
2026.09.04 16:02:42 org.jivesoftware.openfire.XMPPServer - Accessing SystemProperty field org.jivesoftware.openfire.vcard.VCardManager#VCARD_PROVIDER
2026.09.04 16:02:42 org.jivesoftware.openfire.XMPPServer - Accessing SystemProperty field org.jivesoftware.openfire.auth.HybridAuthProvider#PRIMARY_PROVIDER
2026.09.04 16:02:42 org.jivesoftware.openfire.XMPPServer - Accessing SystemProperty field org.jivesoftware.openfire.auth.HybridAuthProvider#SECONDARY_PROVIDER
2026.09.04 16:02:42 org.jivesoftware.openfire.XMPPServer - Accessing SystemProperty field org.jivesoftware.openfire.auth.HybridAuthProvider#TERTIARY_PROVIDER
2026.09.04 16:02:42 org.jivesoftware.openfire.XMPPServer - Accessing SystemProperty field org.jivesoftware.openfire.lockout.LockOutManager#LOCKOUT_PROVIDER
2026.09.04 16:02:42 org.jivesoftware.openfire.XMPPServer - Accessing SystemProperty field org.jivesoftware.openfire.user.UserManager#USER_PROVIDER
2026.09.04 16:02:42 org.jivesoftware.openfire.XMPPServer - Accessing SystemProperty field org.jivesoftware.openfire.user.UserManager#REMOTE_DISCO_INFO_TIMEOUT
2026.09.04 16:02:42 org.jivesoftware.openfire.XMPPServer - Accessing SystemProperty field org.jivesoftware.openfire.user.UserManager#USER_PROPERTY_PROVIDER
2026.09.04 16:02:42 org.jivesoftware.openfire.XMPPServer - Accessing SystemProperty field org.jivesoftware.openfire.SessionManager#CONFLICT_LIMIT
2026.09.04 16:02:42 org.jivesoftware.openfire.XMPPServer - Accessing SystemProperty field org.jivesoftware.openfire.group.GroupManager#GROUP_PROVIDER
2026.09.04 16:02:42 org.jivesoftware.openfire.XMPPServer - Accessing SystemProperty field org.jivesoftware.openfire.muc.spi.IQMuclumbusSearchHandler#PROPERTY_ENABLED
2026.09.04 16:02:42 org.jivesoftware.openfire.XMPPServer - Accessing SystemProperty field org.jivesoftware.openfire.sasl.AnonymousSaslServer#ENABLED
2026.09.04 16:02:42 org.jivesoftware.openfire.XMPPServer - Accessing SystemProperty field org.jivesoftware.openfire.net.SASLAuthentication#SKIP_PEER_CERT_REVALIDATION_CLIENT
2026.09.04 16:02:42 org.jivesoftware.openfire.net.SASLAuthentication - Support added for the 'ANONYMOUS' SASL mechanism.
2026.09.04 16:02:42 org.jivesoftware.openfire.net.SASLAuthentication - Support added for the 'PLAIN' SASL mechanism.
2026.09.04 16:02:42 org.jivesoftware.openfire.net.SASLAuthentication - Support added for the 'DIGEST-MD5' SASL mechanism.
2026.09.04 16:02:42 org.jivesoftware.openfire.net.SASLAuthentication - Support added for the 'CRAM-MD5' SASL mechanism.
2026.09.04 16:02:42 org.jivesoftware.openfire.net.SASLAuthentication - Support added for the 'SCRAM-SHA-1' SASL mechanism.
2026.09.04 16:02:42 org.jivesoftware.openfire.net.SASLAuthentication - Support added for the 'JIVE-SHAREDSECRET' SASL mechanism.
2026.09.04 16:02:42 org.jivesoftware.openfire.net.SASLAuthentication - Support added for the 'GSSAPI' SASL mechanism.
2026.09.04 16:02:42 org.jivesoftware.openfire.net.SASLAuthentication - Support added for the 'EXTERNAL' SASL mechanism.
2026.09.04 16:02:42 org.jivesoftware.openfire.XMPPServer - Accessing SystemProperty field org.jivesoftware.openfire.XMPPServerInfo#XMPP_DOMAIN
2026.09.04 16:02:42 org.jivesoftware.openfire.XMPPServer - Accessing SystemProperty field org.jivesoftware.openfire.sasl.ExternalClientSaslServer#PROPERTY_SASL_EXTERNAL_CLIENT_SUPPRESS_MATCHING_REALMNAME
2026.09.04 16:02:42 org.jivesoftware.openfire.XMPPServer - Accessing SystemProperty field org.jivesoftware.openfire.admin.AdminManager#ADMIN_PROVIDER
2026.09.04 16:02:42 org.jivesoftware.util.cache.CacheFactory - Created cache [org.jivesoftware.util.cache.DefaultLocalCacheStrategy] for Favicon Misses
2026.09.04 16:02:42 org.jivesoftware.util.cache.CacheFactory - Created cache [org.jivesoftware.util.cache.DefaultLocalCacheStrategy] for Favicon Hits
2026.09.04 16:02:42 org.jivesoftware.openfire.container.AdminConsolePlugin - Consola de administración escuchando en http://127.0.0.1:9090
2026.09.04 16:02:42 org.jivesoftware.openfire.XMPPServer - Accessing SystemProperty field org.jivesoftware.openfire.security.SecurityAuditManager#AUDIT_PROVIDER
2026.09.04 16:02:42 org.jivesoftware.openfire.XMPPServer - Accessing SystemProperty field org.jivesoftware.openfire.admin.DefaultAdminProvider#ADMIN_JIDS
2026.09.04 16:02:42 org.jivesoftware.openfire.XMPPServer - Accessing SystemProperty field org.jivesoftware.openfire.cluster.ClusterMonitor#ENABLED
2026.09.04 16:02:42 org.jivesoftware.openfire.XMPPServer - Accessing SystemProperty field org.jivesoftware.openfire.ldap.LdapVCardProvider#STORE_AVATAR_IN_DB
2026.09.04 16:02:42 org.jivesoftware.openfire.XMPPServer - Accessing SystemProperty field org.jivesoftware.openfire.spi.EncryptionArtifactFactory#TRUST_MANAGER_CLASS
2026.09.04 16:02:42 org.jivesoftware.openfire.XMPPServer - Accessing SystemProperty field org.jivesoftware.openfire.update.UpdateManager#ENABLED
2026.09.04 16:02:42 org.jivesoftware.openfire.XMPPServer - Accessing SystemProperty field org.jivesoftware.openfire.update.UpdateManager#NOTIFY_ADMINS
2026.09.04 16:02:42 org.jivesoftware.openfire.XMPPServer - Accessing SystemProperty field org.jivesoftware.openfire.update.UpdateManager#LAST_UPDATE_CHECK
2026.09.04 16:02:42 org.jivesoftware.openfire.XMPPServer - Accessing SystemProperty field org.jivesoftware.openfire.update.UpdateManager#UPDATE_FREQUENCY
2026.09.04 16:02:42 org.jivesoftware.openfire.XMPPServer - Accessing SystemProperty field org.jivesoftware.openfire.update.UpdateManager#PROXY_HOST
2026.09.04 16:02:42 org.jivesoftware.openfire.XMPPServer - Accessing SystemProperty field org.jivesoftware.openfire.update.UpdateManager#PROXY_PORT
2026.09.04 16:02:42 org.jivesoftware.openfire.container.PluginManager - Successfully loaded plugin 'admin'.
2026.09.04 16:02:42 org.jivesoftware.openfire.container.PluginManager - Successfully loaded plugin 'nonsaslauthentication'.
2026.09.04 16:02:42 org.jivesoftware.openfire.container.PluginManager - Successfully loaded plugin 'search'.
2026.09.04 16:02:43 org.jivesoftware.openfire.container.PluginManager - Successfully loaded plugin 'restapi'.
2026.09.04 16:02:43 org.jivesoftware.openfire.container.PluginMonitor - Finished processing all plugins.
2026.09.04 16:02:43 org.jivesoftware.openfire.spi.ConnectionListener[socket_c2s] - Started.
2026.09.04 16:02:43 org.jivesoftware.openfire.spi.ConnectionListener[socket_c2s-legacyMode] - Started.
2026.09.04 16:02:43 org.jivesoftware.openfire.spi.ConnectionListener[socket_s2s] - Started.
2026.09.04 16:02:43 org.jivesoftware.openfire.spi.ConnectionListener[socket_s2s-legacyMode] - Started.
2026.09.04 16:02:43 org.jivesoftware.openfire.spi.ConnectionListener[component] - Started.
2026.09.04 16:02:43 org.jivesoftware.openfire.spi.ConnectionListener[component-legacyMode] - Started.
2026.09.04 16:02:43 org.jivesoftware.openfire.spi.ConnectionListener[connection_manager] - Started.
2026.09.04 16:02:43 org.jivesoftware.openfire.spi.ConnectionListener[connection_manager-legacyMode] - Started.
2026.09.04 16:02:43 org.jivesoftware.openfire.http.HttpSessionManager - Starting instance
2026.09.04 16:02:43 org.jivesoftware.openfire.http.HttpBindManager - HTTP bind service started
2026.09.04 16:03:05 org.jivesoftware.util.cache.CacheFactory - Created cache [org.jivesoftware.util.cache.DefaultLocalCacheStrategy] for Locked Out Accounts
2026.09.04 23:02:20 org.jivesoftware.openfire.XMPPServer - Registering shutdown hook (standalone mode)
2026.09.04 23:02:20 hsqldb.db.HSQLDBA0638C63BF.ENGINE - checkpointClose start
2026.09.04 23:02:20 hsqldb.db.HSQLDBA0638C63BF.ENGINE - checkpointClose synched
2026.09.04 23:02:20 hsqldb.db.HSQLDBA0638C63BF.ENGINE - checkpointClose script done
2026.09.04 23:02:20 hsqldb.db.HSQLDBA0638C63BF.ENGINE - checkpointClose end
2026.09.04 23:02:20 org.jivesoftware.util.cache.CacheFactory - Created cache [org.jivesoftware.util.cache.DefaultLocalCacheStrategy] for Routing Servers Cache
2026.09.04 23:02:20 org.jivesoftware.util.cache.CacheFactory - Created cache [org.jivesoftware.util.cache.DefaultLocalCacheStrategy] for Routing Components Cache
2026.09.04 23:02:20 org.jivesoftware.util.cache.CacheFactory - Created cache [org.jivesoftware.util.cache.DefaultLocalCacheStrategy] for Routing Users Cache
2026.09.04 23:02:20 org.jivesoftware.util.cache.CacheFactory - Created cache [org.jivesoftware.util.cache.DefaultLocalCacheStrategy] for Routing AnonymousUsers Cache
2026.09.04 23:02:20 org.jivesoftware.util.cache.CacheFactory - Created cache [org.jivesoftware.util.cache.DefaultLocalCacheStrategy] for Routing User Sessions
2026.09.04 23:02:20 org.jivesoftware.util.cache.CacheFactory - Created cache [org.jivesoftware.util.cache.DefaultLocalCacheStrategy] for Roster
2026.09.04 23:02:20 org.jivesoftware.util.cache.CacheFactory - Created cache [org.jivesoftware.util.cache.DefaultLocalCacheStrategy] for RosterItems
2026.09.04 23:02:20 org.jivesoftware.util.cache.CacheFactory - Created cache [org.jivesoftware.util.cache.DefaultLocalCacheStrategy] for Multicast Service
2026.09.04 23:02:20 org.jivesoftware.util.cache.CacheFactory - Created cache [org.jivesoftware.util.cache.DefaultLocalCacheStrategy] for Offline Message Size
2026.09.04 23:02:20 org.jivesoftware.util.cache.CacheFactory - Created cache [org.jivesoftware.util.cache.DefaultLocalCacheStrategy] for VCard
2026.09.04 23:02:20 org.jivesoftware.util.cache.CacheFactory - Created cache [org.jivesoftware.util.cache.DefaultLocalCacheStrategy] for Privacy Lists
2026.09.04 23:02:20 org.jivesoftware.util.cache.CacheFactory - Created cache [org.jivesoftware.util.cache.DefaultLocalCacheStrategy] for File Transfer Cache
2026.09.04 23:02:20 org.jivesoftware.util.cache.CacheFactory - Created cache [org.jivesoftware.util.cache.DefaultLocalCacheStrategy] for Offline Presence Cache
2026.09.04 23:02:20 org.jivesoftware.util.cache.CacheFactory - Created cache [org.jivesoftware.util.cache.DefaultLocalCacheStrategy] for Last Activity Cache
2026.09.04 23:02:20 org.jivesoftware.util.cache.CacheFactory - Created cache [org.jivesoftware.util.cache.DefaultLocalCacheStrategy] for User
2026.09.04 23:02:20 org.jivesoftware.util.cache.CacheFactory - Created cache [org.jivesoftware.util.cache.DefaultLocalCacheStrategy] for Remote Users Existence
2026.09.04 23:02:20 org.jivesoftware.util.cache.CacheFactory - Created cache [org.jivesoftware.util.cache.DefaultLocalCacheStrategy] for Components Sessions
2026.09.04 23:02:20 org.jivesoftware.util.cache.CacheFactory - Created cache [org.jivesoftware.util.cache.DefaultLocalCacheStrategy] for Connection Managers Sessions
2026.09.04 23:02:20 org.jivesoftware.util.cache.CacheFactory - Created cache [org.jivesoftware.util.cache.DefaultLocalCacheStrategy] for Incoming Server Sessions
2026.09.04 23:02:20 org.jivesoftware.util.cache.CacheFactory - Created cache [org.jivesoftware.util.cache.DefaultLocalCacheStrategy] for Sessions by Hostname
2026.09.04 23:02:20 org.jivesoftware.util.cache.CacheFactory - Created cache [org.jivesoftware.util.cache.DefaultLocalCacheStrategy] for Validated Domains
2026.09.04 23:02:20 org.jivesoftware.util.cache.CacheFactory - Created cache [org.jivesoftware.util.cache.DefaultLocalCacheStrategy] for Client Session Info Cache
2026.09.04 23:02:20 org.jivesoftware.util.cache.CacheFactory - Created cache [org.jivesoftware.util.cache.DefaultLocalCacheStrategy] for Directed Presences
2026.09.04 23:02:20 org.jivesoftware.util.cache.CacheFactory - Created local-only cache [org.jivesoftware.util.cache.DefaultLocalCacheStrategy] for PEPServiceManager
2026.09.04 23:02:20 org.jivesoftware.util.cache.CacheFactory - Created cache [org.jivesoftware.util.cache.DefaultLocalCacheStrategy] for File Transfer
2026.09.04 23:02:20 org.jivesoftware.util.cache.CacheFactory - Created cache [org.jivesoftware.util.cache.DefaultLocalCacheStrategy] for Published Items
2026.09.04 23:02:20 org.jivesoftware.util.cache.CacheFactory - Created cache [org.jivesoftware.util.cache.DefaultLocalCacheStrategy] for Disco Server Features
2026.09.04 23:02:20 org.jivesoftware.util.cache.CacheFactory - Created cache [org.jivesoftware.util.cache.DefaultLocalCacheStrategy] for Disco Server Items
2026.09.04 23:02:20 org.jivesoftware.util.cache.CacheFactory - Created cache [org.jivesoftware.util.cache.DefaultLocalCacheStrategy] for Components
2026.09.04 23:02:20 org.jivesoftware.util.cache.CacheFactory - Created local-only cache [org.jivesoftware.util.cache.DefaultLocalCacheStrategy] for Entity Capabilities
2026.09.04 23:02:20 org.jivesoftware.util.cache.CacheFactory - Created local-only cache [org.jivesoftware.util.cache.DefaultLocalCacheStrategy] for Entity Capabilities Users
2026.09.04 23:02:20 org.jivesoftware.util.cache.CacheFactory - Created cache [org.jivesoftware.util.cache.DefaultLocalCacheStrategy] for Group
2026.09.04 23:02:20 org.jivesoftware.util.cache.CacheFactory - Created cache [org.jivesoftware.util.cache.DefaultLocalCacheStrategy] for Group Metadata Cache
2026.09.04 23:02:20 org.jivesoftware.openfire.pubsub.PubSubModule - Dominio de Publicar-Suscribir: pubsub.127.0.0.1
2026.09.04 23:02:20 org.jivesoftware.openfire.muc.spi.MultiUserChatServiceImpl - Dominio de Chat Multi-usuario: conference.127.0.0.1
2026.09.04 23:02:20 org.jivesoftware.openfire.XMPPServer - Openfire 4.5.0 Alpha [Sep 4, 2026, 11:02:20 PM]
2026.09.04 23:02:21 org.jivesoftware.openfire.XMPPServer - Accessing SystemProperty field org.jivesoftware.openfire.auth.AuthFactory#PASSWORD_KEY
2026.09.04 23:02:21 org.jivesoftware.openfire.XMPPServer - Accessing SystemProperty field org.jivesoftware.openfire.auth.AuthFactory#AUTH_PROVIDER
2026.09.04 23:02:21 org.jivesoftware.openfire.XMPPServer - Accessing SystemProperty field org.jivesoftware.openfire.sasl.ScramSha1SaslServer#ITERATION_COUNT
2026.09.04 23:02:21 org.jivesoftware.openfire.XMPPServer - Accessing SystemProperty field org.jivesoftware.openfire.vcard.VCardManager#VCARD_PROVIDER
2026.09.04 23:02:21 org.jivesoftware.openfire.XMPPServer - Accessing SystemProperty field org.jivesoftware.openfire.auth.HybridAuthProvider#PRIMARY_PROVIDER
2026.09.04 23:02:21 org.jivesoftware.openfire.XMPPServer - Accessing SystemProperty field org.jivesoftware.openfire.auth.HybridAuthProvider#SECONDARY_PROVIDER
2026.09.04 23:02:21 org.jivesoftware.openfire.XMPPServer - Accessing SystemProperty field org.jivesoftware.openfire.auth.HybridAuthProvider#TERTIARY_PROVIDER
2026.09.04 23:02:21 org.jivesoftware.openfire.XMPPServer - Accessing SystemProperty field org.jivesoftware.openfire.lockout.LockOutManager#LOCKOUT_PROVIDER
2026.09.04 23:02:21 org.jivesoftware.openfire.XMPPServer - Accessing SystemProperty field org.jivesoftware.openfire.user.UserManager#USER_PROVIDER
2026.09.04 23:02:21 org.jivesoftware.openfire.XMPPServer - Accessing SystemProperty field org.jivesoftware.openfire.user.UserManager#REMOTE_DISCO_INFO_TIMEOUT
2026.09.04 23:02:21 org.jivesoftware.openfire.XMPPServer - Accessing SystemProperty field org.jivesoftware.openfire.user.UserManager#USER_PROPERTY_PROVIDER
2026.09.04 23:02:21 org.jivesoftware.openfire.XMPPServer - Accessing SystemProperty field org.jivesoftware.openfire.SessionManager#CONFLICT_LIMIT
2026.09.04 23:02:21 org.jivesoftware.openfire.XMPPServer - Accessing SystemProperty field org.jivesoftware.openfire.group.GroupManager#GROUP_PROVIDER
2026.09.04 23:02:21 org.jivesoftware.openfire.XMPPServer - Accessing SystemProperty field org.jivesoftware.openfire.muc.spi.IQMuclumbusSearchHandler#PROPERTY_ENABLED
2026.09.04 23:02:21 org.jivesoftware.openfire.XMPPServer - Accessing SystemProperty field org.jivesoftware.openfire.sasl.AnonymousSaslServer#ENABLED
2026.09.04 23:02:21 org.jivesoftware.openfire.XMPPServer - Accessing SystemProperty field org.jivesoftware.openfire.net.SASLAuthentication#SKIP_PEER_CERT_REVALIDATION_CLIENT
2026.09.04 23:02:21 org.jivesoftware.openfire.net.SASLAuthentication - Support added for the 'ANONYMOUS' SASL mechanism.
2026.09.04 23:02:21 org.jivesoftware.openfire.net.SASLAuthentication - Support added for the 'PLAIN' SASL mechanism.
2026.09.04 23:02:21 org.jivesoftware.openfire.net.SASLAuthentication - Support added for the 'DIGEST-MD5' SASL mechanism.
2026.09.04 23:02:21 org.jivesoftware.openfire.net.SASLAuthentication - Support added for the 'CRAM-MD5' SASL mechanism.
2026.09.04 23:02:21 org.jivesoftware.openfire.net.SASLAuthentication - Support added for the 'SCRAM-SHA-1' SASL mechanism.
2026.09.04 23:02:21 org.jivesoftware.openfire.net.SASLAuthentication - Support added for the 'JIVE-SHAREDSECRET' SASL mechanism.
2026.09.04 23:02:21 org.jivesoftware.openfire.net.SASLAuthentication - Support added for the 'GSSAPI' SASL mechanism.
2026.09.04 23:02:21 org.jivesoftware.openfire.net.SASLAuthentication - Support added for the 'EXTERNAL' SASL mechanism.
2026.09.04 23:02:21 org.jivesoftware.openfire.XMPPServer - Accessing SystemProperty field org.jivesoftware.openfire.XMPPServerInfo#XMPP_DOMAIN
2026.09.04 23:02:21 org.jivesoftware.openfire.XMPPServer - Accessing SystemProperty field org.jivesoftware.openfire.sasl.ExternalClientSaslServer#PROPERTY_SASL_EXTERNAL_CLIENT_SUPPRESS_MATCHING_REALMNAME
2026.09.04 23:02:21 org.jivesoftware.openfire.XMPPServer - Accessing SystemProperty field org.jivesoftware.openfire.admin.AdminManager#ADMIN_PROVIDER
2026.09.04 23:02:21 org.jivesoftware.util.cache.CacheFactory - Created cache [org.jivesoftware.util.cache.DefaultLocalCacheStrategy] for Favicon Misses
2026.09.04 23:02:21 org.jivesoftware.util.cache.CacheFactory - Created cache [org.jivesoftware.util.cache.DefaultLocalCacheStrategy] for Favicon Hits
2026.09.04 23:02:21 org.jivesoftware.openfire.container.AdminConsolePlugin - Consola de administración escuchando en http://127.0.0.1:9090
2026.09.04 23:02:21 org.jivesoftware.openfire.XMPPServer - Accessing SystemProperty field org.jivesoftware.openfire.security.SecurityAuditManager#AUDIT_PROVIDER
2026.09.04 23:02:21 org.jivesoftware.openfire.XMPPServer - Accessing SystemProperty field org.jivesoftware.openfire.admin.DefaultAdminProvider#ADMIN_JIDS
2026.09.04 23:02:21 org.jivesoftware.openfire.XMPPServer - Accessing SystemProperty field org.jivesoftware.openfire.cluster.ClusterMonitor#ENABLED
2026.09.04 23:02:21 org.jivesoftware.openfire.XMPPServer - Accessing SystemProperty field org.jivesoftware.openfire.ldap.LdapVCardProvider#STORE_AVATAR_IN_DB
2026.09.04 23:02:21 org.jivesoftware.openfire.XMPPServer - Accessing SystemProperty field org.jivesoftware.openfire.spi.EncryptionArtifactFactory#TRUST_MANAGER_CLASS
2026.09.04 23:02:21 org.jivesoftware.openfire.XMPPServer - Accessing SystemProperty field org.jivesoftware.openfire.update.UpdateManager#ENABLED
2026.09.04 23:02:21 org.jivesoftware.openfire.XMPPServer - Accessing SystemProperty field org.jivesoftware.openfire.update.UpdateManager#NOTIFY_ADMINS
2026.09.04 23:02:21 org.jivesoftware.openfire.XMPPServer - Accessing SystemProperty field org.jivesoftware.openfire.update.UpdateManager#LAST_UPDATE_CHECK
2026.09.04 23:02:21 org.jivesoftware.openfire.XMPPServer - Accessing SystemProperty field org.jivesoftware.openfire.update.UpdateManager#UPDATE_FREQUENCY
2026.09.04 23:02:21 org.jivesoftware.openfire.XMPPServer - Accessing SystemProperty field org.jivesoftware.openfire.update.UpdateManager#PROXY_HOST
2026.09.04 23:02:21 org.jivesoftware.openfire.XMPPServer - Accessing SystemProperty field org.jivesoftware.openfire.update.UpdateManager#PROXY_PORT
2026.09.04 23:02:21 org.jivesoftware.openfire.container.PluginManager - Successfully loaded plugin 'admin'.
2026.09.04 23:02:21 org.jivesoftware.openfire.container.PluginManager - Successfully loaded plugin 'nonsaslauthentication'.
2026.09.04 23:02:21 org.jivesoftware.openfire.container.PluginManager - Successfully loaded plugin 'search'.
2026.09.04 23:02:22 org.jivesoftware.openfire.container.PluginManager - Successfully loaded plugin 'restapi'.
2026.09.04 23:02:22 org.jivesoftware.openfire.container.PluginMonitor - Finished processing all plugins.
2026.09.04 23:02:22 org.jivesoftware.openfire.spi.ConnectionListener[socket_c2s] - Started.
2026.09.04 23:02:22 org.jivesoftware.openfire.spi.ConnectionListener[socket_c2s-legacyMode] - Started.
2026.09.04 23:02:22 org.jivesoftware.openfire.spi.ConnectionListener[socket_s2s] - Started.
2026.09.04 23:02:22 org.jivesoftware.openfire.spi.ConnectionListener[socket_s2s-legacyMode] - Started.
2026.09.04 23:02:22 org.jivesoftware.openfire.spi.ConnectionListener[component] - Started.
2026.09.04 23:02:22 org.jivesoftware.openfire.spi.ConnectionListener[component-legacyMode] - Started.
2026.09.04 23:02:22 org.jivesoftware.openfire.spi.ConnectionListener[connection_manager] - Started.
2026.09.04 23:02:22 org.jivesoftware.openfire.spi.ConnectionListener[connection_manager-legacyMode] - Started.
2026.09.04 23:02:22 org.jivesoftware.openfire.http.HttpSessionManager - Starting instance
2026.09.04 23:02:22 org.jivesoftware.openfire.http.HttpBindManager - HTTP bind service started
2026.09.04 23:02:47 org.jivesoftware.util.cache.CacheFactory - Created cache [org.jivesoftware.util.cache.DefaultLocalCacheStrategy] for Locked Out Accounts
2026.09.05 03:03:27 org.jivesoftware.util.cache.CacheFactory - Created cache [org.jivesoftware.util.cache.DefaultLocalCacheStrategy] for Remote Server Configurations
2026.09.05 03:03:27 org.jivesoftware.util.cache.CacheFactory - Created cache [org.jivesoftware.util.cache.DefaultLocalCacheStrategy] for Secret Keys Cache
2026.09.05 03:03:45 org.jivesoftware.openfire.session.LocalOutgoingServerSession[Create outgoing session for: 127.0.0.1 to conference.192.168.1.235] - Unable to create new session: Cannot create a plain socket connection with any applicable remote host.
2026.09.05 03:08:41 org.jivesoftware.openfire.session.LocalOutgoingServerSession[Create outgoing session for: 127.0.0.1 to conference.192.168.1.235] - Unable to create new session: Cannot create a plain socket connection with any applicable remote host.
2026.09.05 05:47:49 org.jivesoftware.openfire.session.LocalOutgoingServerSession[Create outgoing session for: 127.0.0.1 to conference.192.168.1.235] - Unable to create new session: Cannot create a plain socket connection with any applicable remote host.
2026.09.05 06:17:13 org.jivesoftware.openfire.session.LocalOutgoingServerSession[Create outgoing session for: 127.0.0.1 to conference.192.168.1.235] - Unable to create new session: Cannot create a plain socket connection with any applicable remote host.
2026.09.05 15:50:18 org.jivesoftware.openfire.XMPPServer - Registering shutdown hook (standalone mode)
2026.09.05 15:50:18 hsqldb.db.HSQLDBA0638C63BF.ENGINE - checkpointClose start
2026.09.05 15:50:18 hsqldb.db.HSQLDBA0638C63BF.ENGINE - checkpointClose synched
2026.09.05 15:50:18 hsqldb.db.HSQLDBA0638C63BF.ENGINE - checkpointClose script done
2026.09.05 15:50:18 hsqldb.db.HSQLDBA0638C63BF.ENGINE - checkpointClose end
2026.09.05 15:50:18 org.jivesoftware.util.cache.CacheFactory - Created cache [org.jivesoftware.util.cache.DefaultLocalCacheStrategy] for Routing Servers Cache
2026.09.05 15:50:18 org.jivesoftware.util.cache.CacheFactory - Created cache [org.jivesoftware.util.cache.DefaultLocalCacheStrategy] for Routing Components Cache
2026.09.05 15:50:18 org.jivesoftware.util.cache.CacheFactory - Created cache [org.jivesoftware.util.cache.DefaultLocalCacheStrategy] for Routing Users Cache
2026.09.05 15:50:18 org.jivesoftware.util.cache.CacheFactory - Created cache [org.jivesoftware.util.cache.DefaultLocalCacheStrategy] for Routing AnonymousUsers Cache
2026.09.05 15:50:18 org.jivesoftware.util.cache.CacheFactory - Created cache [org.jivesoftware.util.cache.DefaultLocalCacheStrategy] for Routing User Sessions
2026.09.05 15:50:18 org.jivesoftware.util.cache.CacheFactory - Created cache [org.jivesoftware.util.cache.DefaultLocalCacheStrategy] for Roster
2026.09.05 15:50:18 org.jivesoftware.util.cache.CacheFactory - Created cache [org.jivesoftware.util.cache.DefaultLocalCacheStrategy] for RosterItems
2026.09.05 15:50:18 org.jivesoftware.util.cache.CacheFactory - Created cache [org.jivesoftware.util.cache.DefaultLocalCacheStrategy] for Multicast Service
2026.09.05 15:50:18 org.jivesoftware.util.cache.CacheFactory - Created cache [org.jivesoftware.util.cache.DefaultLocalCacheStrategy] for Offline Message Size
2026.09.05 15:50:18 org.jivesoftware.util.cache.CacheFactory - Created cache [org.jivesoftware.util.cache.DefaultLocalCacheStrategy] for VCard
2026.09.05 15:50:18 org.jivesoftware.util.cache.CacheFactory - Created cache [org.jivesoftware.util.cache.DefaultLocalCacheStrategy] for Privacy Lists
2026.09.05 15:50:18 org.jivesoftware.util.cache.CacheFactory - Created cache [org.jivesoftware.util.cache.DefaultLocalCacheStrategy] for File Transfer Cache
2026.09.05 15:50:18 org.jivesoftware.util.cache.CacheFactory - Created cache [org.jivesoftware.util.cache.DefaultLocalCacheStrategy] for Offline Presence Cache
2026.09.05 15:50:18 org.jivesoftware.util.cache.CacheFactory - Created cache [org.jivesoftware.util.cache.DefaultLocalCacheStrategy] for Last Activity Cache
2026.09.05 15:50:18 org.jivesoftware.util.cache.CacheFactory - Created cache [org.jivesoftware.util.cache.DefaultLocalCacheStrategy] for User
2026.09.05 15:50:18 org.jivesoftware.util.cache.CacheFactory - Created cache [org.jivesoftware.util.cache.DefaultLocalCacheStrategy] for Remote Users Existence
2026.09.05 15:50:18 org.jivesoftware.util.cache.CacheFactory - Created cache [org.jivesoftware.util.cache.DefaultLocalCacheStrategy] for Components Sessions
2026.09.05 15:50:18 org.jivesoftware.util.cache.CacheFactory - Created cache [org.jivesoftware.util.cache.DefaultLocalCacheStrategy] for Connection Managers Sessions
2026.09.05 15:50:18 org.jivesoftware.util.cache.CacheFactory - Created cache [org.jivesoftware.util.cache.DefaultLocalCacheStrategy] for Incoming Server Sessions
2026.09.05 15:50:18 org.jivesoftware.util.cache.CacheFactory - Created cache [org.jivesoftware.util.cache.DefaultLocalCacheStrategy] for Sessions by Hostname
2026.09.05 15:50:18 org.jivesoftware.util.cache.CacheFactory - Created cache [org.jivesoftware.util.cache.DefaultLocalCacheStrategy] for Validated Domains
2026.09.05 15:50:18 org.jivesoftware.util.cache.CacheFactory - Created cache [org.jivesoftware.util.cache.DefaultLocalCacheStrategy] for Client Session Info Cache
2026.09.05 15:50:18 org.jivesoftware.util.cache.CacheFactory - Created cache [org.jivesoftware.util.cache.DefaultLocalCacheStrategy] for Directed Presences
2026.09.05 15:50:18 org.jivesoftware.util.cache.CacheFactory - Created local-only cache [org.jivesoftware.util.cache.DefaultLocalCacheStrategy] for PEPServiceManager
2026.09.05 15:50:18 org.jivesoftware.util.cache.CacheFactory - Created cache [org.jivesoftware.util.cache.DefaultLocalCacheStrategy] for File Transfer
2026.09.05 15:50:18 org.jivesoftware.util.cache.CacheFactory - Created cache [org.jivesoftware.util.cache.DefaultLocalCacheStrategy] for Published Items
2026.09.05 15:50:18 org.jivesoftware.util.cache.CacheFactory - Created cache [org.jivesoftware.util.cache.DefaultLocalCacheStrategy] for Disco Server Features
2026.09.05 15:50:18 org.jivesoftware.util.cache.CacheFactory - Created cache [org.jivesoftware.util.cache.DefaultLocalCacheStrategy] for Disco Server Items
2026.09.05 15:50:18 org.jivesoftware.util.cache.CacheFactory - Created cache [org.jivesoftware.util.cache.DefaultLocalCacheStrategy] for Components
2026.09.05 15:50:18 org.jivesoftware.util.cache.CacheFactory - Created local-only cache [org.jivesoftware.util.cache.DefaultLocalCacheStrategy] for Entity Capabilities
2026.09.05 15:50:18 org.jivesoftware.util.cache.CacheFactory - Created local-only cache [org.jivesoftware.util.cache.DefaultLocalCacheStrategy] for Entity Capabilities Users
2026.09.05 15:50:18 org.jivesoftware.util.cache.CacheFactory - Created cache [org.jivesoftware.util.cache.DefaultLocalCacheStrategy] for Group
2026.09.05 15:50:18 org.jivesoftware.util.cache.CacheFactory - Created cache [org.jivesoftware.util.cache.DefaultLocalCacheStrategy] for Group Metadata Cache
2026.09.05 15:50:18 org.jivesoftware.openfire.pubsub.PubSubModule - Dominio de Publicar-Suscribir: pubsub.127.0.0.1
2026.09.05 15:50:18 org.jivesoftware.openfire.muc.spi.MultiUserChatServiceImpl - Dominio de Chat Multi-usuario: conference.127.0.0.1
2026.09.05 15:50:19 org.jivesoftware.openfire.XMPPServer - Openfire 4.5.0 Alpha [Sep 5, 2026, 3:50:19 PM]
2026.09.05 15:50:19 org.jivesoftware.openfire.XMPPServer - Accessing SystemProperty field org.jivesoftware.openfire.auth.AuthFactory#PASSWORD_KEY
2026.09.05 15:50:19 org.jivesoftware.openfire.XMPPServer - Accessing SystemProperty field org.jivesoftware.openfire.auth.AuthFactory#AUTH_PROVIDER
2026.09.05 15:50:19 org.jivesoftware.openfire.XMPPServer - Accessing SystemProperty field org.jivesoftware.openfire.sasl.ScramSha1SaslServer#ITERATION_COUNT
2026.09.05 15:50:19 org.jivesoftware.openfire.XMPPServer - Accessing SystemProperty field org.jivesoftware.openfire.vcard.VCardManager#VCARD_PROVIDER
2026.09.05 15:50:19 org.jivesoftware.openfire.XMPPServer - Accessing SystemProperty field org.jivesoftware.openfire.auth.HybridAuthProvider#PRIMARY_PROVIDER
2026.09.05 15:50:19 org.jivesoftware.openfire.XMPPServer - Accessing SystemProperty field org.jivesoftware.openfire.auth.HybridAuthProvider#SECONDARY_PROVIDER
2026.09.05 15:50:19 org.jivesoftware.openfire.XMPPServer - Accessing SystemProperty field org.jivesoftware.openfire.auth.HybridAuthProvider#TERTIARY_PROVIDER
2026.09.05 15:50:19 org.jivesoftware.openfire.XMPPServer - Accessing SystemProperty field org.jivesoftware.openfire.lockout.LockOutManager#LOCKOUT_PROVIDER
2026.09.05 15:50:19 org.jivesoftware.openfire.XMPPServer - Accessing SystemProperty field org.jivesoftware.openfire.user.UserManager#USER_PROVIDER
2026.09.05 15:50:19 org.jivesoftware.openfire.XMPPServer - Accessing SystemProperty field org.jivesoftware.openfire.user.UserManager#REMOTE_DISCO_INFO_TIMEOUT
2026.09.05 15:50:19 org.jivesoftware.openfire.XMPPServer - Accessing SystemProperty field org.jivesoftware.openfire.user.UserManager#USER_PROPERTY_PROVIDER
2026.09.05 15:50:19 org.jivesoftware.openfire.XMPPServer - Accessing SystemProperty field org.jivesoftware.openfire.SessionManager#CONFLICT_LIMIT
2026.09.05 15:50:19 org.jivesoftware.openfire.XMPPServer - Accessing SystemProperty field org.jivesoftware.openfire.group.GroupManager#GROUP_PROVIDER
2026.09.05 15:50:19 org.jivesoftware.openfire.XMPPServer - Accessing SystemProperty field org.jivesoftware.openfire.muc.spi.IQMuclumbusSearchHandler#PROPERTY_ENABLED
2026.09.05 15:50:19 org.jivesoftware.openfire.XMPPServer - Accessing SystemProperty field org.jivesoftware.openfire.sasl.AnonymousSaslServer#ENABLED
2026.09.05 15:50:19 org.jivesoftware.openfire.XMPPServer - Accessing SystemProperty field org.jivesoftware.openfire.net.SASLAuthentication#SKIP_PEER_CERT_REVALIDATION_CLIENT
2026.09.05 15:50:19 org.jivesoftware.openfire.net.SASLAuthentication - Support added for the 'ANONYMOUS' SASL mechanism.
2026.09.05 15:50:19 org.jivesoftware.openfire.net.SASLAuthentication - Support added for the 'PLAIN' SASL mechanism.
2026.09.05 15:50:19 org.jivesoftware.openfire.net.SASLAuthentication - Support added for the 'DIGEST-MD5' SASL mechanism.
2026.09.05 15:50:19 org.jivesoftware.openfire.net.SASLAuthentication - Support added for the 'CRAM-MD5' SASL mechanism.
2026.09.05 15:50:19 org.jivesoftware.openfire.net.SASLAuthentication - Support added for the 'SCRAM-SHA-1' SASL mechanism.
2026.09.05 15:50:19 org.jivesoftware.openfire.net.SASLAuthentication - Support added for the 'JIVE-SHAREDSECRET' SASL mechanism.
2026.09.05 15:50:19 org.jivesoftware.openfire.net.SASLAuthentication - Support added for the 'GSSAPI' SASL mechanism.
2026.09.05 15:50:19 org.jivesoftware.openfire.net.SASLAuthentication - Support added for the 'EXTERNAL' SASL mechanism.
2026.09.05 15:50:19 org.jivesoftware.openfire.XMPPServer - Accessing SystemProperty field org.jivesoftware.openfire.XMPPServerInfo#XMPP_DOMAIN
2026.09.05 15:50:19 org.jivesoftware.openfire.XMPPServer - Accessing SystemProperty field org.jivesoftware.openfire.sasl.ExternalClientSaslServer#PROPERTY_SASL_EXTERNAL_CLIENT_SUPPRESS_MATCHING_REALMNAME
2026.09.05 15:50:19 org.jivesoftware.openfire.XMPPServer - Accessing SystemProperty field org.jivesoftware.openfire.admin.AdminManager#ADMIN_PROVIDER
2026.09.05 15:50:19 org.jivesoftware.openfire.XMPPServer - Accessing SystemProperty field org.jivesoftware.openfire.security.SecurityAuditManager#AUDIT_PROVIDER
2026.09.05 15:50:19 org.jivesoftware.openfire.XMPPServer - Accessing SystemProperty field org.jivesoftware.openfire.admin.DefaultAdminProvider#ADMIN_JIDS
2026.09.05 15:50:19 org.jivesoftware.openfire.XMPPServer - Accessing SystemProperty field org.jivesoftware.openfire.cluster.ClusterMonitor#ENABLED
2026.09.05 15:50:20 org.jivesoftware.openfire.XMPPServer - Accessing SystemProperty field org.jivesoftware.openfire.ldap.LdapVCardProvider#STORE_AVATAR_IN_DB
2026.09.05 15:50:20 org.jivesoftware.openfire.XMPPServer - Accessing SystemProperty field org.jivesoftware.openfire.spi.EncryptionArtifactFactory#TRUST_MANAGER_CLASS
2026.09.05 15:50:20 org.jivesoftware.openfire.XMPPServer - Accessing SystemProperty field org.jivesoftware.openfire.update.UpdateManager#ENABLED
2026.09.05 15:50:20 org.jivesoftware.openfire.XMPPServer - Accessing SystemProperty field org.jivesoftware.openfire.update.UpdateManager#NOTIFY_ADMINS
2026.09.05 15:50:20 org.jivesoftware.openfire.XMPPServer - Accessing SystemProperty field org.jivesoftware.openfire.update.UpdateManager#LAST_UPDATE_CHECK
2026.09.05 15:50:20 org.jivesoftware.openfire.XMPPServer - Accessing SystemProperty field org.jivesoftware.openfire.update.UpdateManager#UPDATE_FREQUENCY
2026.09.05 15:50:20 org.jivesoftware.openfire.XMPPServer - Accessing SystemProperty field org.jivesoftware.openfire.update.UpdateManager#PROXY_HOST
2026.09.05 15:50:20 org.jivesoftware.openfire.XMPPServer - Accessing SystemProperty field org.jivesoftware.openfire.update.UpdateManager#PROXY_PORT
2026.09.05 15:50:20 org.jivesoftware.util.cache.CacheFactory - Created cache [org.jivesoftware.util.cache.DefaultLocalCacheStrategy] for Favicon Misses
2026.09.05 15:50:20 org.jivesoftware.util.cache.CacheFactory - Created cache [org.jivesoftware.util.cache.DefaultLocalCacheStrategy] for Favicon Hits
2026.09.05 15:50:20 org.jivesoftware.openfire.container.AdminConsolePlugin - Consola de administración escuchando en http://127.0.0.1:9090
2026.09.05 15:50:20 org.jivesoftware.openfire.container.PluginManager - Successfully loaded plugin 'admin'.
2026.09.05 15:50:20 org.jivesoftware.openfire.container.PluginManager - Successfully loaded plugin 'nonsaslauthentication'.
2026.09.05 15:50:20 org.jivesoftware.openfire.container.PluginManager - Successfully loaded plugin 'search'.
2026.09.05 15:50:20 org.jivesoftware.openfire.container.PluginManager - Successfully loaded plugin 'restapi'.
2026.09.05 15:50:20 org.jivesoftware.openfire.container.PluginMonitor - Finished processing all plugins.
2026.09.05 15:50:20 org.jivesoftware.openfire.spi.ConnectionListener[socket_c2s] - Started.
2026.09.05 15:50:20 org.jivesoftware.openfire.spi.ConnectionListener[socket_c2s-legacyMode] - Started.
2026.09.05 15:50:20 org.jivesoftware.openfire.spi.ConnectionListener[socket_s2s] - Started.
2026.09.05 15:50:20 org.jivesoftware.openfire.spi.ConnectionListener[socket_s2s-legacyMode] - Started.
2026.09.05 15:50:21 org.jivesoftware.openfire.spi.ConnectionListener[component] - Started.
2026.09.05 15:50:21 org.jivesoftware.openfire.spi.ConnectionListener[component-legacyMode] - Started.
2026.09.05 15:50:21 org.jivesoftware.openfire.spi.ConnectionListener[connection_manager] - Started.
2026.09.05 15:50:21 org.jivesoftware.openfire.spi.ConnectionListener[connection_manager-legacyMode] - Started.
2026.09.05 15:50:21 org.jivesoftware.openfire.http.HttpSessionManager - Starting instance
2026.09.05 15:50:21 org.jivesoftware.openfire.http.HttpBindManager - HTTP bind service started
2026.09.05 15:50:48 org.jivesoftware.util.cache.CacheFactory - Created cache [org.jivesoftware.util.cache.DefaultLocalCacheStrategy] for Locked Out Accounts
2026.09.05 21:14:06 org.jivesoftware.openfire.XMPPServer - Registering shutdown hook (standalone mode)
2026.09.05 21:14:06 hsqldb.db.HSQLDBA0638C63BF.ENGINE - checkpointClose start
2026.09.05 21:14:06 hsqldb.db.HSQLDBA0638C63BF.ENGINE - checkpointClose synched
2026.09.05 21:14:06 hsqldb.db.HSQLDBA0638C63BF.ENGINE - checkpointClose script done
2026.09.05 21:14:06 hsqldb.db.HSQLDBA0638C63BF.ENGINE - checkpointClose end
2026.09.05 21:14:06 org.jivesoftware.util.cache.CacheFactory - Created cache [org.jivesoftware.util.cache.DefaultLocalCacheStrategy] for Routing Servers Cache
2026.09.05 21:14:06 org.jivesoftware.util.cache.CacheFactory - Created cache [org.jivesoftware.util.cache.DefaultLocalCacheStrategy] for Routing Components Cache
2026.09.05 21:14:06 org.jivesoftware.util.cache.CacheFactory - Created cache [org.jivesoftware.util.cache.DefaultLocalCacheStrategy] for Routing Users Cache
2026.09.05 21:14:06 org.jivesoftware.util.cache.CacheFactory - Created cache [org.jivesoftware.util.cache.DefaultLocalCacheStrategy] for Routing AnonymousUsers Cache
2026.09.05 21:14:06 org.jivesoftware.util.cache.CacheFactory - Created cache [org.jivesoftware.util.cache.DefaultLocalCacheStrategy] for Routing User Sessions
2026.09.05 21:14:06 org.jivesoftware.util.cache.CacheFactory - Created cache [org.jivesoftware.util.cache.DefaultLocalCacheStrategy] for Roster
2026.09.05 21:14:06 org.jivesoftware.util.cache.CacheFactory - Created cache [org.jivesoftware.util.cache.DefaultLocalCacheStrategy] for RosterItems
2026.09.05 21:14:06 org.jivesoftware.util.cache.CacheFactory - Created cache [org.jivesoftware.util.cache.DefaultLocalCacheStrategy] for Multicast Service
2026.09.05 21:14:06 org.jivesoftware.util.cache.CacheFactory - Created cache [org.jivesoftware.util.cache.DefaultLocalCacheStrategy] for Offline Message Size
2026.09.05 21:14:06 org.jivesoftware.util.cache.CacheFactory - Created cache [org.jivesoftware.util.cache.DefaultLocalCacheStrategy] for VCard
2026.09.05 21:14:06 org.jivesoftware.util.cache.CacheFactory - Created cache [org.jivesoftware.util.cache.DefaultLocalCacheStrategy] for Privacy Lists
2026.09.05 21:14:06 org.jivesoftware.util.cache.CacheFactory - Created cache [org.jivesoftware.util.cache.DefaultLocalCacheStrategy] for File Transfer Cache
2026.09.05 21:14:06 org.jivesoftware.util.cache.CacheFactory - Created cache [org.jivesoftware.util.cache.DefaultLocalCacheStrategy] for Offline Presence Cache
2026.09.05 21:14:06 org.jivesoftware.util.cache.CacheFactory - Created cache [org.jivesoftware.util.cache.DefaultLocalCacheStrategy] for Last Activity Cache
2026.09.05 21:14:06 org.jivesoftware.util.cache.CacheFactory - Created cache [org.jivesoftware.util.cache.DefaultLocalCacheStrategy] for User
2026.09.05 21:14:06 org.jivesoftware.util.cache.CacheFactory - Created cache [org.jivesoftware.util.cache.DefaultLocalCacheStrategy] for Remote Users Existence
2026.09.05 21:14:06 org.jivesoftware.util.cache.CacheFactory - Created cache [org.jivesoftware.util.cache.DefaultLocalCacheStrategy] for Components Sessions
2026.09.05 21:14:06 org.jivesoftware.util.cache.CacheFactory - Created cache [org.jivesoftware.util.cache.DefaultLocalCacheStrategy] for Connection Managers Sessions
2026.09.05 21:14:06 org.jivesoftware.util.cache.CacheFactory - Created cache [org.jivesoftware.util.cache.DefaultLocalCacheStrategy] for Incoming Server Sessions
2026.09.05 21:14:06 org.jivesoftware.util.cache.CacheFactory - Created cache [org.jivesoftware.util.cache.DefaultLocalCacheStrategy] for Sessions by Hostname
2026.09.05 21:14:06 org.jivesoftware.util.cache.CacheFactory - Created cache [org.jivesoftware.util.cache.DefaultLocalCacheStrategy] for Validated Domains
2026.09.05 21:14:06 org.jivesoftware.util.cache.CacheFactory - Created cache [org.jivesoftware.util.cache.DefaultLocalCacheStrategy] for Client Session Info Cache
2026.09.05 21:14:06 org.jivesoftware.util.cache.CacheFactory - Created cache [org.jivesoftware.util.cache.DefaultLocalCacheStrategy] for Directed Presences
2026.09.05 21:14:06 org.jivesoftware.util.cache.CacheFactory - Created local-only cache [org.jivesoftware.util.cache.DefaultLocalCacheStrategy] for PEPServiceManager
2026.09.05 21:14:06 org.jivesoftware.util.cache.CacheFactory - Created cache [org.jivesoftware.util.cache.DefaultLocalCacheStrategy] for File Transfer
2026.09.05 21:14:06 org.jivesoftware.util.cache.CacheFactory - Created cache [org.jivesoftware.util.cache.DefaultLocalCacheStrategy] for Published Items
2026.09.05 21:14:06 org.jivesoftware.util.cache.CacheFactory - Created cache [org.jivesoftware.util.cache.DefaultLocalCacheStrategy] for Disco Server Features
2026.09.05 21:14:06 org.jivesoftware.util.cache.CacheFactory - Created cache [org.jivesoftware.util.cache.DefaultLocalCacheStrategy] for Disco Server Items
2026.09.05 21:14:06 org.jivesoftware.util.cache.CacheFactory - Created cache [org.jivesoftware.util.cache.DefaultLocalCacheStrategy] for Components
2026.09.05 21:14:06 org.jivesoftware.util.cache.CacheFactory - Created local-only cache [org.jivesoftware.util.cache.DefaultLocalCacheStrategy] for Entity Capabilities
2026.09.05 21:14:06 org.jivesoftware.util.cache.CacheFactory - Created local-only cache [org.jivesoftware.util.cache.DefaultLocalCacheStrategy] for Entity Capabilities Users
2026.09.05 21:14:06 org.jivesoftware.util.cache.CacheFactory - Created cache [org.jivesoftware.util.cache.DefaultLocalCacheStrategy] for Group
2026.09.05 21:14:06 org.jivesoftware.util.cache.CacheFactory - Created cache [org.jivesoftware.util.cache.DefaultLocalCacheStrategy] for Group Metadata Cache
2026.09.05 21:14:07 org.jivesoftware.openfire.pubsub.PubSubModule - Dominio de Publicar-Suscribir: pubsub.192.168.1.235
2026.09.05 21:14:07 org.jivesoftware.openfire.muc.spi.MultiUserChatServiceImpl - Dominio de Chat Multi-usuario: conference.192.168.1.235
2026.09.05 21:14:07 org.jivesoftware.openfire.XMPPServer - Openfire 4.5.0 Alpha [Sep 5, 2026, 9:14:07 PM]
2026.09.05 21:14:07 org.jivesoftware.openfire.XMPPServer - Accessing SystemProperty field org.jivesoftware.openfire.auth.AuthFactory#PASSWORD_KEY
2026.09.05 21:14:07 org.jivesoftware.openfire.XMPPServer - Accessing SystemProperty field org.jivesoftware.openfire.auth.AuthFactory#AUTH_PROVIDER
2026.09.05 21:14:07 org.jivesoftware.openfire.XMPPServer - Accessing SystemProperty field org.jivesoftware.openfire.sasl.ScramSha1SaslServer#ITERATION_COUNT
2026.09.05 21:14:07 org.jivesoftware.openfire.XMPPServer - Accessing SystemProperty field org.jivesoftware.openfire.vcard.VCardManager#VCARD_PROVIDER
2026.09.05 21:14:07 org.jivesoftware.openfire.XMPPServer - Accessing SystemProperty field org.jivesoftware.openfire.auth.HybridAuthProvider#PRIMARY_PROVIDER
2026.09.05 21:14:07 org.jivesoftware.openfire.XMPPServer - Accessing SystemProperty field org.jivesoftware.openfire.auth.HybridAuthProvider#SECONDARY_PROVIDER
2026.09.05 21:14:07 org.jivesoftware.openfire.XMPPServer - Accessing SystemProperty field org.jivesoftware.openfire.auth.HybridAuthProvider#TERTIARY_PROVIDER
2026.09.05 21:14:07 org.jivesoftware.openfire.XMPPServer - Accessing SystemProperty field org.jivesoftware.openfire.lockout.LockOutManager#LOCKOUT_PROVIDER
2026.09.05 21:14:07 org.jivesoftware.openfire.XMPPServer - Accessing SystemProperty field org.jivesoftware.openfire.user.UserManager#USER_PROVIDER
2026.09.05 21:14:07 org.jivesoftware.openfire.XMPPServer - Accessing SystemProperty field org.jivesoftware.openfire.user.UserManager#REMOTE_DISCO_INFO_TIMEOUT
2026.09.05 21:14:07 org.jivesoftware.openfire.XMPPServer - Accessing SystemProperty field org.jivesoftware.openfire.user.UserManager#USER_PROPERTY_PROVIDER
2026.09.05 21:14:07 org.jivesoftware.openfire.XMPPServer - Accessing SystemProperty field org.jivesoftware.openfire.SessionManager#CONFLICT_LIMIT
2026.09.05 21:14:07 org.jivesoftware.openfire.XMPPServer - Accessing SystemProperty field org.jivesoftware.openfire.group.GroupManager#GROUP_PROVIDER
2026.09.05 21:14:07 org.jivesoftware.openfire.XMPPServer - Accessing SystemProperty field org.jivesoftware.openfire.muc.spi.IQMuclumbusSearchHandler#PROPERTY_ENABLED
2026.09.05 21:14:07 org.jivesoftware.openfire.XMPPServer - Accessing SystemProperty field org.jivesoftware.openfire.sasl.AnonymousSaslServer#ENABLED
2026.09.05 21:14:07 org.jivesoftware.openfire.XMPPServer - Accessing SystemProperty field org.jivesoftware.openfire.net.SASLAuthentication#SKIP_PEER_CERT_REVALIDATION_CLIENT
2026.09.05 21:14:07 org.jivesoftware.openfire.net.SASLAuthentication - Support added for the 'ANONYMOUS' SASL mechanism.
2026.09.05 21:14:07 org.jivesoftware.openfire.net.SASLAuthentication - Support added for the 'PLAIN' SASL mechanism.
2026.09.05 21:14:07 org.jivesoftware.openfire.net.SASLAuthentication - Support added for the 'DIGEST-MD5' SASL mechanism.
2026.09.05 21:14:07 org.jivesoftware.openfire.net.SASLAuthentication - Support added for the 'CRAM-MD5' SASL mechanism.
2026.09.05 21:14:07 org.jivesoftware.openfire.net.SASLAuthentication - Support added for the 'SCRAM-SHA-1' SASL mechanism.
2026.09.05 21:14:07 org.jivesoftware.openfire.net.SASLAuthentication - Support added for the 'JIVE-SHAREDSECRET' SASL mechanism.
2026.09.05 21:14:07 org.jivesoftware.openfire.net.SASLAuthentication - Support added for the 'GSSAPI' SASL mechanism.
2026.09.05 21:14:07 org.jivesoftware.openfire.net.SASLAuthentication - Support added for the 'EXTERNAL' SASL mechanism.
2026.09.05 21:14:07 org.jivesoftware.openfire.XMPPServer - Accessing SystemProperty field org.jivesoftware.openfire.XMPPServerInfo#XMPP_DOMAIN
2026.09.05 21:14:07 org.jivesoftware.openfire.XMPPServer - Accessing SystemProperty field org.jivesoftware.openfire.sasl.ExternalClientSaslServer#PROPERTY_SASL_EXTERNAL_CLIENT_SUPPRESS_MATCHING_REALMNAME
2026.09.05 21:14:07 org.jivesoftware.openfire.XMPPServer - Accessing SystemProperty field org.jivesoftware.openfire.admin.AdminManager#ADMIN_PROVIDER
2026.09.05 21:14:07 org.jivesoftware.util.cache.CacheFactory - Created cache [org.jivesoftware.util.cache.DefaultLocalCacheStrategy] for Favicon Misses
2026.09.05 21:14:07 org.jivesoftware.util.cache.CacheFactory - Created cache [org.jivesoftware.util.cache.DefaultLocalCacheStrategy] for Favicon Hits
2026.09.05 21:14:07 org.jivesoftware.openfire.XMPPServer - Accessing SystemProperty field org.jivesoftware.openfire.security.SecurityAuditManager#AUDIT_PROVIDER
2026.09.05 21:14:07 org.jivesoftware.openfire.XMPPServer - Accessing SystemProperty field org.jivesoftware.openfire.admin.DefaultAdminProvider#ADMIN_JIDS
2026.09.05 21:14:07 org.jivesoftware.openfire.XMPPServer - Accessing SystemProperty field org.jivesoftware.openfire.cluster.ClusterMonitor#ENABLED
2026.09.05 21:14:07 org.jivesoftware.openfire.container.AdminConsolePlugin - Consola de administración escuchando en http://192.168.1.235:9090
2026.09.05 21:14:07 org.jivesoftware.openfire.XMPPServer - Accessing SystemProperty field org.jivesoftware.openfire.ldap.LdapVCardProvider#STORE_AVATAR_IN_DB
2026.09.05 21:14:07 org.jivesoftware.openfire.XMPPServer - Accessing SystemProperty field org.jivesoftware.openfire.spi.EncryptionArtifactFactory#TRUST_MANAGER_CLASS
2026.09.05 21:14:07 org.jivesoftware.openfire.XMPPServer - Accessing SystemProperty field org.jivesoftware.openfire.update.UpdateManager#ENABLED
2026.09.05 21:14:07 org.jivesoftware.openfire.XMPPServer - Accessing SystemProperty field org.jivesoftware.openfire.update.UpdateManager#NOTIFY_ADMINS
2026.09.05 21:14:07 org.jivesoftware.openfire.XMPPServer - Accessing SystemProperty field org.jivesoftware.openfire.update.UpdateManager#LAST_UPDATE_CHECK
2026.09.05 21:14:07 org.jivesoftware.openfire.XMPPServer - Accessing SystemProperty field org.jivesoftware.openfire.update.UpdateManager#UPDATE_FREQUENCY
2026.09.05 21:14:07 org.jivesoftware.openfire.XMPPServer - Accessing SystemProperty field org.jivesoftware.openfire.update.UpdateManager#PROXY_HOST
2026.09.05 21:14:07 org.jivesoftware.openfire.XMPPServer - Accessing SystemProperty field org.jivesoftware.openfire.update.UpdateManager#PROXY_PORT
2026.09.05 21:14:07 org.jivesoftware.openfire.container.PluginManager - Successfully loaded plugin 'admin'.
2026.09.05 21:14:08 org.jivesoftware.openfire.container.PluginManager - Successfully loaded plugin 'nonsaslauthentication'.
2026.09.05 21:14:08 org.jivesoftware.openfire.container.PluginManager - Successfully loaded plugin 'search'.
2026.09.05 21:14:08 org.jivesoftware.openfire.container.PluginManager - Successfully loaded plugin 'restapi'.
2026.09.05 21:14:08 org.jivesoftware.openfire.container.PluginMonitor - Finished processing all plugins.
2026.09.05 21:14:08 org.jivesoftware.openfire.spi.ConnectionListener[socket_c2s] - Started.
2026.09.05 21:14:08 org.jivesoftware.openfire.spi.ConnectionListener[socket_c2s-legacyMode] - Started.
2026.09.05 21:14:08 org.jivesoftware.openfire.spi.ConnectionListener[socket_s2s] - Started.
2026.09.05 21:14:08 org.jivesoftware.openfire.spi.ConnectionListener[socket_s2s-legacyMode] - Started.
2026.09.05 21:14:08 org.jivesoftware.openfire.spi.ConnectionListener[component] - Started.
2026.09.05 21:14:08 org.jivesoftware.openfire.spi.ConnectionListener[component-legacyMode] - Started.
2026.09.05 21:14:08 org.jivesoftware.openfire.spi.ConnectionListener[connection_manager] - Started.
2026.09.05 21:14:08 org.jivesoftware.openfire.spi.ConnectionListener[connection_manager-legacyMode] - Started.
2026.09.05 21:14:08 org.jivesoftware.openfire.http.HttpSessionManager - Starting instance
2026.09.05 21:14:08 org.jivesoftware.openfire.http.HttpBindManager - HTTP bind service started
2026.09.05 21:14:33 org.jivesoftware.util.cache.CacheFactory - Created cache [org.jivesoftware.util.cache.DefaultLocalCacheStrategy] for Locked Out Accounts
2026.09.06 00:35:59 org.jivesoftware.openfire.XMPPServer - Registering shutdown hook (standalone mode)
2026.09.06 00:36:00 hsqldb.db.HSQLDBA0638C63BF.ENGINE - checkpointClose start
2026.09.06 00:36:00 hsqldb.db.HSQLDBA0638C63BF.ENGINE - checkpointClose synched
2026.09.06 00:36:00 hsqldb.db.HSQLDBA0638C63BF.ENGINE - checkpointClose script done
2026.09.06 00:36:00 hsqldb.db.HSQLDBA0638C63BF.ENGINE - checkpointClose end
2026.09.06 00:36:00 org.jivesoftware.util.cache.CacheFactory - Created cache [org.jivesoftware.util.cache.DefaultLocalCacheStrategy] for Routing Servers Cache
2026.09.06 00:36:00 org.jivesoftware.util.cache.CacheFactory - Created cache [org.jivesoftware.util.cache.DefaultLocalCacheStrategy] for Routing Components Cache
2026.09.06 00:36:00 org.jivesoftware.util.cache.CacheFactory - Created cache [org.jivesoftware.util.cache.DefaultLocalCacheStrategy] for Routing Users Cache
2026.09.06 00:36:00 org.jivesoftware.util.cache.CacheFactory - Created cache [org.jivesoftware.util.cache.DefaultLocalCacheStrategy] for Routing AnonymousUsers Cache
2026.09.06 00:36:00 org.jivesoftware.util.cache.CacheFactory - Created cache [org.jivesoftware.util.cache.DefaultLocalCacheStrategy] for Routing User Sessions
2026.09.06 00:36:00 org.jivesoftware.util.cache.CacheFactory - Created cache [org.jivesoftware.util.cache.DefaultLocalCacheStrategy] for Roster
2026.09.06 00:36:00 org.jivesoftware.util.cache.CacheFactory - Created cache [org.jivesoftware.util.cache.DefaultLocalCacheStrategy] for RosterItems
2026.09.06 00:36:00 org.jivesoftware.util.cache.CacheFactory - Created cache [org.jivesoftware.util.cache.DefaultLocalCacheStrategy] for Multicast Service
2026.09.06 00:36:00 org.jivesoftware.util.cache.CacheFactory - Created cache [org.jivesoftware.util.cache.DefaultLocalCacheStrategy] for Offline Message Size
2026.09.06 00:36:00 org.jivesoftware.util.cache.CacheFactory - Created cache [org.jivesoftware.util.cache.DefaultLocalCacheStrategy] for VCard
2026.09.06 00:36:00 org.jivesoftware.util.cache.CacheFactory - Created cache [org.jivesoftware.util.cache.DefaultLocalCacheStrategy] for Privacy Lists
2026.09.06 00:36:00 org.jivesoftware.util.cache.CacheFactory - Created cache [org.jivesoftware.util.cache.DefaultLocalCacheStrategy] for File Transfer Cache
2026.09.06 00:36:00 org.jivesoftware.util.cache.CacheFactory - Created cache [org.jivesoftware.util.cache.DefaultLocalCacheStrategy] for Offline Presence Cache
2026.09.06 00:36:00 org.jivesoftware.util.cache.CacheFactory - Created cache [org.jivesoftware.util.cache.DefaultLocalCacheStrategy] for Last Activity Cache
2026.09.06 00:36:00 org.jivesoftware.util.cache.CacheFactory - Created cache [org.jivesoftware.util.cache.DefaultLocalCacheStrategy] for User
2026.09.06 00:36:00 org.jivesoftware.util.cache.CacheFactory - Created cache [org.jivesoftware.util.cache.DefaultLocalCacheStrategy] for Remote Users Existence
2026.09.06 00:36:00 org.jivesoftware.util.cache.CacheFactory - Created cache [org.jivesoftware.util.cache.DefaultLocalCacheStrategy] for Components Sessions
2026.09.06 00:36:00 org.jivesoftware.util.cache.CacheFactory - Created cache [org.jivesoftware.util.cache.DefaultLocalCacheStrategy] for Connection Managers Sessions
2026.09.06 00:36:00 org.jivesoftware.util.cache.CacheFactory - Created cache [org.jivesoftware.util.cache.DefaultLocalCacheStrategy] for Incoming Server Sessions
2026.09.06 00:36:00 org.jivesoftware.util.cache.CacheFactory - Created cache [org.jivesoftware.util.cache.DefaultLocalCacheStrategy] for Sessions by Hostname
2026.09.06 00:36:00 org.jivesoftware.util.cache.CacheFactory - Created cache [org.jivesoftware.util.cache.DefaultLocalCacheStrategy] for Validated Domains
2026.09.06 00:36:00 org.jivesoftware.util.cache.CacheFactory - Created cache [org.jivesoftware.util.cache.DefaultLocalCacheStrategy] for Client Session Info Cache
2026.09.06 00:36:00 org.jivesoftware.util.cache.CacheFactory - Created cache [org.jivesoftware.util.cache.DefaultLocalCacheStrategy] for Directed Presences
2026.09.06 00:36:00 org.jivesoftware.util.cache.CacheFactory - Created local-only cache [org.jivesoftware.util.cache.DefaultLocalCacheStrategy] for PEPServiceManager
2026.09.06 00:36:00 org.jivesoftware.util.cache.CacheFactory - Created cache [org.jivesoftware.util.cache.DefaultLocalCacheStrategy] for File Transfer
2026.09.06 00:36:00 org.jivesoftware.util.cache.CacheFactory - Created cache [org.jivesoftware.util.cache.DefaultLocalCacheStrategy] for Published Items
2026.09.06 00:36:00 org.jivesoftware.util.cache.CacheFactory - Created cache [org.jivesoftware.util.cache.DefaultLocalCacheStrategy] for Disco Server Features
2026.09.06 00:36:00 org.jivesoftware.util.cache.CacheFactory - Created cache [org.jivesoftware.util.cache.DefaultLocalCacheStrategy] for Disco Server Items
2026.09.06 00:36:00 org.jivesoftware.util.cache.CacheFactory - Created cache [org.jivesoftware.util.cache.DefaultLocalCacheStrategy] for Components
2026.09.06 00:36:01 org.jivesoftware.util.cache.CacheFactory - Created local-only cache [org.jivesoftware.util.cache.DefaultLocalCacheStrategy] for Entity Capabilities
2026.09.06 00:36:01 org.jivesoftware.util.cache.CacheFactory - Created local-only cache [org.jivesoftware.util.cache.DefaultLocalCacheStrategy] for Entity Capabilities Users
2026.09.06 00:36:01 org.jivesoftware.util.cache.CacheFactory - Created cache [org.jivesoftware.util.cache.DefaultLocalCacheStrategy] for Group
2026.09.06 00:36:01 org.jivesoftware.util.cache.CacheFactory - Created cache [org.jivesoftware.util.cache.DefaultLocalCacheStrategy] for Group Metadata Cache
2026.09.06 00:36:01 org.jivesoftware.openfire.pubsub.PubSubModule - Dominio de Publicar-Suscribir: pubsub.192.168.1.235
2026.09.06 00:36:01 org.jivesoftware.openfire.muc.spi.MultiUserChatServiceImpl - Dominio de Chat Multi-usuario: conference.192.168.1.235
2026.09.06 00:36:01 org.jivesoftware.openfire.XMPPServer - Openfire 4.5.0 Alpha [Sep 6, 2026, 12:36:01 AM]
2026.09.06 00:36:02 org.jivesoftware.openfire.XMPPServer - Accessing SystemProperty field org.jivesoftware.openfire.auth.AuthFactory#PASSWORD_KEY
2026.09.06 00:36:02 org.jivesoftware.openfire.XMPPServer - Accessing SystemProperty field org.jivesoftware.openfire.auth.AuthFactory#AUTH_PROVIDER
2026.09.06 00:36:02 org.jivesoftware.openfire.XMPPServer - Accessing SystemProperty field org.jivesoftware.openfire.sasl.ScramSha1SaslServer#ITERATION_COUNT
2026.09.06 00:36:02 org.jivesoftware.openfire.XMPPServer - Accessing SystemProperty field org.jivesoftware.openfire.vcard.VCardManager#VCARD_PROVIDER
2026.09.06 00:36:02 org.jivesoftware.openfire.XMPPServer - Accessing SystemProperty field org.jivesoftware.openfire.auth.HybridAuthProvider#PRIMARY_PROVIDER
2026.09.06 00:36:02 org.jivesoftware.openfire.XMPPServer - Accessing SystemProperty field org.jivesoftware.openfire.auth.HybridAuthProvider#SECONDARY_PROVIDER
2026.09.06 00:36:02 org.jivesoftware.openfire.XMPPServer - Accessing SystemProperty field org.jivesoftware.openfire.auth.HybridAuthProvider#TERTIARY_PROVIDER
2026.09.06 00:36:02 org.jivesoftware.openfire.XMPPServer - Accessing SystemProperty field org.jivesoftware.openfire.lockout.LockOutManager#LOCKOUT_PROVIDER
2026.09.06 00:36:02 org.jivesoftware.openfire.XMPPServer - Accessing SystemProperty field org.jivesoftware.openfire.user.UserManager#USER_PROVIDER
2026.09.06 00:36:02 org.jivesoftware.openfire.XMPPServer - Accessing SystemProperty field org.jivesoftware.openfire.user.UserManager#REMOTE_DISCO_INFO_TIMEOUT
2026.09.06 00:36:02 org.jivesoftware.openfire.XMPPServer - Accessing SystemProperty field org.jivesoftware.openfire.user.UserManager#USER_PROPERTY_PROVIDER
2026.09.06 00:36:02 org.jivesoftware.openfire.XMPPServer - Accessing SystemProperty field org.jivesoftware.openfire.SessionManager#CONFLICT_LIMIT
2026.09.06 00:36:02 org.jivesoftware.openfire.XMPPServer - Accessing SystemProperty field org.jivesoftware.openfire.group.GroupManager#GROUP_PROVIDER
2026.09.06 00:36:02 org.jivesoftware.openfire.XMPPServer - Accessing SystemProperty field org.jivesoftware.openfire.muc.spi.IQMuclumbusSearchHandler#PROPERTY_ENABLED
2026.09.06 00:36:02 org.jivesoftware.openfire.XMPPServer - Accessing SystemProperty field org.jivesoftware.openfire.sasl.AnonymousSaslServer#ENABLED
2026.09.06 00:36:02 org.jivesoftware.openfire.XMPPServer - Accessing SystemProperty field org.jivesoftware.openfire.net.SASLAuthentication#SKIP_PEER_CERT_REVALIDATION_CLIENT
2026.09.06 00:36:02 org.jivesoftware.openfire.net.SASLAuthentication - Support added for the 'ANONYMOUS' SASL mechanism.
2026.09.06 00:36:02 org.jivesoftware.openfire.net.SASLAuthentication - Support added for the 'PLAIN' SASL mechanism.
2026.09.06 00:36:02 org.jivesoftware.openfire.net.SASLAuthentication - Support added for the 'DIGEST-MD5' SASL mechanism.
2026.09.06 00:36:02 org.jivesoftware.openfire.net.SASLAuthentication - Support added for the 'CRAM-MD5' SASL mechanism.
2026.09.06 00:36:02 org.jivesoftware.openfire.net.SASLAuthentication - Support added for the 'SCRAM-SHA-1' SASL mechanism.
2026.09.06 00:36:02 org.jivesoftware.openfire.net.SASLAuthentication - Support added for the 'JIVE-SHAREDSECRET' SASL mechanism.
2026.09.06 00:36:02 org.jivesoftware.openfire.net.SASLAuthentication - Support added for the 'GSSAPI' SASL mechanism.
2026.09.06 00:36:02 org.jivesoftware.openfire.net.SASLAuthentication - Support added for the 'EXTERNAL' SASL mechanism.
2026.09.06 00:36:02 org.jivesoftware.openfire.XMPPServer - Accessing SystemProperty field org.jivesoftware.openfire.XMPPServerInfo#XMPP_DOMAIN
2026.09.06 00:36:02 org.jivesoftware.openfire.XMPPServer - Accessing SystemProperty field org.jivesoftware.openfire.sasl.ExternalClientSaslServer#PROPERTY_SASL_EXTERNAL_CLIENT_SUPPRESS_MATCHING_REALMNAME
2026.09.06 00:36:02 org.jivesoftware.openfire.XMPPServer - Accessing SystemProperty field org.jivesoftware.openfire.admin.AdminManager#ADMIN_PROVIDER
2026.09.06 00:36:02 org.jivesoftware.openfire.XMPPServer - Accessing SystemProperty field org.jivesoftware.openfire.security.SecurityAuditManager#AUDIT_PROVIDER
2026.09.06 00:36:02 org.jivesoftware.openfire.XMPPServer - Accessing SystemProperty field org.jivesoftware.openfire.admin.DefaultAdminProvider#ADMIN_JIDS
2026.09.06 00:36:02 org.jivesoftware.openfire.XMPPServer - Accessing SystemProperty field org.jivesoftware.openfire.cluster.ClusterMonitor#ENABLED
2026.09.06 00:36:02 org.jivesoftware.openfire.XMPPServer - Accessing SystemProperty field org.jivesoftware.openfire.ldap.LdapVCardProvider#STORE_AVATAR_IN_DB
2026.09.06 00:36:02 org.jivesoftware.openfire.XMPPServer - Accessing SystemProperty field org.jivesoftware.openfire.spi.EncryptionArtifactFactory#TRUST_MANAGER_CLASS
2026.09.06 00:36:02 org.jivesoftware.openfire.XMPPServer - Accessing SystemProperty field org.jivesoftware.openfire.update.UpdateManager#ENABLED
2026.09.06 00:36:02 org.jivesoftware.openfire.XMPPServer - Accessing SystemProperty field org.jivesoftware.openfire.update.UpdateManager#NOTIFY_ADMINS
2026.09.06 00:36:02 org.jivesoftware.openfire.XMPPServer - Accessing SystemProperty field org.jivesoftware.openfire.update.UpdateManager#LAST_UPDATE_CHECK
2026.09.06 00:36:02 org.jivesoftware.openfire.XMPPServer - Accessing SystemProperty field org.jivesoftware.openfire.update.UpdateManager#UPDATE_FREQUENCY
2026.09.06 00:36:02 org.jivesoftware.openfire.XMPPServer - Accessing SystemProperty field org.jivesoftware.openfire.update.UpdateManager#PROXY_HOST
2026.09.06 00:36:02 org.jivesoftware.openfire.XMPPServer - Accessing SystemProperty field org.jivesoftware.openfire.update.UpdateManager#PROXY_PORT
2026.09.06 00:36:02 org.jivesoftware.util.cache.CacheFactory - Created cache [org.jivesoftware.util.cache.DefaultLocalCacheStrategy] for Favicon Misses
2026.09.06 00:36:02 org.jivesoftware.util.cache.CacheFactory - Created cache [org.jivesoftware.util.cache.DefaultLocalCacheStrategy] for Favicon Hits
2026.09.06 00:36:02 org.jivesoftware.openfire.container.AdminConsolePlugin - Consola de administración escuchando en http://192.168.1.235:9090
2026.09.06 00:36:02 org.jivesoftware.openfire.container.PluginManager - Successfully loaded plugin 'admin'.
2026.09.06 00:36:02 org.jivesoftware.openfire.container.PluginManager - Successfully loaded plugin 'nonsaslauthentication'.
2026.09.06 00:36:02 org.jivesoftware.openfire.container.PluginManager - Successfully loaded plugin 'search'.
2026.09.06 00:36:03 org.jivesoftware.openfire.container.PluginManager - Successfully loaded plugin 'restapi'.
2026.09.06 00:36:03 org.jivesoftware.openfire.container.PluginMonitor - Finished processing all plugins.
2026.09.06 00:36:03 org.jivesoftware.openfire.spi.ConnectionListener[socket_c2s] - Started.
2026.09.06 00:36:03 org.jivesoftware.openfire.spi.ConnectionListener[socket_c2s-legacyMode] - Started.
2026.09.06 00:36:03 org.jivesoftware.openfire.spi.ConnectionListener[socket_s2s] - Started.
2026.09.06 00:36:03 org.jivesoftware.openfire.spi.ConnectionListener[socket_s2s-legacyMode] - Started.
2026.09.06 00:36:03 org.jivesoftware.openfire.spi.ConnectionListener[component] - Started.
2026.09.06 00:36:03 org.jivesoftware.openfire.spi.ConnectionListener[component-legacyMode] - Started.
2026.09.06 00:36:03 org.jivesoftware.openfire.spi.ConnectionListener[connection_manager] - Started.
2026.09.06 00:36:03 org.jivesoftware.openfire.spi.ConnectionListener[connection_manager-legacyMode] - Started.
2026.09.06 00:36:03 org.jivesoftware.openfire.http.HttpSessionManager - Starting instance
2026.09.06 00:36:03 org.jivesoftware.openfire.http.HttpBindManager - HTTP bind service started
2026.09.06 00:36:35 org.jivesoftware.util.cache.CacheFactory - Created cache [org.jivesoftware.util.cache.DefaultLocalCacheStrategy] for Locked Out Accounts
2026.09.06 00:37:44 org.jivesoftware.openfire.XMPPServer - Registering shutdown hook (standalone mode)
2026.09.06 00:37:45 hsqldb.db.HSQLDBA0638C63BF.ENGINE - checkpointClose start
2026.09.06 00:37:45 hsqldb.db.HSQLDBA0638C63BF.ENGINE - checkpointClose synched
2026.09.06 00:37:45 hsqldb.db.HSQLDBA0638C63BF.ENGINE - checkpointClose script done
2026.09.06 00:37:45 hsqldb.db.HSQLDBA0638C63BF.ENGINE - checkpointClose end
2026.09.06 00:37:45 org.jivesoftware.util.cache.CacheFactory - Created cache [org.jivesoftware.util.cache.DefaultLocalCacheStrategy] for Routing Servers Cache
2026.09.06 00:37:45 org.jivesoftware.util.cache.CacheFactory - Created cache [org.jivesoftware.util.cache.DefaultLocalCacheStrategy] for Routing Components Cache
2026.09.06 00:37:45 org.jivesoftware.util.cache.CacheFactory - Created cache [org.jivesoftware.util.cache.DefaultLocalCacheStrategy] for Routing Users Cache
2026.09.06 00:37:45 org.jivesoftware.util.cache.CacheFactory - Created cache [org.jivesoftware.util.cache.DefaultLocalCacheStrategy] for Routing AnonymousUsers Cache
2026.09.06 00:37:45 org.jivesoftware.util.cache.CacheFactory - Created cache [org.jivesoftware.util.cache.DefaultLocalCacheStrategy] for Routing User Sessions
2026.09.06 00:37:45 org.jivesoftware.util.cache.CacheFactory - Created cache [org.jivesoftware.util.cache.DefaultLocalCacheStrategy] for Roster
2026.09.06 00:37:45 org.jivesoftware.util.cache.CacheFactory - Created cache [org.jivesoftware.util.cache.DefaultLocalCacheStrategy] for RosterItems
2026.09.06 00:37:45 org.jivesoftware.util.cache.CacheFactory - Created cache [org.jivesoftware.util.cache.DefaultLocalCacheStrategy] for Multicast Service
2026.09.06 00:37:45 org.jivesoftware.util.cache.CacheFactory - Created cache [org.jivesoftware.util.cache.DefaultLocalCacheStrategy] for Offline Message Size
2026.09.06 00:37:45 org.jivesoftware.util.cache.CacheFactory - Created cache [org.jivesoftware.util.cache.DefaultLocalCacheStrategy] for VCard
2026.09.06 00:37:45 org.jivesoftware.util.cache.CacheFactory - Created cache [org.jivesoftware.util.cache.DefaultLocalCacheStrategy] for Privacy Lists
2026.09.06 00:37:45 org.jivesoftware.util.cache.CacheFactory - Created cache [org.jivesoftware.util.cache.DefaultLocalCacheStrategy] for File Transfer Cache
2026.09.06 00:37:45 org.jivesoftware.util.cache.CacheFactory - Created cache [org.jivesoftware.util.cache.DefaultLocalCacheStrategy] for Offline Presence Cache
2026.09.06 00:37:45 org.jivesoftware.util.cache.CacheFactory - Created cache [org.jivesoftware.util.cache.DefaultLocalCacheStrategy] for Last Activity Cache
2026.09.06 00:37:45 org.jivesoftware.util.cache.CacheFactory - Created cache [org.jivesoftware.util.cache.DefaultLocalCacheStrategy] for User
2026.09.06 00:37:45 org.jivesoftware.util.cache.CacheFactory - Created cache [org.jivesoftware.util.cache.DefaultLocalCacheStrategy] for Remote Users Existence
2026.09.06 00:37:45 org.jivesoftware.util.cache.CacheFactory - Created cache [org.jivesoftware.util.cache.DefaultLocalCacheStrategy] for Components Sessions
2026.09.06 00:37:45 org.jivesoftware.util.cache.CacheFactory - Created cache [org.jivesoftware.util.cache.DefaultLocalCacheStrategy] for Connection Managers Sessions
2026.09.06 00:37:45 org.jivesoftware.util.cache.CacheFactory - Created cache [org.jivesoftware.util.cache.DefaultLocalCacheStrategy] for Incoming Server Sessions
2026.09.06 00:37:45 org.jivesoftware.util.cache.CacheFactory - Created cache [org.jivesoftware.util.cache.DefaultLocalCacheStrategy] for Sessions by Hostname
2026.09.06 00:37:45 org.jivesoftware.util.cache.CacheFactory - Created cache [org.jivesoftware.util.cache.DefaultLocalCacheStrategy] for Validated Domains
2026.09.06 00:37:45 org.jivesoftware.util.cache.CacheFactory - Created cache [org.jivesoftware.util.cache.DefaultLocalCacheStrategy] for Client Session Info Cache
2026.09.06 00:37:45 org.jivesoftware.util.cache.CacheFactory - Created cache [org.jivesoftware.util.cache.DefaultLocalCacheStrategy] for Directed Presences
2026.09.06 00:37:45 org.jivesoftware.util.cache.CacheFactory - Created local-only cache [org.jivesoftware.util.cache.DefaultLocalCacheStrategy] for PEPServiceManager
2026.09.06 00:37:45 org.jivesoftware.util.cache.CacheFactory - Created cache [org.jivesoftware.util.cache.DefaultLocalCacheStrategy] for File Transfer
2026.09.06 00:37:45 org.jivesoftware.util.cache.CacheFactory - Created cache [org.jivesoftware.util.cache.DefaultLocalCacheStrategy] for Published Items
2026.09.06 00:37:45 org.jivesoftware.util.cache.CacheFactory - Created cache [org.jivesoftware.util.cache.DefaultLocalCacheStrategy] for Disco Server Features
2026.09.06 00:37:45 org.jivesoftware.util.cache.CacheFactory - Created cache [org.jivesoftware.util.cache.DefaultLocalCacheStrategy] for Disco Server Items
2026.09.06 00:37:45 org.jivesoftware.util.cache.CacheFactory - Created cache [org.jivesoftware.util.cache.DefaultLocalCacheStrategy] for Components
2026.09.06 00:37:45 org.jivesoftware.util.cache.CacheFactory - Created local-only cache [org.jivesoftware.util.cache.DefaultLocalCacheStrategy] for Entity Capabilities
2026.09.06 00:37:45 org.jivesoftware.util.cache.CacheFactory - Created local-only cache [org.jivesoftware.util.cache.DefaultLocalCacheStrategy] for Entity Capabilities Users
2026.09.06 00:37:45 org.jivesoftware.util.cache.CacheFactory - Created cache [org.jivesoftware.util.cache.DefaultLocalCacheStrategy] for Group
2026.09.06 00:37:45 org.jivesoftware.util.cache.CacheFactory - Created cache [org.jivesoftware.util.cache.DefaultLocalCacheStrategy] for Group Metadata Cache
2026.09.06 00:37:45 org.jivesoftware.openfire.pubsub.PubSubModule - Dominio de Publicar-Suscribir: pubsub.192.168.1.235
2026.09.06 00:37:45 org.jivesoftware.openfire.muc.spi.MultiUserChatServiceImpl - Dominio de Chat Multi-usuario: conference.192.168.1.235
2026.09.06 00:37:45 org.jivesoftware.openfire.XMPPServer - Openfire 4.5.0 Alpha [Sep 6, 2026, 12:37:45 AM]
2026.09.06 00:37:45 org.jivesoftware.openfire.XMPPServer - Accessing SystemProperty field org.jivesoftware.openfire.auth.AuthFactory#PASSWORD_KEY
2026.09.06 00:37:45 org.jivesoftware.openfire.XMPPServer - Accessing SystemProperty field org.jivesoftware.openfire.auth.AuthFactory#AUTH_PROVIDER
2026.09.06 00:37:45 org.jivesoftware.openfire.XMPPServer - Accessing SystemProperty field org.jivesoftware.openfire.sasl.ScramSha1SaslServer#ITERATION_COUNT
2026.09.06 00:37:46 org.jivesoftware.openfire.XMPPServer - Accessing SystemProperty field org.jivesoftware.openfire.vcard.VCardManager#VCARD_PROVIDER
2026.09.06 00:37:46 org.jivesoftware.openfire.XMPPServer - Accessing SystemProperty field org.jivesoftware.openfire.auth.HybridAuthProvider#PRIMARY_PROVIDER
2026.09.06 00:37:46 org.jivesoftware.openfire.XMPPServer - Accessing SystemProperty field org.jivesoftware.openfire.auth.HybridAuthProvider#SECONDARY_PROVIDER
2026.09.06 00:37:46 org.jivesoftware.openfire.XMPPServer - Accessing SystemProperty field org.jivesoftware.openfire.auth.HybridAuthProvider#TERTIARY_PROVIDER
2026.09.06 00:37:46 org.jivesoftware.openfire.XMPPServer - Accessing SystemProperty field org.jivesoftware.openfire.lockout.LockOutManager#LOCKOUT_PROVIDER
2026.09.06 00:37:46 org.jivesoftware.openfire.XMPPServer - Accessing SystemProperty field org.jivesoftware.openfire.user.UserManager#USER_PROVIDER
2026.09.06 00:37:46 org.jivesoftware.openfire.XMPPServer - Accessing SystemProperty field org.jivesoftware.openfire.user.UserManager#REMOTE_DISCO_INFO_TIMEOUT
2026.09.06 00:37:46 org.jivesoftware.openfire.XMPPServer - Accessing SystemProperty field org.jivesoftware.openfire.user.UserManager#USER_PROPERTY_PROVIDER
2026.09.06 00:37:46 org.jivesoftware.openfire.XMPPServer - Accessing SystemProperty field org.jivesoftware.openfire.SessionManager#CONFLICT_LIMIT
2026.09.06 00:37:46 org.jivesoftware.openfire.XMPPServer - Accessing SystemProperty field org.jivesoftware.openfire.group.GroupManager#GROUP_PROVIDER
2026.09.06 00:37:46 org.jivesoftware.openfire.XMPPServer - Accessing SystemProperty field org.jivesoftware.openfire.muc.spi.IQMuclumbusSearchHandler#PROPERTY_ENABLED
2026.09.06 00:37:46 org.jivesoftware.openfire.XMPPServer - Accessing SystemProperty field org.jivesoftware.openfire.sasl.AnonymousSaslServer#ENABLED
2026.09.06 00:37:46 org.jivesoftware.openfire.XMPPServer - Accessing SystemProperty field org.jivesoftware.openfire.net.SASLAuthentication#SKIP_PEER_CERT_REVALIDATION_CLIENT
2026.09.06 00:37:46 org.jivesoftware.openfire.net.SASLAuthentication - Support added for the 'ANONYMOUS' SASL mechanism.
2026.09.06 00:37:46 org.jivesoftware.openfire.net.SASLAuthentication - Support added for the 'PLAIN' SASL mechanism.
2026.09.06 00:37:46 org.jivesoftware.openfire.net.SASLAuthentication - Support added for the 'DIGEST-MD5' SASL mechanism.
2026.09.06 00:37:46 org.jivesoftware.openfire.net.SASLAuthentication - Support added for the 'CRAM-MD5' SASL mechanism.
2026.09.06 00:37:46 org.jivesoftware.openfire.net.SASLAuthentication - Support added for the 'SCRAM-SHA-1' SASL mechanism.
2026.09.06 00:37:46 org.jivesoftware.openfire.net.SASLAuthentication - Support added for the 'JIVE-SHAREDSECRET' SASL mechanism.
2026.09.06 00:37:46 org.jivesoftware.openfire.net.SASLAuthentication - Support added for the 'GSSAPI' SASL mechanism.
2026.09.06 00:37:46 org.jivesoftware.openfire.net.SASLAuthentication - Support added for the 'EXTERNAL' SASL mechanism.
2026.09.06 00:37:46 org.jivesoftware.openfire.XMPPServer - Accessing SystemProperty field org.jivesoftware.openfire.XMPPServerInfo#XMPP_DOMAIN
2026.09.06 00:37:46 org.jivesoftware.openfire.XMPPServer - Accessing SystemProperty field org.jivesoftware.openfire.sasl.ExternalClientSaslServer#PROPERTY_SASL_EXTERNAL_CLIENT_SUPPRESS_MATCHING_REALMNAME
2026.09.06 00:37:46 org.jivesoftware.openfire.XMPPServer - Accessing SystemProperty field org.jivesoftware.openfire.admin.AdminManager#ADMIN_PROVIDER
2026.09.06 00:37:46 org.jivesoftware.util.cache.CacheFactory - Created cache [org.jivesoftware.util.cache.DefaultLocalCacheStrategy] for Favicon Misses
2026.09.06 00:37:46 org.jivesoftware.util.cache.CacheFactory - Created cache [org.jivesoftware.util.cache.DefaultLocalCacheStrategy] for Favicon Hits
2026.09.06 00:37:46 org.jivesoftware.openfire.container.AdminConsolePlugin - Consola de administración escuchando en http://192.168.1.235:9090
2026.09.06 00:37:46 org.jivesoftware.openfire.XMPPServer - Accessing SystemProperty field org.jivesoftware.openfire.security.SecurityAuditManager#AUDIT_PROVIDER
2026.09.06 00:37:46 org.jivesoftware.openfire.XMPPServer - Accessing SystemProperty field org.jivesoftware.openfire.admin.DefaultAdminProvider#ADMIN_JIDS
2026.09.06 00:37:46 org.jivesoftware.openfire.XMPPServer - Accessing SystemProperty field org.jivesoftware.openfire.cluster.ClusterMonitor#ENABLED
2026.09.06 00:37:46 org.jivesoftware.openfire.XMPPServer - Accessing SystemProperty field org.jivesoftware.openfire.ldap.LdapVCardProvider#STORE_AVATAR_IN_DB
2026.09.06 00:37:46 org.jivesoftware.openfire.XMPPServer - Accessing SystemProperty field org.jivesoftware.openfire.spi.EncryptionArtifactFactory#TRUST_MANAGER_CLASS
2026.09.06 00:37:46 org.jivesoftware.openfire.XMPPServer - Accessing SystemProperty field org.jivesoftware.openfire.update.UpdateManager#ENABLED
2026.09.06 00:37:46 org.jivesoftware.openfire.XMPPServer - Accessing SystemProperty field org.jivesoftware.openfire.update.UpdateManager#NOTIFY_ADMINS
2026.09.06 00:37:46 org.jivesoftware.openfire.XMPPServer - Accessing SystemProperty field org.jivesoftware.openfire.update.UpdateManager#LAST_UPDATE_CHECK
2026.09.06 00:37:46 org.jivesoftware.openfire.XMPPServer - Accessing SystemProperty field org.jivesoftware.openfire.update.UpdateManager#UPDATE_FREQUENCY
2026.09.06 00:37:46 org.jivesoftware.openfire.XMPPServer - Accessing SystemProperty field org.jivesoftware.openfire.update.UpdateManager#PROXY_HOST
2026.09.06 00:37:46 org.jivesoftware.openfire.XMPPServer - Accessing SystemProperty field org.jivesoftware.openfire.update.UpdateManager#PROXY_PORT
2026.09.06 00:37:46 org.jivesoftware.openfire.container.PluginManager - Successfully loaded plugin 'admin'.
2026.09.06 00:37:46 org.jivesoftware.openfire.container.PluginManager - Successfully loaded plugin 'nonsaslauthentication'.
2026.09.06 00:37:46 org.jivesoftware.openfire.container.PluginManager - Successfully loaded plugin 'search'.
2026.09.06 00:37:47 org.jivesoftware.openfire.container.PluginManager - Successfully loaded plugin 'restapi'.
2026.09.06 00:37:47 org.jivesoftware.openfire.container.PluginMonitor - Finished processing all plugins.
2026.09.06 00:37:47 org.jivesoftware.openfire.spi.ConnectionListener[socket_c2s] - Started.
2026.09.06 00:37:47 org.jivesoftware.openfire.spi.ConnectionListener[socket_c2s-legacyMode] - Started.
2026.09.06 00:37:47 org.jivesoftware.openfire.spi.ConnectionListener[socket_s2s] - Started.
2026.09.06 00:37:47 org.jivesoftware.openfire.spi.ConnectionListener[socket_s2s-legacyMode] - Started.
2026.09.06 00:37:47 org.jivesoftware.openfire.spi.ConnectionListener[component] - Started.
2026.09.06 00:37:47 org.jivesoftware.openfire.spi.ConnectionListener[component-legacyMode] - Started.
2026.09.06 00:37:47 org.jivesoftware.openfire.spi.ConnectionListener[connection_manager] - Started.
2026.09.06 00:37:47 org.jivesoftware.openfire.spi.ConnectionListener[connection_manager-legacyMode] - Started.
2026.09.06 00:37:47 org.jivesoftware.openfire.http.HttpSessionManager - Starting instance
2026.09.06 00:37:47 org.jivesoftware.openfire.http.HttpBindManager - HTTP bind service started
2026.09.06 00:38:09 org.jivesoftware.util.cache.CacheFactory - Created cache [org.jivesoftware.util.cache.DefaultLocalCacheStrategy] for Locked Out Accounts
2026.09.06 05:58:16 org.jivesoftware.openfire.XMPPServer - Registering shutdown hook (standalone mode)
2026.09.06 05:58:17 hsqldb.db.HSQLDBA0638C63BF.ENGINE - checkpointClose start
2026.09.06 05:58:17 hsqldb.db.HSQLDBA0638C63BF.ENGINE - checkpointClose synched
2026.09.06 05:58:17 hsqldb.db.HSQLDBA0638C63BF.ENGINE - checkpointClose script done
2026.09.06 05:58:17 hsqldb.db.HSQLDBA0638C63BF.ENGINE - checkpointClose end
2026.09.06 05:58:17 org.jivesoftware.util.cache.CacheFactory - Created cache [org.jivesoftware.util.cache.DefaultLocalCacheStrategy] for Routing Servers Cache
2026.09.06 05:58:17 org.jivesoftware.util.cache.CacheFactory - Created cache [org.jivesoftware.util.cache.DefaultLocalCacheStrategy] for Routing Components Cache
2026.09.06 05:58:17 org.jivesoftware.util.cache.CacheFactory - Created cache [org.jivesoftware.util.cache.DefaultLocalCacheStrategy] for Routing Users Cache
2026.09.06 05:58:17 org.jivesoftware.util.cache.CacheFactory - Created cache [org.jivesoftware.util.cache.DefaultLocalCacheStrategy] for Routing AnonymousUsers Cache
2026.09.06 05:58:17 org.jivesoftware.util.cache.CacheFactory - Created cache [org.jivesoftware.util.cache.DefaultLocalCacheStrategy] for Routing User Sessions
2026.09.06 05:58:17 org.jivesoftware.util.cache.CacheFactory - Created cache [org.jivesoftware.util.cache.DefaultLocalCacheStrategy] for Roster
2026.09.06 05:58:17 org.jivesoftware.util.cache.CacheFactory - Created cache [org.jivesoftware.util.cache.DefaultLocalCacheStrategy] for RosterItems
2026.09.06 05:58:17 org.jivesoftware.util.cache.CacheFactory - Created cache [org.jivesoftware.util.cache.DefaultLocalCacheStrategy] for Multicast Service
2026.09.06 05:58:17 org.jivesoftware.util.cache.CacheFactory - Created cache [org.jivesoftware.util.cache.DefaultLocalCacheStrategy] for Offline Message Size
2026.09.06 05:58:17 org.jivesoftware.util.cache.CacheFactory - Created cache [org.jivesoftware.util.cache.DefaultLocalCacheStrategy] for VCard
2026.09.06 05:58:17 org.jivesoftware.util.cache.CacheFactory - Created cache [org.jivesoftware.util.cache.DefaultLocalCacheStrategy] for Privacy Lists
2026.09.06 05:58:17 org.jivesoftware.util.cache.CacheFactory - Created cache [org.jivesoftware.util.cache.DefaultLocalCacheStrategy] for File Transfer Cache
2026.09.06 05:58:18 org.jivesoftware.util.cache.CacheFactory - Created cache [org.jivesoftware.util.cache.DefaultLocalCacheStrategy] for Offline Presence Cache
2026.09.06 05:58:18 org.jivesoftware.util.cache.CacheFactory - Created cache [org.jivesoftware.util.cache.DefaultLocalCacheStrategy] for Last Activity Cache
2026.09.06 05:58:18 org.jivesoftware.util.cache.CacheFactory - Created cache [org.jivesoftware.util.cache.DefaultLocalCacheStrategy] for User
2026.09.06 05:58:18 org.jivesoftware.util.cache.CacheFactory - Created cache [org.jivesoftware.util.cache.DefaultLocalCacheStrategy] for Remote Users Existence
2026.09.06 05:58:18 org.jivesoftware.util.cache.CacheFactory - Created cache [org.jivesoftware.util.cache.DefaultLocalCacheStrategy] for Components Sessions
2026.09.06 05:58:18 org.jivesoftware.util.cache.CacheFactory - Created cache [org.jivesoftware.util.cache.DefaultLocalCacheStrategy] for Connection Managers Sessions
2026.09.06 05:58:18 org.jivesoftware.util.cache.CacheFactory - Created cache [org.jivesoftware.util.cache.DefaultLocalCacheStrategy] for Incoming Server Sessions
2026.09.06 05:58:18 org.jivesoftware.util.cache.CacheFactory - Created cache [org.jivesoftware.util.cache.DefaultLocalCacheStrategy] for Sessions by Hostname
2026.09.06 05:58:18 org.jivesoftware.util.cache.CacheFactory - Created cache [org.jivesoftware.util.cache.DefaultLocalCacheStrategy] for Validated Domains
2026.09.06 05:58:18 org.jivesoftware.util.cache.CacheFactory - Created cache [org.jivesoftware.util.cache.DefaultLocalCacheStrategy] for Client Session Info Cache
2026.09.06 05:58:18 org.jivesoftware.util.cache.CacheFactory - Created cache [org.jivesoftware.util.cache.DefaultLocalCacheStrategy] for Directed Presences
2026.09.06 05:58:18 org.jivesoftware.util.cache.CacheFactory - Created local-only cache [org.jivesoftware.util.cache.DefaultLocalCacheStrategy] for PEPServiceManager
2026.09.06 05:58:18 org.jivesoftware.util.cache.CacheFactory - Created cache [org.jivesoftware.util.cache.DefaultLocalCacheStrategy] for File Transfer
2026.09.06 05:58:18 org.jivesoftware.util.cache.CacheFactory - Created cache [org.jivesoftware.util.cache.DefaultLocalCacheStrategy] for Published Items
2026.09.06 05:58:18 org.jivesoftware.util.cache.CacheFactory - Created cache [org.jivesoftware.util.cache.DefaultLocalCacheStrategy] for Disco Server Features
2026.09.06 05:58:18 org.jivesoftware.util.cache.CacheFactory - Created cache [org.jivesoftware.util.cache.DefaultLocalCacheStrategy] for Disco Server Items
2026.09.06 05:58:18 org.jivesoftware.util.cache.CacheFactory - Created cache [org.jivesoftware.util.cache.DefaultLocalCacheStrategy] for Components
2026.09.06 05:58:18 org.jivesoftware.util.cache.CacheFactory - Created local-only cache [org.jivesoftware.util.cache.DefaultLocalCacheStrategy] for Entity Capabilities
2026.09.06 05:58:18 org.jivesoftware.util.cache.CacheFactory - Created local-only cache [org.jivesoftware.util.cache.DefaultLocalCacheStrategy] for Entity Capabilities Users
2026.09.06 05:58:18 org.jivesoftware.util.cache.CacheFactory - Created cache [org.jivesoftware.util.cache.DefaultLocalCacheStrategy] for Group
2026.09.06 05:58:18 org.jivesoftware.util.cache.CacheFactory - Created cache [org.jivesoftware.util.cache.DefaultLocalCacheStrategy] for Group Metadata Cache
2026.09.06 05:58:18 org.jivesoftware.openfire.pubsub.PubSubModule - Dominio de Publicar-Suscribir: pubsub.192.168.1.235
2026.09.06 05:58:18 org.jivesoftware.openfire.muc.spi.MultiUserChatServiceImpl - Dominio de Chat Multi-usuario: conference.192.168.1.235
2026.09.06 05:58:18 org.jivesoftware.openfire.XMPPServer - Openfire 4.5.0 Alpha [Sep 6, 2026, 5:58:18 AM]
2026.09.06 05:58:19 org.jivesoftware.openfire.XMPPServer - Accessing SystemProperty field org.jivesoftware.openfire.auth.AuthFactory#PASSWORD_KEY
2026.09.06 05:58:19 org.jivesoftware.openfire.XMPPServer - Accessing SystemProperty field org.jivesoftware.openfire.auth.AuthFactory#AUTH_PROVIDER
2026.09.06 05:58:19 org.jivesoftware.openfire.XMPPServer - Accessing SystemProperty field org.jivesoftware.openfire.sasl.ScramSha1SaslServer#ITERATION_COUNT
2026.09.06 05:58:19 org.jivesoftware.openfire.XMPPServer - Accessing SystemProperty field org.jivesoftware.openfire.vcard.VCardManager#VCARD_PROVIDER
2026.09.06 05:58:19 org.jivesoftware.openfire.XMPPServer - Accessing SystemProperty field org.jivesoftware.openfire.auth.HybridAuthProvider#PRIMARY_PROVIDER
2026.09.06 05:58:19 org.jivesoftware.openfire.XMPPServer - Accessing SystemProperty field org.jivesoftware.openfire.auth.HybridAuthProvider#SECONDARY_PROVIDER
2026.09.06 05:58:19 org.jivesoftware.openfire.XMPPServer - Accessing SystemProperty field org.jivesoftware.openfire.auth.HybridAuthProvider#TERTIARY_PROVIDER
2026.09.06 05:58:19 org.jivesoftware.openfire.XMPPServer - Accessing SystemProperty field org.jivesoftware.openfire.lockout.LockOutManager#LOCKOUT_PROVIDER
2026.09.06 05:58:19 org.jivesoftware.openfire.XMPPServer - Accessing SystemProperty field org.jivesoftware.openfire.user.UserManager#USER_PROVIDER
2026.09.06 05:58:19 org.jivesoftware.openfire.XMPPServer - Accessing SystemProperty field org.jivesoftware.openfire.user.UserManager#REMOTE_DISCO_INFO_TIMEOUT
2026.09.06 05:58:19 org.jivesoftware.openfire.XMPPServer - Accessing SystemProperty field org.jivesoftware.openfire.user.UserManager#USER_PROPERTY_PROVIDER
2026.09.06 05:58:19 org.jivesoftware.openfire.XMPPServer - Accessing SystemProperty field org.jivesoftware.openfire.SessionManager#CONFLICT_LIMIT
2026.09.06 05:58:19 org.jivesoftware.openfire.XMPPServer - Accessing SystemProperty field org.jivesoftware.openfire.group.GroupManager#GROUP_PROVIDER
2026.09.06 05:58:19 org.jivesoftware.openfire.XMPPServer - Accessing SystemProperty field org.jivesoftware.openfire.muc.spi.IQMuclumbusSearchHandler#PROPERTY_ENABLED
2026.09.06 05:58:19 org.jivesoftware.openfire.XMPPServer - Accessing SystemProperty field org.jivesoftware.openfire.sasl.AnonymousSaslServer#ENABLED
2026.09.06 05:58:19 org.jivesoftware.openfire.XMPPServer - Accessing SystemProperty field org.jivesoftware.openfire.net.SASLAuthentication#SKIP_PEER_CERT_REVALIDATION_CLIENT
2026.09.06 05:58:19 org.jivesoftware.openfire.net.SASLAuthentication - Support added for the 'ANONYMOUS' SASL mechanism.
2026.09.06 05:58:19 org.jivesoftware.openfire.net.SASLAuthentication - Support added for the 'PLAIN' SASL mechanism.
2026.09.06 05:58:19 org.jivesoftware.openfire.net.SASLAuthentication - Support added for the 'DIGEST-MD5' SASL mechanism.
2026.09.06 05:58:19 org.jivesoftware.openfire.net.SASLAuthentication - Support added for the 'CRAM-MD5' SASL mechanism.
2026.09.06 05:58:19 org.jivesoftware.openfire.net.SASLAuthentication - Support added for the 'SCRAM-SHA-1' SASL mechanism.
2026.09.06 05:58:19 org.jivesoftware.openfire.net.SASLAuthentication - Support added for the 'JIVE-SHAREDSECRET' SASL mechanism.
2026.09.06 05:58:19 org.jivesoftware.openfire.net.SASLAuthentication - Support added for the 'GSSAPI' SASL mechanism.
2026.09.06 05:58:19 org.jivesoftware.openfire.net.SASLAuthentication - Support added for the 'EXTERNAL' SASL mechanism.
2026.09.06 05:58:19 org.jivesoftware.openfire.XMPPServer - Accessing SystemProperty field org.jivesoftware.openfire.XMPPServerInfo#XMPP_DOMAIN
2026.09.06 05:58:19 org.jivesoftware.openfire.XMPPServer - Accessing SystemProperty field org.jivesoftware.openfire.sasl.ExternalClientSaslServer#PROPERTY_SASL_EXTERNAL_CLIENT_SUPPRESS_MATCHING_REALMNAME
2026.09.06 05:58:19 org.jivesoftware.openfire.XMPPServer - Accessing SystemProperty field org.jivesoftware.openfire.admin.AdminManager#ADMIN_PROVIDER
2026.09.06 05:58:19 org.jivesoftware.openfire.XMPPServer - Accessing SystemProperty field org.jivesoftware.openfire.security.SecurityAuditManager#AUDIT_PROVIDER
2026.09.06 05:58:19 org.jivesoftware.openfire.XMPPServer - Accessing SystemProperty field org.jivesoftware.openfire.admin.DefaultAdminProvider#ADMIN_JIDS
2026.09.06 05:58:19 org.jivesoftware.openfire.XMPPServer - Accessing SystemProperty field org.jivesoftware.openfire.cluster.ClusterMonitor#ENABLED
2026.09.06 05:58:19 org.jivesoftware.openfire.XMPPServer - Accessing SystemProperty field org.jivesoftware.openfire.ldap.LdapVCardProvider#STORE_AVATAR_IN_DB
2026.09.06 05:58:19 org.jivesoftware.openfire.XMPPServer - Accessing SystemProperty field org.jivesoftware.openfire.spi.EncryptionArtifactFactory#TRUST_MANAGER_CLASS
2026.09.06 05:58:19 org.jivesoftware.openfire.XMPPServer - Accessing SystemProperty field org.jivesoftware.openfire.update.UpdateManager#ENABLED
2026.09.06 05:58:19 org.jivesoftware.openfire.XMPPServer - Accessing SystemProperty field org.jivesoftware.openfire.update.UpdateManager#NOTIFY_ADMINS
2026.09.06 05:58:19 org.jivesoftware.openfire.XMPPServer - Accessing SystemProperty field org.jivesoftware.openfire.update.UpdateManager#LAST_UPDATE_CHECK
2026.09.06 05:58:19 org.jivesoftware.openfire.XMPPServer - Accessing SystemProperty field org.jivesoftware.openfire.update.UpdateManager#UPDATE_FREQUENCY
2026.09.06 05:58:19 org.jivesoftware.openfire.XMPPServer - Accessing SystemProperty field org.jivesoftware.openfire.update.UpdateManager#PROXY_HOST
2026.09.06 05:58:19 org.jivesoftware.openfire.XMPPServer - Accessing SystemProperty field org.jivesoftware.openfire.update.UpdateManager#PROXY_PORT
2026.09.06 05:58:19 org.jivesoftware.util.cache.CacheFactory - Created cache [org.jivesoftware.util.cache.DefaultLocalCacheStrategy] for Favicon Misses
2026.09.06 05:58:19 org.jivesoftware.util.cache.CacheFactory - Created cache [org.jivesoftware.util.cache.DefaultLocalCacheStrategy] for Favicon Hits
2026.09.06 05:58:19 org.jivesoftware.openfire.container.AdminConsolePlugin - Consola de administración escuchando en http://192.168.1.235:9090
2026.09.06 05:58:19 org.jivesoftware.openfire.container.PluginManager - Successfully loaded plugin 'admin'.
2026.09.06 05:58:19 org.jivesoftware.openfire.container.PluginManager - Successfully loaded plugin 'nonsaslauthentication'.
2026.09.06 05:58:19 org.jivesoftware.openfire.container.PluginManager - Successfully loaded plugin 'search'.
2026.09.06 05:58:20 org.jivesoftware.openfire.container.PluginManager - Successfully loaded plugin 'restapi'.
2026.09.06 05:58:20 org.jivesoftware.openfire.container.PluginMonitor - Finished processing all plugins.
2026.09.06 05:58:20 org.jivesoftware.openfire.spi.ConnectionListener[socket_c2s] - Started.
2026.09.06 05:58:20 org.jivesoftware.openfire.spi.ConnectionListener[socket_c2s-legacyMode] - Started.
2026.09.06 05:58:20 org.jivesoftware.openfire.spi.ConnectionListener[socket_s2s] - Started.
2026.09.06 05:58:20 org.jivesoftware.openfire.spi.ConnectionListener[socket_s2s-legacyMode] - Started.
2026.09.06 05:58:20 org.jivesoftware.openfire.spi.ConnectionListener[component] - Started.
2026.09.06 05:58:20 org.jivesoftware.openfire.spi.ConnectionListener[component-legacyMode] - Started.
2026.09.06 05:58:20 org.jivesoftware.openfire.spi.ConnectionListener[connection_manager] - Started.
2026.09.06 05:58:20 org.jivesoftware.openfire.spi.ConnectionListener[connection_manager-legacyMode] - Started.
2026.09.06 05:58:20 org.jivesoftware.openfire.http.HttpSessionManager - Starting instance
2026.09.06 05:58:21 org.jivesoftware.openfire.http.HttpBindManager - HTTP bind service started
2026.09.06 05:58:51 org.jivesoftware.util.cache.CacheFactory - Created cache [org.jivesoftware.util.cache.DefaultLocalCacheStrategy] for Locked Out Accounts
2026.09.06 08:12:19 org.jivesoftware.openfire.XMPPServer - Registering shutdown hook (standalone mode)
2026.09.06 08:12:20 hsqldb.db.HSQLDBA0638C63BF.ENGINE - checkpointClose start
2026.09.06 08:12:20 hsqldb.db.HSQLDBA0638C63BF.ENGINE - checkpointClose synched
2026.09.06 08:12:20 hsqldb.db.HSQLDBA0638C63BF.ENGINE - checkpointClose script done
2026.09.06 08:12:20 hsqldb.db.HSQLDBA0638C63BF.ENGINE - checkpointClose end
2026.09.06 08:12:20 org.jivesoftware.util.cache.CacheFactory - Created cache [org.jivesoftware.util.cache.DefaultLocalCacheStrategy] for Routing Servers Cache
2026.09.06 08:12:20 org.jivesoftware.util.cache.CacheFactory - Created cache [org.jivesoftware.util.cache.DefaultLocalCacheStrategy] for Routing Components Cache
2026.09.06 08:12:20 org.jivesoftware.util.cache.CacheFactory - Created cache [org.jivesoftware.util.cache.DefaultLocalCacheStrategy] for Routing Users Cache
2026.09.06 08:12:20 org.jivesoftware.util.cache.CacheFactory - Created cache [org.jivesoftware.util.cache.DefaultLocalCacheStrategy] for Routing AnonymousUsers Cache
2026.09.06 08:12:20 org.jivesoftware.util.cache.CacheFactory - Created cache [org.jivesoftware.util.cache.DefaultLocalCacheStrategy] for Routing User Sessions
2026.09.06 08:12:20 org.jivesoftware.util.cache.CacheFactory - Created cache [org.jivesoftware.util.cache.DefaultLocalCacheStrategy] for Roster
2026.09.06 08:12:20 org.jivesoftware.util.cache.CacheFactory - Created cache [org.jivesoftware.util.cache.DefaultLocalCacheStrategy] for RosterItems
2026.09.06 08:12:20 org.jivesoftware.util.cache.CacheFactory - Created cache [org.jivesoftware.util.cache.DefaultLocalCacheStrategy] for Multicast Service
2026.09.06 08:12:20 org.jivesoftware.util.cache.CacheFactory - Created cache [org.jivesoftware.util.cache.DefaultLocalCacheStrategy] for Offline Message Size
2026.09.06 08:12:20 org.jivesoftware.util.cache.CacheFactory - Created cache [org.jivesoftware.util.cache.DefaultLocalCacheStrategy] for VCard
2026.09.06 08:12:20 org.jivesoftware.util.cache.CacheFactory - Created cache [org.jivesoftware.util.cache.DefaultLocalCacheStrategy] for Privacy Lists
2026.09.06 08:12:20 org.jivesoftware.util.cache.CacheFactory - Created cache [org.jivesoftware.util.cache.DefaultLocalCacheStrategy] for File Transfer Cache
2026.09.06 08:12:20 org.jivesoftware.util.cache.CacheFactory - Created cache [org.jivesoftware.util.cache.DefaultLocalCacheStrategy] for Offline Presence Cache
2026.09.06 08:12:20 org.jivesoftware.util.cache.CacheFactory - Created cache [org.jivesoftware.util.cache.DefaultLocalCacheStrategy] for Last Activity Cache
2026.09.06 08:12:20 org.jivesoftware.util.cache.CacheFactory - Created cache [org.jivesoftware.util.cache.DefaultLocalCacheStrategy] for User
2026.09.06 08:12:20 org.jivesoftware.util.cache.CacheFactory - Created cache [org.jivesoftware.util.cache.DefaultLocalCacheStrategy] for Remote Users Existence
2026.09.06 08:12:20 org.jivesoftware.util.cache.CacheFactory - Created cache [org.jivesoftware.util.cache.DefaultLocalCacheStrategy] for Components Sessions
2026.09.06 08:12:20 org.jivesoftware.util.cache.CacheFactory - Created cache [org.jivesoftware.util.cache.DefaultLocalCacheStrategy] for Connection Managers Sessions
2026.09.06 08:12:20 org.jivesoftware.util.cache.CacheFactory - Created cache [org.jivesoftware.util.cache.DefaultLocalCacheStrategy] for Incoming Server Sessions
2026.09.06 08:12:20 org.jivesoftware.util.cache.CacheFactory - Created cache [org.jivesoftware.util.cache.DefaultLocalCacheStrategy] for Sessions by Hostname
2026.09.06 08:12:20 org.jivesoftware.util.cache.CacheFactory - Created cache [org.jivesoftware.util.cache.DefaultLocalCacheStrategy] for Validated Domains
2026.09.06 08:12:20 org.jivesoftware.util.cache.CacheFactory - Created cache [org.jivesoftware.util.cache.DefaultLocalCacheStrategy] for Client Session Info Cache
2026.09.06 08:12:20 org.jivesoftware.util.cache.CacheFactory - Created cache [org.jivesoftware.util.cache.DefaultLocalCacheStrategy] for Directed Presences
2026.09.06 08:12:20 org.jivesoftware.util.cache.CacheFactory - Created local-only cache [org.jivesoftware.util.cache.DefaultLocalCacheStrategy] for PEPServiceManager
2026.09.06 08:12:20 org.jivesoftware.util.cache.CacheFactory - Created cache [org.jivesoftware.util.cache.DefaultLocalCacheStrategy] for File Transfer
2026.09.06 08:12:20 org.jivesoftware.util.cache.CacheFactory - Created cache [org.jivesoftware.util.cache.DefaultLocalCacheStrategy] for Published Items
2026.09.06 08:12:20 org.jivesoftware.util.cache.CacheFactory - Created cache [org.jivesoftware.util.cache.DefaultLocalCacheStrategy] for Disco Server Features
2026.09.06 08:12:20 org.jivesoftware.util.cache.CacheFactory - Created cache [org.jivesoftware.util.cache.DefaultLocalCacheStrategy] for Disco Server Items
2026.09.06 08:12:20 org.jivesoftware.util.cache.CacheFactory - Created cache [org.jivesoftware.util.cache.DefaultLocalCacheStrategy] for Components
2026.09.06 08:12:20 org.jivesoftware.util.cache.CacheFactory - Created local-only cache [org.jivesoftware.util.cache.DefaultLocalCacheStrategy] for Entity Capabilities
2026.09.06 08:12:20 org.jivesoftware.util.cache.CacheFactory - Created local-only cache [org.jivesoftware.util.cache.DefaultLocalCacheStrategy] for Entity Capabilities Users
2026.09.06 08:12:20 org.jivesoftware.util.cache.CacheFactory - Created cache [org.jivesoftware.util.cache.DefaultLocalCacheStrategy] for Group
2026.09.06 08:12:20 org.jivesoftware.util.cache.CacheFactory - Created cache [org.jivesoftware.util.cache.DefaultLocalCacheStrategy] for Group Metadata Cache
2026.09.06 08:12:20 org.jivesoftware.openfire.pubsub.PubSubModule - Dominio de Publicar-Suscribir: pubsub.192.168.1.235
2026.09.06 08:12:20 org.jivesoftware.openfire.muc.spi.MultiUserChatServiceImpl - Dominio de Chat Multi-usuario: conference.192.168.1.235
2026.09.06 08:12:20 org.jivesoftware.openfire.XMPPServer - Openfire 4.5.0 Alpha [Sep 6, 2026, 8:12:20 AM]
2026.09.06 08:12:20 org.jivesoftware.openfire.XMPPServer - Accessing SystemProperty field org.jivesoftware.openfire.auth.AuthFactory#PASSWORD_KEY
2026.09.06 08:12:20 org.jivesoftware.openfire.XMPPServer - Accessing SystemProperty field org.jivesoftware.openfire.auth.AuthFactory#AUTH_PROVIDER
2026.09.06 08:12:21 org.jivesoftware.openfire.XMPPServer - Accessing SystemProperty field org.jivesoftware.openfire.sasl.ScramSha1SaslServer#ITERATION_COUNT
2026.09.06 08:12:21 org.jivesoftware.openfire.XMPPServer - Accessing SystemProperty field org.jivesoftware.openfire.vcard.VCardManager#VCARD_PROVIDER
2026.09.06 08:12:21 org.jivesoftware.openfire.XMPPServer - Accessing SystemProperty field org.jivesoftware.openfire.auth.HybridAuthProvider#PRIMARY_PROVIDER
2026.09.06 08:12:21 org.jivesoftware.openfire.XMPPServer - Accessing SystemProperty field org.jivesoftware.openfire.auth.HybridAuthProvider#SECONDARY_PROVIDER
2026.09.06 08:12:21 org.jivesoftware.openfire.XMPPServer - Accessing SystemProperty field org.jivesoftware.openfire.auth.HybridAuthProvider#TERTIARY_PROVIDER
2026.09.06 08:12:21 org.jivesoftware.openfire.XMPPServer - Accessing SystemProperty field org.jivesoftware.openfire.lockout.LockOutManager#LOCKOUT_PROVIDER
2026.09.06 08:12:21 org.jivesoftware.openfire.XMPPServer - Accessing SystemProperty field org.jivesoftware.openfire.user.UserManager#USER_PROVIDER
2026.09.06 08:12:21 org.jivesoftware.openfire.XMPPServer - Accessing SystemProperty field org.jivesoftware.openfire.user.UserManager#REMOTE_DISCO_INFO_TIMEOUT
2026.09.06 08:12:21 org.jivesoftware.openfire.XMPPServer - Accessing SystemProperty field org.jivesoftware.openfire.user.UserManager#USER_PROPERTY_PROVIDER
2026.09.06 08:12:21 org.jivesoftware.openfire.XMPPServer - Accessing SystemProperty field org.jivesoftware.openfire.SessionManager#CONFLICT_LIMIT
2026.09.06 08:12:21 org.jivesoftware.openfire.XMPPServer - Accessing SystemProperty field org.jivesoftware.openfire.group.GroupManager#GROUP_PROVIDER
2026.09.06 08:12:21 org.jivesoftware.openfire.XMPPServer - Accessing SystemProperty field org.jivesoftware.openfire.muc.spi.IQMuclumbusSearchHandler#PROPERTY_ENABLED
2026.09.06 08:12:21 org.jivesoftware.openfire.XMPPServer - Accessing SystemProperty field org.jivesoftware.openfire.sasl.AnonymousSaslServer#ENABLED
2026.09.06 08:12:21 org.jivesoftware.openfire.XMPPServer - Accessing SystemProperty field org.jivesoftware.openfire.net.SASLAuthentication#SKIP_PEER_CERT_REVALIDATION_CLIENT
2026.09.06 08:12:21 org.jivesoftware.openfire.net.SASLAuthentication - Support added for the 'ANONYMOUS' SASL mechanism.
2026.09.06 08:12:21 org.jivesoftware.openfire.net.SASLAuthentication - Support added for the 'PLAIN' SASL mechanism.
2026.09.06 08:12:21 org.jivesoftware.openfire.net.SASLAuthentication - Support added for the 'DIGEST-MD5' SASL mechanism.
2026.09.06 08:12:21 org.jivesoftware.openfire.net.SASLAuthentication - Support added for the 'CRAM-MD5' SASL mechanism.
2026.09.06 08:12:21 org.jivesoftware.openfire.net.SASLAuthentication - Support added for the 'SCRAM-SHA-1' SASL mechanism.
2026.09.06 08:12:21 org.jivesoftware.openfire.net.SASLAuthentication - Support added for the 'JIVE-SHAREDSECRET' SASL mechanism.
2026.09.06 08:12:21 org.jivesoftware.openfire.net.SASLAuthentication - Support added for the 'GSSAPI' SASL mechanism.
2026.09.06 08:12:21 org.jivesoftware.openfire.net.SASLAuthentication - Support added for the 'EXTERNAL' SASL mechanism.
2026.09.06 08:12:21 org.jivesoftware.openfire.XMPPServer - Accessing SystemProperty field org.jivesoftware.openfire.XMPPServerInfo#XMPP_DOMAIN
2026.09.06 08:12:21 org.jivesoftware.openfire.XMPPServer - Accessing SystemProperty field org.jivesoftware.openfire.sasl.ExternalClientSaslServer#PROPERTY_SASL_EXTERNAL_CLIENT_SUPPRESS_MATCHING_REALMNAME
2026.09.06 08:12:21 org.jivesoftware.openfire.XMPPServer - Accessing SystemProperty field org.jivesoftware.openfire.admin.AdminManager#ADMIN_PROVIDER
2026.09.06 08:12:21 org.jivesoftware.util.cache.CacheFactory - Created cache [org.jivesoftware.util.cache.DefaultLocalCacheStrategy] for Favicon Misses
2026.09.06 08:12:21 org.jivesoftware.util.cache.CacheFactory - Created cache [org.jivesoftware.util.cache.DefaultLocalCacheStrategy] for Favicon Hits
2026.09.06 08:12:21 org.jivesoftware.openfire.XMPPServer - Accessing SystemProperty field org.jivesoftware.openfire.security.SecurityAuditManager#AUDIT_PROVIDER
2026.09.06 08:12:21 org.jivesoftware.openfire.XMPPServer - Accessing SystemProperty field org.jivesoftware.openfire.admin.DefaultAdminProvider#ADMIN_JIDS
2026.09.06 08:12:21 org.jivesoftware.openfire.XMPPServer - Accessing SystemProperty field org.jivesoftware.openfire.cluster.ClusterMonitor#ENABLED
2026.09.06 08:12:21 org.jivesoftware.openfire.container.AdminConsolePlugin - Consola de administración escuchando en http://192.168.1.235:9090
2026.09.06 08:12:21 org.jivesoftware.openfire.XMPPServer - Accessing SystemProperty field org.jivesoftware.openfire.ldap.LdapVCardProvider#STORE_AVATAR_IN_DB
2026.09.06 08:12:21 org.jivesoftware.openfire.XMPPServer - Accessing SystemProperty field org.jivesoftware.openfire.spi.EncryptionArtifactFactory#TRUST_MANAGER_CLASS
2026.09.06 08:12:21 org.jivesoftware.openfire.XMPPServer - Accessing SystemProperty field org.jivesoftware.openfire.update.UpdateManager#ENABLED
2026.09.06 08:12:21 org.jivesoftware.openfire.XMPPServer - Accessing SystemProperty field org.jivesoftware.openfire.update.UpdateManager#NOTIFY_ADMINS
2026.09.06 08:12:21 org.jivesoftware.openfire.XMPPServer - Accessing SystemProperty field org.jivesoftware.openfire.update.UpdateManager#LAST_UPDATE_CHECK
2026.09.06 08:12:21 org.jivesoftware.openfire.XMPPServer - Accessing SystemProperty field org.jivesoftware.openfire.update.UpdateManager#UPDATE_FREQUENCY
2026.09.06 08:12:21 org.jivesoftware.openfire.XMPPServer - Accessing SystemProperty field org.jivesoftware.openfire.update.UpdateManager#PROXY_HOST
2026.09.06 08:12:21 org.jivesoftware.openfire.XMPPServer - Accessing SystemProperty field org.jivesoftware.openfire.update.UpdateManager#PROXY_PORT
2026.09.06 08:12:21 org.jivesoftware.openfire.container.PluginManager - Successfully loaded plugin 'admin'.
2026.09.06 08:12:21 org.jivesoftware.openfire.container.PluginManager - Successfully loaded plugin 'nonsaslauthentication'.
2026.09.06 08:12:21 org.jivesoftware.openfire.container.PluginManager - Successfully loaded plugin 'search'.
2026.09.06 08:12:22 org.jivesoftware.openfire.container.PluginManager - Successfully loaded plugin 'restapi'.
2026.09.06 08:12:22 org.jivesoftware.openfire.container.PluginMonitor - Finished processing all plugins.
2026.09.06 08:12:22 org.jivesoftware.openfire.spi.ConnectionListener[socket_c2s] - Started.
2026.09.06 08:12:22 org.jivesoftware.openfire.spi.ConnectionListener[socket_c2s-legacyMode] - Started.
2026.09.06 08:12:22 org.jivesoftware.openfire.spi.ConnectionListener[socket_s2s] - Started.
2026.09.06 08:12:22 org.jivesoftware.openfire.spi.ConnectionListener[socket_s2s-legacyMode] - Started.
2026.09.06 08:12:22 org.jivesoftware.openfire.spi.ConnectionListener[component] - Started.
2026.09.06 08:12:22 org.jivesoftware.openfire.spi.ConnectionListener[component-legacyMode] - Started.
2026.09.06 08:12:22 org.jivesoftware.openfire.spi.ConnectionListener[connection_manager] - Started.
2026.09.06 08:12:22 org.jivesoftware.openfire.spi.ConnectionListener[connection_manager-legacyMode] - Started.
2026.09.06 08:12:22 org.jivesoftware.openfire.http.HttpSessionManager - Starting instance
2026.09.06 08:12:22 org.jivesoftware.openfire.http.HttpBindManager - HTTP bind service started
2026.09.06 08:12:47 org.jivesoftware.util.cache.CacheFactory - Created cache [org.jivesoftware.util.cache.DefaultLocalCacheStrategy] for Locked Out Accounts
2026.09.22 20:07:47 org.jivesoftware.openfire.XMPPServer - Registering shutdown hook (standalone mode)
2026.09.22 20:07:47 hsqldb.db.HSQLDBA0638C63BF.ENGINE - checkpointClose start
2026.09.22 20:07:47 hsqldb.db.HSQLDBA0638C63BF.ENGINE - checkpointClose synched
2026.09.22 20:07:47 hsqldb.db.HSQLDBA0638C63BF.ENGINE - checkpointClose script done
2026.09.22 20:07:47 hsqldb.db.HSQLDBA0638C63BF.ENGINE - checkpointClose end
2026.09.22 20:07:48 org.jivesoftware.util.cache.CacheFactory - Created cache [org.jivesoftware.util.cache.DefaultLocalCacheStrategy] for Routing Servers Cache
2026.09.22 20:07:48 org.jivesoftware.util.cache.CacheFactory - Created cache [org.jivesoftware.util.cache.DefaultLocalCacheStrategy] for Routing Components Cache
2026.09.22 20:07:48 org.jivesoftware.util.cache.CacheFactory - Created cache [org.jivesoftware.util.cache.DefaultLocalCacheStrategy] for Routing Users Cache
2026.09.22 20:07:48 org.jivesoftware.util.cache.CacheFactory - Created cache [org.jivesoftware.util.cache.DefaultLocalCacheStrategy] for Routing AnonymousUsers Cache
2026.09.22 20:07:48 org.jivesoftware.util.cache.CacheFactory - Created cache [org.jivesoftware.util.cache.DefaultLocalCacheStrategy] for Routing User Sessions
2026.09.22 20:07:48 org.jivesoftware.util.cache.CacheFactory - Created cache [org.jivesoftware.util.cache.DefaultLocalCacheStrategy] for Roster
2026.09.22 20:07:48 org.jivesoftware.util.cache.CacheFactory - Created cache [org.jivesoftware.util.cache.DefaultLocalCacheStrategy] for RosterItems
2026.09.22 20:07:48 org.jivesoftware.util.cache.CacheFactory - Created cache [org.jivesoftware.util.cache.DefaultLocalCacheStrategy] for Multicast Service
2026.09.22 20:07:48 org.jivesoftware.util.cache.CacheFactory - Created cache [org.jivesoftware.util.cache.DefaultLocalCacheStrategy] for Offline Message Size
2026.09.22 20:07:48 org.jivesoftware.util.cache.CacheFactory - Created cache [org.jivesoftware.util.cache.DefaultLocalCacheStrategy] for VCard
2026.09.22 20:07:48 org.jivesoftware.util.cache.CacheFactory - Created cache [org.jivesoftware.util.cache.DefaultLocalCacheStrategy] for Privacy Lists
2026.09.22 20:07:48 org.jivesoftware.util.cache.CacheFactory - Created cache [org.jivesoftware.util.cache.DefaultLocalCacheStrategy] for File Transfer Cache
2026.09.22 20:07:48 org.jivesoftware.util.cache.CacheFactory - Created cache [org.jivesoftware.util.cache.DefaultLocalCacheStrategy] for Offline Presence Cache
2026.09.22 20:07:48 org.jivesoftware.util.cache.CacheFactory - Created cache [org.jivesoftware.util.cache.DefaultLocalCacheStrategy] for Last Activity Cache
2026.09.22 20:07:48 org.jivesoftware.util.cache.CacheFactory - Created cache [org.jivesoftware.util.cache.DefaultLocalCacheStrategy] for User
2026.09.22 20:07:48 org.jivesoftware.util.cache.CacheFactory - Created cache [org.jivesoftware.util.cache.DefaultLocalCacheStrategy] for Remote Users Existence
2026.09.22 20:07:48 org.jivesoftware.util.cache.CacheFactory - Created cache [org.jivesoftware.util.cache.DefaultLocalCacheStrategy] for Components Sessions
2026.09.22 20:07:48 org.jivesoftware.util.cache.CacheFactory - Created cache [org.jivesoftware.util.cache.DefaultLocalCacheStrategy] for Connection Managers Sessions
2026.09.22 20:07:48 org.jivesoftware.util.cache.CacheFactory - Created cache [org.jivesoftware.util.cache.DefaultLocalCacheStrategy] for Incoming Server Sessions
2026.09.22 20:07:48 org.jivesoftware.util.cache.CacheFactory - Created cache [org.jivesoftware.util.cache.DefaultLocalCacheStrategy] for Sessions by Hostname
2026.09.22 20:07:48 org.jivesoftware.util.cache.CacheFactory - Created cache [org.jivesoftware.util.cache.DefaultLocalCacheStrategy] for Validated Domains
2026.09.22 20:07:48 org.jivesoftware.util.cache.CacheFactory - Created cache [org.jivesoftware.util.cache.DefaultLocalCacheStrategy] for Client Session Info Cache
2026.09.22 20:07:48 org.jivesoftware.util.cache.CacheFactory - Created cache [org.jivesoftware.util.cache.DefaultLocalCacheStrategy] for Directed Presences
2026.09.22 20:07:48 org.jivesoftware.util.cache.CacheFactory - Created local-only cache [org.jivesoftware.util.cache.DefaultLocalCacheStrategy] for PEPServiceManager
2026.09.22 20:07:48 org.jivesoftware.util.cache.CacheFactory - Created cache [org.jivesoftware.util.cache.DefaultLocalCacheStrategy] for File Transfer
2026.09.22 20:07:48 org.jivesoftware.util.cache.CacheFactory - Created cache [org.jivesoftware.util.cache.DefaultLocalCacheStrategy] for Published Items
2026.09.22 20:07:48 org.jivesoftware.util.cache.CacheFactory - Created cache [org.jivesoftware.util.cache.DefaultLocalCacheStrategy] for Disco Server Features
2026.09.22 20:07:48 org.jivesoftware.util.cache.CacheFactory - Created cache [org.jivesoftware.util.cache.DefaultLocalCacheStrategy] for Disco Server Items
2026.09.22 20:07:48 org.jivesoftware.util.cache.CacheFactory - Created cache [org.jivesoftware.util.cache.DefaultLocalCacheStrategy] for Components
2026.09.22 20:07:48 org.jivesoftware.util.cache.CacheFactory - Created local-only cache [org.jivesoftware.util.cache.DefaultLocalCacheStrategy] for Entity Capabilities
2026.09.22 20:07:48 org.jivesoftware.util.cache.CacheFactory - Created local-only cache [org.jivesoftware.util.cache.DefaultLocalCacheStrategy] for Entity Capabilities Users
2026.09.22 20:07:48 org.jivesoftware.util.cache.CacheFactory - Created cache [org.jivesoftware.util.cache.DefaultLocalCacheStrategy] for Group
2026.09.22 20:07:48 org.jivesoftware.util.cache.CacheFactory - Created cache [org.jivesoftware.util.cache.DefaultLocalCacheStrategy] for Group Metadata Cache
2026.09.22 20:07:48 org.jivesoftware.openfire.pubsub.PubSubModule - Dominio de Publicar-Suscribir: pubsub.192.168.1.235
2026.09.22 20:07:48 org.jivesoftware.openfire.muc.spi.MultiUserChatServiceImpl - Dominio de Chat Multi-usuario: conference.192.168.1.235
2026.09.22 20:07:48 org.jivesoftware.openfire.XMPPServer - Openfire 4.5.0 Alpha [Sep 22, 2026, 8:07:48 PM]
2026.09.22 20:07:49 org.jivesoftware.openfire.XMPPServer - Accessing SystemProperty field org.jivesoftware.openfire.auth.AuthFactory#PASSWORD_KEY
2026.09.22 20:07:49 org.jivesoftware.openfire.XMPPServer - Accessing SystemProperty field org.jivesoftware.openfire.auth.AuthFactory#AUTH_PROVIDER
2026.09.22 20:07:49 org.jivesoftware.openfire.XMPPServer - Accessing SystemProperty field org.jivesoftware.openfire.sasl.ScramSha1SaslServer#ITERATION_COUNT
2026.09.22 20:07:49 org.jivesoftware.openfire.XMPPServer - Accessing SystemProperty field org.jivesoftware.openfire.vcard.VCardManager#VCARD_PROVIDER
2026.09.22 20:07:49 org.jivesoftware.openfire.XMPPServer - Accessing SystemProperty field org.jivesoftware.openfire.auth.HybridAuthProvider#PRIMARY_PROVIDER
2026.09.22 20:07:49 org.jivesoftware.openfire.XMPPServer - Accessing SystemProperty field org.jivesoftware.openfire.auth.HybridAuthProvider#SECONDARY_PROVIDER
2026.09.22 20:07:49 org.jivesoftware.openfire.XMPPServer - Accessing SystemProperty field org.jivesoftware.openfire.auth.HybridAuthProvider#TERTIARY_PROVIDER
2026.09.22 20:07:49 org.jivesoftware.openfire.XMPPServer - Accessing SystemProperty field org.jivesoftware.openfire.lockout.LockOutManager#LOCKOUT_PROVIDER
2026.09.22 20:07:49 org.jivesoftware.openfire.XMPPServer - Accessing SystemProperty field org.jivesoftware.openfire.user.UserManager#USER_PROVIDER
2026.09.22 20:07:49 org.jivesoftware.openfire.XMPPServer - Accessing SystemProperty field org.jivesoftware.openfire.user.UserManager#REMOTE_DISCO_INFO_TIMEOUT
2026.09.22 20:07:49 org.jivesoftware.openfire.XMPPServer - Accessing SystemProperty field org.jivesoftware.openfire.user.UserManager#USER_PROPERTY_PROVIDER
2026.09.22 20:07:49 org.jivesoftware.openfire.XMPPServer - Accessing SystemProperty field org.jivesoftware.openfire.SessionManager#CONFLICT_LIMIT
2026.09.22 20:07:49 org.jivesoftware.openfire.XMPPServer - Accessing SystemProperty field org.jivesoftware.openfire.group.GroupManager#GROUP_PROVIDER
2026.09.22 20:07:49 org.jivesoftware.openfire.XMPPServer - Accessing SystemProperty field org.jivesoftware.openfire.muc.spi.IQMuclumbusSearchHandler#PROPERTY_ENABLED
2026.09.22 20:07:49 org.jivesoftware.openfire.XMPPServer - Accessing SystemProperty field org.jivesoftware.openfire.sasl.AnonymousSaslServer#ENABLED
2026.09.22 20:07:49 org.jivesoftware.openfire.XMPPServer - Accessing SystemProperty field org.jivesoftware.openfire.net.SASLAuthentication#SKIP_PEER_CERT_REVALIDATION_CLIENT
2026.09.22 20:07:49 org.jivesoftware.openfire.net.SASLAuthentication - Support added for the 'ANONYMOUS' SASL mechanism.
2026.09.22 20:07:49 org.jivesoftware.openfire.net.SASLAuthentication - Support added for the 'PLAIN' SASL mechanism.
2026.09.22 20:07:49 org.jivesoftware.openfire.net.SASLAuthentication - Support added for the 'DIGEST-MD5' SASL mechanism.
2026.09.22 20:07:49 org.jivesoftware.openfire.net.SASLAuthentication - Support added for the 'CRAM-MD5' SASL mechanism.
2026.09.22 20:07:49 org.jivesoftware.openfire.net.SASLAuthentication - Support added for the 'SCRAM-SHA-1' SASL mechanism.
2026.09.22 20:07:49 org.jivesoftware.openfire.net.SASLAuthentication - Support added for the 'JIVE-SHAREDSECRET' SASL mechanism.
2026.09.22 20:07:49 org.jivesoftware.openfire.net.SASLAuthentication - Support added for the 'GSSAPI' SASL mechanism.
2026.09.22 20:07:49 org.jivesoftware.openfire.net.SASLAuthentication - Support added for the 'EXTERNAL' SASL mechanism.
2026.09.22 20:07:49 org.jivesoftware.openfire.XMPPServer - Accessing SystemProperty field org.jivesoftware.openfire.XMPPServerInfo#XMPP_DOMAIN
2026.09.22 20:07:49 org.jivesoftware.openfire.XMPPServer - Accessing SystemProperty field org.jivesoftware.openfire.sasl.ExternalClientSaslServer#PROPERTY_SASL_EXTERNAL_CLIENT_SUPPRESS_MATCHING_REALMNAME
2026.09.22 20:07:49 org.jivesoftware.openfire.XMPPServer - Accessing SystemProperty field org.jivesoftware.openfire.admin.AdminManager#ADMIN_PROVIDER
2026.09.22 20:07:50 org.jivesoftware.openfire.XMPPServer - Accessing SystemProperty field org.jivesoftware.openfire.security.SecurityAuditManager#AUDIT_PROVIDER
2026.09.22 20:07:50 org.jivesoftware.openfire.XMPPServer - Accessing SystemProperty field org.jivesoftware.openfire.admin.DefaultAdminProvider#ADMIN_JIDS
2026.09.22 20:07:50 org.jivesoftware.openfire.XMPPServer - Accessing SystemProperty field org.jivesoftware.openfire.cluster.ClusterMonitor#ENABLED
2026.09.22 20:07:50 org.jivesoftware.openfire.XMPPServer - Accessing SystemProperty field org.jivesoftware.openfire.ldap.LdapVCardProvider#STORE_AVATAR_IN_DB
2026.09.22 20:07:50 org.jivesoftware.openfire.XMPPServer - Accessing SystemProperty field org.jivesoftware.openfire.spi.EncryptionArtifactFactory#TRUST_MANAGER_CLASS
2026.09.22 20:07:50 org.jivesoftware.openfire.XMPPServer - Accessing SystemProperty field org.jivesoftware.openfire.update.UpdateManager#ENABLED
2026.09.22 20:07:50 org.jivesoftware.openfire.XMPPServer - Accessing SystemProperty field org.jivesoftware.openfire.update.UpdateManager#NOTIFY_ADMINS
2026.09.22 20:07:50 org.jivesoftware.openfire.XMPPServer - Accessing SystemProperty field org.jivesoftware.openfire.update.UpdateManager#LAST_UPDATE_CHECK
2026.09.22 20:07:50 org.jivesoftware.openfire.XMPPServer - Accessing SystemProperty field org.jivesoftware.openfire.update.UpdateManager#UPDATE_FREQUENCY
2026.09.22 20:07:50 org.jivesoftware.openfire.XMPPServer - Accessing SystemProperty field org.jivesoftware.openfire.update.UpdateManager#PROXY_HOST
2026.09.22 20:07:50 org.jivesoftware.openfire.XMPPServer - Accessing SystemProperty field org.jivesoftware.openfire.update.UpdateManager#PROXY_PORT
2026.09.22 20:07:50 org.jivesoftware.util.cache.CacheFactory - Created cache [org.jivesoftware.util.cache.DefaultLocalCacheStrategy] for Favicon Misses
2026.09.22 20:07:50 org.jivesoftware.util.cache.CacheFactory - Created cache [org.jivesoftware.util.cache.DefaultLocalCacheStrategy] for Favicon Hits
2026.09.22 20:07:50 org.jivesoftware.openfire.container.AdminConsolePlugin - Consola de administración escuchando en http://192.168.1.235:9090
2026.09.22 20:07:50 org.jivesoftware.openfire.container.PluginManager - Successfully loaded plugin 'admin'.
2026.09.22 20:07:50 org.jivesoftware.openfire.container.PluginManager - Successfully loaded plugin 'nonsaslauthentication'.
2026.09.22 20:07:50 org.jivesoftware.openfire.container.PluginManager - Successfully loaded plugin 'search'.
2026.09.22 20:07:51 org.jivesoftware.openfire.container.PluginManager - Successfully loaded plugin 'restapi'.
2026.09.22 20:07:51 org.jivesoftware.openfire.container.PluginMonitor - Finished processing all plugins.
2026.09.22 20:07:51 org.jivesoftware.openfire.spi.ConnectionListener[socket_c2s] - Started.
2026.09.22 20:07:51 org.jivesoftware.openfire.spi.ConnectionListener[socket_c2s-legacyMode] - Started.
2026.09.22 20:07:51 org.jivesoftware.openfire.spi.ConnectionListener[socket_s2s] - Started.
2026.09.22 20:07:51 org.jivesoftware.openfire.spi.ConnectionListener[socket_s2s-legacyMode] - Started.
2026.09.22 20:07:51 org.jivesoftware.openfire.spi.ConnectionListener[component] - Started.
2026.09.22 20:07:51 org.jivesoftware.openfire.spi.ConnectionListener[component-legacyMode] - Started.
2026.09.22 20:07:51 org.jivesoftware.openfire.spi.ConnectionListener[connection_manager] - Started.
2026.09.22 20:07:51 org.jivesoftware.openfire.spi.ConnectionListener[connection_manager-legacyMode] - Started.
2026.09.22 20:07:51 org.jivesoftware.openfire.http.HttpSessionManager - Starting instance
2026.09.22 20:07:51 org.jivesoftware.openfire.http.HttpBindManager - HTTP bind service started
2026.09.22 20:08:18 org.jivesoftware.util.cache.CacheFactory - Created cache [org.jivesoftware.util.cache.DefaultLocalCacheStrategy] for Locked Out Accounts
2026.09.27 00:44:50 org.jivesoftware.openfire.XMPPServer - Registering shutdown hook (standalone mode)
2026.09.27 00:44:51 hsqldb.db.HSQLDBA0638C63BF.ENGINE - checkpointClose start
2026.09.27 00:44:51 hsqldb.db.HSQLDBA0638C63BF.ENGINE - checkpointClose synched
2026.09.27 00:44:52 hsqldb.db.HSQLDBA0638C63BF.ENGINE - checkpointClose script done
2026.09.27 00:44:52 hsqldb.db.HSQLDBA0638C63BF.ENGINE - checkpointClose end
2026.09.27 00:44:54 org.jivesoftware.util.cache.CacheFactory - Created cache [org.jivesoftware.util.cache.DefaultLocalCacheStrategy] for Routing Servers Cache
2026.09.27 00:44:54 org.jivesoftware.util.cache.CacheFactory - Created cache [org.jivesoftware.util.cache.DefaultLocalCacheStrategy] for Routing Components Cache
2026.09.27 00:44:54 org.jivesoftware.util.cache.CacheFactory - Created cache [org.jivesoftware.util.cache.DefaultLocalCacheStrategy] for Routing Users Cache
2026.09.27 00:44:54 org.jivesoftware.util.cache.CacheFactory - Created cache [org.jivesoftware.util.cache.DefaultLocalCacheStrategy] for Routing AnonymousUsers Cache
2026.09.27 00:44:54 org.jivesoftware.util.cache.CacheFactory - Created cache [org.jivesoftware.util.cache.DefaultLocalCacheStrategy] for Routing User Sessions
2026.09.27 00:44:54 org.jivesoftware.util.cache.CacheFactory - Created cache [org.jivesoftware.util.cache.DefaultLocalCacheStrategy] for Roster
2026.09.27 00:44:54 org.jivesoftware.util.cache.CacheFactory - Created cache [org.jivesoftware.util.cache.DefaultLocalCacheStrategy] for RosterItems
2026.09.27 00:44:55 org.jivesoftware.util.cache.CacheFactory - Created cache [org.jivesoftware.util.cache.DefaultLocalCacheStrategy] for Multicast Service
2026.09.27 00:44:55 org.jivesoftware.util.cache.CacheFactory - Created cache [org.jivesoftware.util.cache.DefaultLocalCacheStrategy] for Offline Message Size
2026.09.27 00:44:55 org.jivesoftware.util.cache.CacheFactory - Created cache [org.jivesoftware.util.cache.DefaultLocalCacheStrategy] for VCard
2026.09.27 00:44:56 org.jivesoftware.util.cache.CacheFactory - Created cache [org.jivesoftware.util.cache.DefaultLocalCacheStrategy] for Privacy Lists
2026.09.27 00:44:56 org.jivesoftware.util.cache.CacheFactory - Created cache [org.jivesoftware.util.cache.DefaultLocalCacheStrategy] for File Transfer Cache
2026.09.27 00:44:56 org.jivesoftware.util.cache.CacheFactory - Created cache [org.jivesoftware.util.cache.DefaultLocalCacheStrategy] for Offline Presence Cache
2026.09.27 00:44:56 org.jivesoftware.util.cache.CacheFactory - Created cache [org.jivesoftware.util.cache.DefaultLocalCacheStrategy] for Last Activity Cache
2026.09.27 00:44:56 org.jivesoftware.util.cache.CacheFactory - Created cache [org.jivesoftware.util.cache.DefaultLocalCacheStrategy] for User
2026.09.27 00:44:56 org.jivesoftware.util.cache.CacheFactory - Created cache [org.jivesoftware.util.cache.DefaultLocalCacheStrategy] for Remote Users Existence
2026.09.27 00:44:56 org.jivesoftware.util.cache.CacheFactory - Created cache [org.jivesoftware.util.cache.DefaultLocalCacheStrategy] for Components Sessions
2026.09.27 00:44:56 org.jivesoftware.util.cache.CacheFactory - Created cache [org.jivesoftware.util.cache.DefaultLocalCacheStrategy] for Connection Managers Sessions
2026.09.27 00:44:56 org.jivesoftware.util.cache.CacheFactory - Created cache [org.jivesoftware.util.cache.DefaultLocalCacheStrategy] for Incoming Server Sessions
2026.09.27 00:44:56 org.jivesoftware.util.cache.CacheFactory - Created cache [org.jivesoftware.util.cache.DefaultLocalCacheStrategy] for Sessions by Hostname
2026.09.27 00:44:56 org.jivesoftware.util.cache.CacheFactory - Created cache [org.jivesoftware.util.cache.DefaultLocalCacheStrategy] for Validated Domains
2026.09.27 00:44:56 org.jivesoftware.util.cache.CacheFactory - Created cache [org.jivesoftware.util.cache.DefaultLocalCacheStrategy] for Client Session Info Cache
2026.09.27 00:44:56 org.jivesoftware.util.cache.CacheFactory - Created cache [org.jivesoftware.util.cache.DefaultLocalCacheStrategy] for Directed Presences
2026.09.27 00:44:56 org.jivesoftware.util.cache.CacheFactory - Created local-only cache [org.jivesoftware.util.cache.DefaultLocalCacheStrategy] for PEPServiceManager
2026.09.27 00:44:56 org.jivesoftware.util.cache.CacheFactory - Created cache [org.jivesoftware.util.cache.DefaultLocalCacheStrategy] for File Transfer
2026.09.27 00:44:56 org.jivesoftware.util.cache.CacheFactory - Created cache [org.jivesoftware.util.cache.DefaultLocalCacheStrategy] for Published Items
2026.09.27 00:44:56 org.jivesoftware.util.cache.CacheFactory - Created cache [org.jivesoftware.util.cache.DefaultLocalCacheStrategy] for Disco Server Features
2026.09.27 00:44:57 org.jivesoftware.util.cache.CacheFactory - Created cache [org.jivesoftware.util.cache.DefaultLocalCacheStrategy] for Disco Server Items
2026.09.27 00:44:57 org.jivesoftware.util.cache.CacheFactory - Created cache [org.jivesoftware.util.cache.DefaultLocalCacheStrategy] for Components
2026.09.27 00:44:57 org.jivesoftware.util.cache.CacheFactory - Created local-only cache [org.jivesoftware.util.cache.DefaultLocalCacheStrategy] for Entity Capabilities
2026.09.27 00:44:57 org.jivesoftware.util.cache.CacheFactory - Created local-only cache [org.jivesoftware.util.cache.DefaultLocalCacheStrategy] for Entity Capabilities Users
2026.09.27 00:44:58 org.jivesoftware.util.cache.CacheFactory - Created cache [org.jivesoftware.util.cache.DefaultLocalCacheStrategy] for Group
2026.09.27 00:44:58 org.jivesoftware.util.cache.CacheFactory - Created cache [org.jivesoftware.util.cache.DefaultLocalCacheStrategy] for Group Metadata Cache
2026.09.27 00:44:58 org.jivesoftware.openfire.pubsub.PubSubModule - Dominio de Publicar-Suscribir: pubsub.192.168.1.235
2026.09.27 00:44:58 org.jivesoftware.openfire.muc.spi.MultiUserChatServiceImpl - Dominio de Chat Multi-usuario: conference.192.168.1.235
2026.09.27 00:44:58 org.jivesoftware.openfire.XMPPServer - Openfire 4.5.0 Alpha [Sep 27, 2026, 12:44:58 AM]
2026.09.27 00:45:00 org.jivesoftware.openfire.XMPPServer - Accessing SystemProperty field org.jivesoftware.openfire.auth.AuthFactory#PASSWORD_KEY
2026.09.27 00:45:00 org.jivesoftware.openfire.XMPPServer - Accessing SystemProperty field org.jivesoftware.openfire.auth.AuthFactory#AUTH_PROVIDER
2026.09.27 00:45:00 org.jivesoftware.openfire.XMPPServer - Accessing SystemProperty field org.jivesoftware.openfire.sasl.ScramSha1SaslServer#ITERATION_COUNT
2026.09.27 00:45:00 org.jivesoftware.openfire.XMPPServer - Accessing SystemProperty field org.jivesoftware.openfire.vcard.VCardManager#VCARD_PROVIDER
2026.09.27 00:45:00 org.jivesoftware.openfire.XMPPServer - Accessing SystemProperty field org.jivesoftware.openfire.auth.HybridAuthProvider#PRIMARY_PROVIDER
2026.09.27 00:45:00 org.jivesoftware.openfire.XMPPServer - Accessing SystemProperty field org.jivesoftware.openfire.auth.HybridAuthProvider#SECONDARY_PROVIDER
2026.09.27 00:45:00 org.jivesoftware.openfire.XMPPServer - Accessing SystemProperty field org.jivesoftware.openfire.auth.HybridAuthProvider#TERTIARY_PROVIDER
2026.09.27 00:45:00 org.jivesoftware.openfire.XMPPServer - Accessing SystemProperty field org.jivesoftware.openfire.lockout.LockOutManager#LOCKOUT_PROVIDER
2026.09.27 00:45:00 org.jivesoftware.openfire.XMPPServer - Accessing SystemProperty field org.jivesoftware.openfire.user.UserManager#USER_PROVIDER
2026.09.27 00:45:00 org.jivesoftware.openfire.XMPPServer - Accessing SystemProperty field org.jivesoftware.openfire.user.UserManager#REMOTE_DISCO_INFO_TIMEOUT
2026.09.27 00:45:00 org.jivesoftware.openfire.XMPPServer - Accessing SystemProperty field org.jivesoftware.openfire.user.UserManager#USER_PROPERTY_PROVIDER
2026.09.27 00:45:01 org.jivesoftware.openfire.XMPPServer - Accessing SystemProperty field org.jivesoftware.openfire.SessionManager#CONFLICT_LIMIT
2026.09.27 00:45:01 org.jivesoftware.openfire.XMPPServer - Accessing SystemProperty field org.jivesoftware.openfire.group.GroupManager#GROUP_PROVIDER
2026.09.27 00:45:01 org.jivesoftware.openfire.XMPPServer - Accessing SystemProperty field org.jivesoftware.openfire.muc.spi.IQMuclumbusSearchHandler#PROPERTY_ENABLED
2026.09.27 00:45:01 org.jivesoftware.openfire.XMPPServer - Accessing SystemProperty field org.jivesoftware.openfire.sasl.AnonymousSaslServer#ENABLED
2026.09.27 00:45:01 org.jivesoftware.openfire.XMPPServer - Accessing SystemProperty field org.jivesoftware.openfire.net.SASLAuthentication#SKIP_PEER_CERT_REVALIDATION_CLIENT
2026.09.27 00:45:01 org.jivesoftware.openfire.net.SASLAuthentication - Support added for the 'ANONYMOUS' SASL mechanism.
2026.09.27 00:45:01 org.jivesoftware.openfire.net.SASLAuthentication - Support added for the 'PLAIN' SASL mechanism.
2026.09.27 00:45:01 org.jivesoftware.openfire.net.SASLAuthentication - Support added for the 'DIGEST-MD5' SASL mechanism.
2026.09.27 00:45:01 org.jivesoftware.openfire.net.SASLAuthentication - Support added for the 'CRAM-MD5' SASL mechanism.
2026.09.27 00:45:01 org.jivesoftware.openfire.net.SASLAuthentication - Support added for the 'SCRAM-SHA-1' SASL mechanism.
2026.09.27 00:45:01 org.jivesoftware.openfire.net.SASLAuthentication - Support added for the 'JIVE-SHAREDSECRET' SASL mechanism.
2026.09.27 00:45:01 org.jivesoftware.openfire.net.SASLAuthentication - Support added for the 'GSSAPI' SASL mechanism.
2026.09.27 00:45:01 org.jivesoftware.openfire.net.SASLAuthentication - Support added for the 'EXTERNAL' SASL mechanism.
2026.09.27 00:45:01 org.jivesoftware.openfire.XMPPServer - Accessing SystemProperty field org.jivesoftware.openfire.XMPPServerInfo#XMPP_DOMAIN
2026.09.27 00:45:01 org.jivesoftware.openfire.XMPPServer - Accessing SystemProperty field org.jivesoftware.openfire.sasl.ExternalClientSaslServer#PROPERTY_SASL_EXTERNAL_CLIENT_SUPPRESS_MATCHING_REALMNAME
2026.09.27 00:45:01 org.jivesoftware.openfire.XMPPServer - Accessing SystemProperty field org.jivesoftware.openfire.admin.AdminManager#ADMIN_PROVIDER
2026.09.27 00:45:02 org.jivesoftware.openfire.XMPPServer - Accessing SystemProperty field org.jivesoftware.openfire.security.SecurityAuditManager#AUDIT_PROVIDER
2026.09.27 00:45:02 org.jivesoftware.openfire.XMPPServer - Accessing SystemProperty field org.jivesoftware.openfire.admin.DefaultAdminProvider#ADMIN_JIDS
2026.09.27 00:45:02 org.jivesoftware.openfire.XMPPServer - Accessing SystemProperty field org.jivesoftware.openfire.cluster.ClusterMonitor#ENABLED
2026.09.27 00:45:02 org.jivesoftware.openfire.XMPPServer - Accessing SystemProperty field org.jivesoftware.openfire.ldap.LdapVCardProvider#STORE_AVATAR_IN_DB
2026.09.27 00:45:02 org.jivesoftware.openfire.XMPPServer - Accessing SystemProperty field org.jivesoftware.openfire.spi.EncryptionArtifactFactory#TRUST_MANAGER_CLASS
2026.09.27 00:45:02 org.jivesoftware.openfire.XMPPServer - Accessing SystemProperty field org.jivesoftware.openfire.update.UpdateManager#ENABLED
2026.09.27 00:45:02 org.jivesoftware.openfire.XMPPServer - Accessing SystemProperty field org.jivesoftware.openfire.update.UpdateManager#NOTIFY_ADMINS
2026.09.27 00:45:02 org.jivesoftware.openfire.XMPPServer - Accessing SystemProperty field org.jivesoftware.openfire.update.UpdateManager#LAST_UPDATE_CHECK
2026.09.27 00:45:02 org.jivesoftware.openfire.XMPPServer - Accessing SystemProperty field org.jivesoftware.openfire.update.UpdateManager#UPDATE_FREQUENCY
2026.09.27 00:45:02 org.jivesoftware.openfire.XMPPServer - Accessing SystemProperty field org.jivesoftware.openfire.update.UpdateManager#PROXY_HOST
2026.09.27 00:45:02 org.jivesoftware.openfire.XMPPServer - Accessing SystemProperty field org.jivesoftware.openfire.update.UpdateManager#PROXY_PORT
2026.09.27 00:45:03 org.jivesoftware.util.cache.CacheFactory - Created cache [org.jivesoftware.util.cache.DefaultLocalCacheStrategy] for Favicon Misses
2026.09.27 00:45:03 org.jivesoftware.util.cache.CacheFactory - Created cache [org.jivesoftware.util.cache.DefaultLocalCacheStrategy] for Favicon Hits
2026.09.27 00:45:03 org.jivesoftware.openfire.container.AdminConsolePlugin - Consola de administración escuchando en http://192.168.1.235:9090
2026.09.27 00:45:03 org.jivesoftware.openfire.container.PluginManager - Successfully loaded plugin 'admin'.
2026.09.27 00:45:04 org.jivesoftware.openfire.container.PluginManager - Successfully loaded plugin 'nonsaslauthentication'.
2026.09.27 00:45:04 org.jivesoftware.openfire.container.PluginManager - Successfully loaded plugin 'search'.
2026.09.27 00:45:08 org.jivesoftware.openfire.container.PluginManager - Successfully loaded plugin 'restapi'.
2026.09.27 00:45:08 org.jivesoftware.openfire.container.PluginMonitor - Finished processing all plugins.
2026.09.27 00:45:09 org.jivesoftware.openfire.spi.ConnectionListener[socket_c2s] - Started.
2026.09.27 00:45:09 org.jivesoftware.openfire.spi.ConnectionListener[socket_c2s-legacyMode] - Started.
2026.09.27 00:45:09 org.jivesoftware.openfire.spi.ConnectionListener[socket_s2s] - Started.
2026.09.27 00:45:09 org.jivesoftware.openfire.spi.ConnectionListener[socket_s2s-legacyMode] - Started.
2026.09.27 00:45:09 org.jivesoftware.openfire.spi.ConnectionListener[component] - Started.
2026.09.27 00:45:09 org.jivesoftware.openfire.spi.ConnectionListener[component-legacyMode] - Started.
2026.09.27 00:45:09 org.jivesoftware.openfire.spi.ConnectionListener[connection_manager] - Started.
2026.09.27 00:45:09 org.jivesoftware.openfire.spi.ConnectionListener[connection_manager-legacyMode] - Started.
2026.09.27 00:45:09 org.jivesoftware.openfire.http.HttpSessionManager - Starting instance
2026.09.27 00:45:09 org.jivesoftware.openfire.http.HttpBindManager - HTTP bind service started
2026.09.27 00:45:47 org.jivesoftware.util.cache.CacheFactory - Created cache [org.jivesoftware.util.cache.DefaultLocalCacheStrategy] for Locked Out Accounts
2026.09.27 00:52:19 org.jivesoftware.openfire.XMPPServer - Registering shutdown hook (standalone mode)
2026.09.27 00:52:19 hsqldb.db.HSQLDBA0638C63BF.ENGINE - checkpointClose start
2026.09.27 00:52:19 hsqldb.db.HSQLDBA0638C63BF.ENGINE - checkpointClose synched
2026.09.27 00:52:20 hsqldb.db.HSQLDBA0638C63BF.ENGINE - checkpointClose script done
2026.09.27 00:52:20 hsqldb.db.HSQLDBA0638C63BF.ENGINE - checkpointClose end
2026.09.27 00:52:20 org.jivesoftware.util.cache.CacheFactory - Created cache [org.jivesoftware.util.cache.DefaultLocalCacheStrategy] for Routing Servers Cache
2026.09.27 00:52:20 org.jivesoftware.util.cache.CacheFactory - Created cache [org.jivesoftware.util.cache.DefaultLocalCacheStrategy] for Routing Components Cache
2026.09.27 00:52:20 org.jivesoftware.util.cache.CacheFactory - Created cache [org.jivesoftware.util.cache.DefaultLocalCacheStrategy] for Routing Users Cache
2026.09.27 00:52:20 org.jivesoftware.util.cache.CacheFactory - Created cache [org.jivesoftware.util.cache.DefaultLocalCacheStrategy] for Routing AnonymousUsers Cache
2026.09.27 00:52:20 org.jivesoftware.util.cache.CacheFactory - Created cache [org.jivesoftware.util.cache.DefaultLocalCacheStrategy] for Routing User Sessions
2026.09.27 00:52:20 org.jivesoftware.util.cache.CacheFactory - Created cache [org.jivesoftware.util.cache.DefaultLocalCacheStrategy] for Roster
2026.09.27 00:52:20 org.jivesoftware.util.cache.CacheFactory - Created cache [org.jivesoftware.util.cache.DefaultLocalCacheStrategy] for RosterItems
2026.09.27 00:52:20 org.jivesoftware.util.cache.CacheFactory - Created cache [org.jivesoftware.util.cache.DefaultLocalCacheStrategy] for Multicast Service
2026.09.27 00:52:20 org.jivesoftware.util.cache.CacheFactory - Created cache [org.jivesoftware.util.cache.DefaultLocalCacheStrategy] for Offline Message Size
2026.09.27 00:52:20 org.jivesoftware.util.cache.CacheFactory - Created cache [org.jivesoftware.util.cache.DefaultLocalCacheStrategy] for VCard
2026.09.27 00:52:20 org.jivesoftware.util.cache.CacheFactory - Created cache [org.jivesoftware.util.cache.DefaultLocalCacheStrategy] for Privacy Lists
2026.09.27 00:52:20 org.jivesoftware.util.cache.CacheFactory - Created cache [org.jivesoftware.util.cache.DefaultLocalCacheStrategy] for File Transfer Cache
2026.09.27 00:52:20 org.jivesoftware.util.cache.CacheFactory - Created cache [org.jivesoftware.util.cache.DefaultLocalCacheStrategy] for Offline Presence Cache
2026.09.27 00:52:20 org.jivesoftware.util.cache.CacheFactory - Created cache [org.jivesoftware.util.cache.DefaultLocalCacheStrategy] for Last Activity Cache
2026.09.27 00:52:20 org.jivesoftware.util.cache.CacheFactory - Created cache [org.jivesoftware.util.cache.DefaultLocalCacheStrategy] for User
2026.09.27 00:52:20 org.jivesoftware.util.cache.CacheFactory - Created cache [org.jivesoftware.util.cache.DefaultLocalCacheStrategy] for Remote Users Existence
2026.09.27 00:52:20 org.jivesoftware.util.cache.CacheFactory - Created cache [org.jivesoftware.util.cache.DefaultLocalCacheStrategy] for Components Sessions
2026.09.27 00:52:20 org.jivesoftware.util.cache.CacheFactory - Created cache [org.jivesoftware.util.cache.DefaultLocalCacheStrategy] for Connection Managers Sessions
2026.09.27 00:52:20 org.jivesoftware.util.cache.CacheFactory - Created cache [org.jivesoftware.util.cache.DefaultLocalCacheStrategy] for Incoming Server Sessions
2026.09.27 00:52:20 org.jivesoftware.util.cache.CacheFactory - Created cache [org.jivesoftware.util.cache.DefaultLocalCacheStrategy] for Sessions by Hostname
2026.09.27 00:52:20 org.jivesoftware.util.cache.CacheFactory - Created cache [org.jivesoftware.util.cache.DefaultLocalCacheStrategy] for Validated Domains
2026.09.27 00:52:20 org.jivesoftware.util.cache.CacheFactory - Created cache [org.jivesoftware.util.cache.DefaultLocalCacheStrategy] for Client Session Info Cache
2026.09.27 00:52:20 org.jivesoftware.util.cache.CacheFactory - Created cache [org.jivesoftware.util.cache.DefaultLocalCacheStrategy] for Directed Presences
2026.09.27 00:52:20 org.jivesoftware.util.cache.CacheFactory - Created local-only cache [org.jivesoftware.util.cache.DefaultLocalCacheStrategy] for PEPServiceManager
2026.09.27 00:52:20 org.jivesoftware.util.cache.CacheFactory - Created cache [org.jivesoftware.util.cache.DefaultLocalCacheStrategy] for File Transfer
2026.09.27 00:52:20 org.jivesoftware.util.cache.CacheFactory - Created cache [org.jivesoftware.util.cache.DefaultLocalCacheStrategy] for Published Items
2026.09.27 00:52:20 org.jivesoftware.util.cache.CacheFactory - Created cache [org.jivesoftware.util.cache.DefaultLocalCacheStrategy] for Disco Server Features
2026.09.27 00:52:20 org.jivesoftware.util.cache.CacheFactory - Created cache [org.jivesoftware.util.cache.DefaultLocalCacheStrategy] for Disco Server Items
2026.09.27 00:52:20 org.jivesoftware.util.cache.CacheFactory - Created cache [org.jivesoftware.util.cache.DefaultLocalCacheStrategy] for Components
2026.09.27 00:52:20 org.jivesoftware.util.cache.CacheFactory - Created local-only cache [org.jivesoftware.util.cache.DefaultLocalCacheStrategy] for Entity Capabilities
2026.09.27 00:52:20 org.jivesoftware.util.cache.CacheFactory - Created local-only cache [org.jivesoftware.util.cache.DefaultLocalCacheStrategy] for Entity Capabilities Users
2026.09.27 00:52:20 org.jivesoftware.util.cache.CacheFactory - Created cache [org.jivesoftware.util.cache.DefaultLocalCacheStrategy] for Group
2026.09.27 00:52:20 org.jivesoftware.util.cache.CacheFactory - Created cache [org.jivesoftware.util.cache.DefaultLocalCacheStrategy] for Group Metadata Cache
2026.09.27 00:52:20 org.jivesoftware.openfire.pubsub.PubSubModule - Dominio de Publicar-Suscribir: pubsub.192.168.1.235
2026.09.27 00:52:20 org.jivesoftware.openfire.muc.spi.MultiUserChatServiceImpl - Dominio de Chat Multi-usuario: conference.192.168.1.235
2026.09.27 00:52:21 org.jivesoftware.openfire.XMPPServer - Openfire 4.5.0 Alpha [Sep 27, 2026, 12:52:21 AM]
2026.09.27 00:52:21 org.jivesoftware.openfire.XMPPServer - Accessing SystemProperty field org.jivesoftware.openfire.auth.AuthFactory#PASSWORD_KEY
2026.09.27 00:52:21 org.jivesoftware.util.cache.CacheFactory - Created cache [org.jivesoftware.util.cache.DefaultLocalCacheStrategy] for Favicon Misses
2026.09.27 00:52:21 org.jivesoftware.util.cache.CacheFactory - Created cache [org.jivesoftware.util.cache.DefaultLocalCacheStrategy] for Favicon Hits
2026.09.27 00:52:21 org.jivesoftware.openfire.XMPPServer - Accessing SystemProperty field org.jivesoftware.openfire.auth.AuthFactory#AUTH_PROVIDER
2026.09.27 00:52:21 org.jivesoftware.openfire.container.AdminConsolePlugin - Consola de administración escuchando en http://192.168.1.235:9090
2026.09.27 00:52:21 org.jivesoftware.openfire.XMPPServer - Accessing SystemProperty field org.jivesoftware.openfire.sasl.ScramSha1SaslServer#ITERATION_COUNT
2026.09.27 00:52:21 org.jivesoftware.openfire.XMPPServer - Accessing SystemProperty field org.jivesoftware.openfire.vcard.VCardManager#VCARD_PROVIDER
2026.09.27 00:52:21 org.jivesoftware.openfire.XMPPServer - Accessing SystemProperty field org.jivesoftware.openfire.auth.HybridAuthProvider#PRIMARY_PROVIDER
2026.09.27 00:52:21 org.jivesoftware.openfire.XMPPServer - Accessing SystemProperty field org.jivesoftware.openfire.auth.HybridAuthProvider#SECONDARY_PROVIDER
2026.09.27 00:52:21 org.jivesoftware.openfire.XMPPServer - Accessing SystemProperty field org.jivesoftware.openfire.auth.HybridAuthProvider#TERTIARY_PROVIDER
2026.09.27 00:52:21 org.jivesoftware.openfire.XMPPServer - Accessing SystemProperty field org.jivesoftware.openfire.lockout.LockOutManager#LOCKOUT_PROVIDER
2026.09.27 00:52:21 org.jivesoftware.openfire.XMPPServer - Accessing SystemProperty field org.jivesoftware.openfire.user.UserManager#USER_PROVIDER
2026.09.27 00:52:21 org.jivesoftware.openfire.XMPPServer - Accessing SystemProperty field org.jivesoftware.openfire.user.UserManager#REMOTE_DISCO_INFO_TIMEOUT
2026.09.27 00:52:21 org.jivesoftware.openfire.XMPPServer - Accessing SystemProperty field org.jivesoftware.openfire.user.UserManager#USER_PROPERTY_PROVIDER
2026.09.27 00:52:21 org.jivesoftware.openfire.XMPPServer - Accessing SystemProperty field org.jivesoftware.openfire.SessionManager#CONFLICT_LIMIT
2026.09.27 00:52:21 org.jivesoftware.openfire.XMPPServer - Accessing SystemProperty field org.jivesoftware.openfire.group.GroupManager#GROUP_PROVIDER
2026.09.27 00:52:21 org.jivesoftware.openfire.XMPPServer - Accessing SystemProperty field org.jivesoftware.openfire.muc.spi.IQMuclumbusSearchHandler#PROPERTY_ENABLED
2026.09.27 00:52:21 org.jivesoftware.openfire.XMPPServer - Accessing SystemProperty field org.jivesoftware.openfire.sasl.AnonymousSaslServer#ENABLED
2026.09.27 00:52:21 org.jivesoftware.openfire.XMPPServer - Accessing SystemProperty field org.jivesoftware.openfire.net.SASLAuthentication#SKIP_PEER_CERT_REVALIDATION_CLIENT
2026.09.27 00:52:21 org.jivesoftware.openfire.net.SASLAuthentication - Support added for the 'ANONYMOUS' SASL mechanism.
2026.09.27 00:52:21 org.jivesoftware.openfire.net.SASLAuthentication - Support added for the 'PLAIN' SASL mechanism.
2026.09.27 00:52:21 org.jivesoftware.openfire.net.SASLAuthentication - Support added for the 'DIGEST-MD5' SASL mechanism.
2026.09.27 00:52:21 org.jivesoftware.openfire.net.SASLAuthentication - Support added for the 'CRAM-MD5' SASL mechanism.
2026.09.27 00:52:21 org.jivesoftware.openfire.net.SASLAuthentication - Support added for the 'SCRAM-SHA-1' SASL mechanism.
2026.09.27 00:52:21 org.jivesoftware.openfire.net.SASLAuthentication - Support added for the 'JIVE-SHAREDSECRET' SASL mechanism.
2026.09.27 00:52:21 org.jivesoftware.openfire.net.SASLAuthentication - Support added for the 'GSSAPI' SASL mechanism.
2026.09.27 00:52:21 org.jivesoftware.openfire.net.SASLAuthentication - Support added for the 'EXTERNAL' SASL mechanism.
2026.09.27 00:52:21 org.jivesoftware.openfire.XMPPServer - Accessing SystemProperty field org.jivesoftware.openfire.XMPPServerInfo#XMPP_DOMAIN
2026.09.27 00:52:21 org.jivesoftware.openfire.XMPPServer - Accessing SystemProperty field org.jivesoftware.openfire.sasl.ExternalClientSaslServer#PROPERTY_SASL_EXTERNAL_CLIENT_SUPPRESS_MATCHING_REALMNAME
2026.09.27 00:52:21 org.jivesoftware.openfire.XMPPServer - Accessing SystemProperty field org.jivesoftware.openfire.admin.AdminManager#ADMIN_PROVIDER
2026.09.27 00:52:21 org.jivesoftware.openfire.XMPPServer - Accessing SystemProperty field org.jivesoftware.openfire.security.SecurityAuditManager#AUDIT_PROVIDER
2026.09.27 00:52:21 org.jivesoftware.openfire.XMPPServer - Accessing SystemProperty field org.jivesoftware.openfire.admin.DefaultAdminProvider#ADMIN_JIDS
2026.09.27 00:52:21 org.jivesoftware.openfire.XMPPServer - Accessing SystemProperty field org.jivesoftware.openfire.cluster.ClusterMonitor#ENABLED
2026.09.27 00:52:21 org.jivesoftware.openfire.XMPPServer - Accessing SystemProperty field org.jivesoftware.openfire.ldap.LdapVCardProvider#STORE_AVATAR_IN_DB
2026.09.27 00:52:21 org.jivesoftware.openfire.XMPPServer - Accessing SystemProperty field org.jivesoftware.openfire.spi.EncryptionArtifactFactory#TRUST_MANAGER_CLASS
2026.09.27 00:52:21 org.jivesoftware.openfire.XMPPServer - Accessing SystemProperty field org.jivesoftware.openfire.update.UpdateManager#ENABLED
2026.09.27 00:52:21 org.jivesoftware.openfire.XMPPServer - Accessing SystemProperty field org.jivesoftware.openfire.update.UpdateManager#NOTIFY_ADMINS
2026.09.27 00:52:21 org.jivesoftware.openfire.XMPPServer - Accessing SystemProperty field org.jivesoftware.openfire.update.UpdateManager#LAST_UPDATE_CHECK
2026.09.27 00:52:21 org.jivesoftware.openfire.XMPPServer - Accessing SystemProperty field org.jivesoftware.openfire.update.UpdateManager#UPDATE_FREQUENCY
2026.09.27 00:52:21 org.jivesoftware.openfire.XMPPServer - Accessing SystemProperty field org.jivesoftware.openfire.update.UpdateManager#PROXY_HOST
2026.09.27 00:52:21 org.jivesoftware.openfire.XMPPServer - Accessing SystemProperty field org.jivesoftware.openfire.update.UpdateManager#PROXY_PORT
2026.09.27 00:52:22 org.jivesoftware.openfire.container.PluginManager - Successfully loaded plugin 'admin'.
2026.09.27 00:52:22 org.jivesoftware.openfire.container.PluginManager - Successfully loaded plugin 'nonsaslauthentication'.
2026.09.27 00:52:22 org.jivesoftware.openfire.container.PluginManager - Successfully loaded plugin 'search'.
2026.09.27 00:52:23 org.jivesoftware.openfire.container.PluginManager - Successfully loaded plugin 'restapi'.
2026.09.27 00:52:23 org.jivesoftware.openfire.container.PluginMonitor - Finished processing all plugins.
2026.09.27 00:52:23 org.jivesoftware.openfire.spi.ConnectionListener[socket_c2s] - Started.
2026.09.27 00:52:23 org.jivesoftware.openfire.spi.ConnectionListener[socket_c2s-legacyMode] - Started.
2026.09.27 00:52:23 org.jivesoftware.openfire.spi.ConnectionListener[socket_s2s] - Started.
2026.09.27 00:52:23 org.jivesoftware.openfire.spi.ConnectionListener[socket_s2s-legacyMode] - Started.
2026.09.27 00:52:23 org.jivesoftware.openfire.spi.ConnectionListener[component] - Started.
2026.09.27 00:52:23 org.jivesoftware.openfire.spi.ConnectionListener[component-legacyMode] - Started.
2026.09.27 00:52:23 org.jivesoftware.openfire.spi.ConnectionListener[connection_manager] - Started.
2026.09.27 00:52:23 org.jivesoftware.openfire.spi.ConnectionListener[connection_manager-legacyMode] - Started.
2026.09.27 00:52:23 org.jivesoftware.openfire.http.HttpSessionManager - Starting instance
2026.09.27 00:52:23 org.jivesoftware.openfire.http.HttpBindManager - HTTP bind service started
2026.09.27 00:52:49 org.jivesoftware.util.cache.CacheFactory - Created cache [org.jivesoftware.util.cache.DefaultLocalCacheStrategy] for Locked Out Accounts
2026.09.27 01:07:31 org.jivesoftware.openfire.XMPPServer - Registering shutdown hook (standalone mode)
2026.09.27 01:07:31 hsqldb.db.HSQLDBA0638C63BF.ENGINE - checkpointClose start
2026.09.27 01:07:31 hsqldb.db.HSQLDBA0638C63BF.ENGINE - checkpointClose synched
2026.09.27 01:07:31 hsqldb.db.HSQLDBA0638C63BF.ENGINE - checkpointClose script done
2026.09.27 01:07:32 hsqldb.db.HSQLDBA0638C63BF.ENGINE - checkpointClose end
2026.09.27 01:07:32 org.jivesoftware.util.cache.CacheFactory - Created cache [org.jivesoftware.util.cache.DefaultLocalCacheStrategy] for Routing Servers Cache
2026.09.27 01:07:32 org.jivesoftware.util.cache.CacheFactory - Created cache [org.jivesoftware.util.cache.DefaultLocalCacheStrategy] for Routing Components Cache
2026.09.27 01:07:32 org.jivesoftware.util.cache.CacheFactory - Created cache [org.jivesoftware.util.cache.DefaultLocalCacheStrategy] for Routing Users Cache
2026.09.27 01:07:32 org.jivesoftware.util.cache.CacheFactory - Created cache [org.jivesoftware.util.cache.DefaultLocalCacheStrategy] for Routing AnonymousUsers Cache
2026.09.27 01:07:32 org.jivesoftware.util.cache.CacheFactory - Created cache [org.jivesoftware.util.cache.DefaultLocalCacheStrategy] for Routing User Sessions
2026.09.27 01:07:32 org.jivesoftware.util.cache.CacheFactory - Created cache [org.jivesoftware.util.cache.DefaultLocalCacheStrategy] for Roster
2026.09.27 01:07:32 org.jivesoftware.util.cache.CacheFactory - Created cache [org.jivesoftware.util.cache.DefaultLocalCacheStrategy] for RosterItems
2026.09.27 01:07:32 org.jivesoftware.util.cache.CacheFactory - Created cache [org.jivesoftware.util.cache.DefaultLocalCacheStrategy] for Multicast Service
2026.09.27 01:07:32 org.jivesoftware.util.cache.CacheFactory - Created cache [org.jivesoftware.util.cache.DefaultLocalCacheStrategy] for Offline Message Size
2026.09.27 01:07:32 org.jivesoftware.util.cache.CacheFactory - Created cache [org.jivesoftware.util.cache.DefaultLocalCacheStrategy] for VCard
2026.09.27 01:07:32 org.jivesoftware.util.cache.CacheFactory - Created cache [org.jivesoftware.util.cache.DefaultLocalCacheStrategy] for Privacy Lists
2026.09.27 01:07:32 org.jivesoftware.util.cache.CacheFactory - Created cache [org.jivesoftware.util.cache.DefaultLocalCacheStrategy] for File Transfer Cache
2026.09.27 01:07:32 org.jivesoftware.util.cache.CacheFactory - Created cache [org.jivesoftware.util.cache.DefaultLocalCacheStrategy] for Offline Presence Cache
2026.09.27 01:07:32 org.jivesoftware.util.cache.CacheFactory - Created cache [org.jivesoftware.util.cache.DefaultLocalCacheStrategy] for Last Activity Cache
2026.09.27 01:07:32 org.jivesoftware.util.cache.CacheFactory - Created cache [org.jivesoftware.util.cache.DefaultLocalCacheStrategy] for User
2026.09.27 01:07:32 org.jivesoftware.util.cache.CacheFactory - Created cache [org.jivesoftware.util.cache.DefaultLocalCacheStrategy] for Remote Users Existence
2026.09.27 01:07:32 org.jivesoftware.util.cache.CacheFactory - Created cache [org.jivesoftware.util.cache.DefaultLocalCacheStrategy] for Components Sessions
2026.09.27 01:07:32 org.jivesoftware.util.cache.CacheFactory - Created cache [org.jivesoftware.util.cache.DefaultLocalCacheStrategy] for Connection Managers Sessions
2026.09.27 01:07:32 org.jivesoftware.util.cache.CacheFactory - Created cache [org.jivesoftware.util.cache.DefaultLocalCacheStrategy] for Incoming Server Sessions
2026.09.27 01:07:32 org.jivesoftware.util.cache.CacheFactory - Created cache [org.jivesoftware.util.cache.DefaultLocalCacheStrategy] for Sessions by Hostname
2026.09.27 01:07:32 org.jivesoftware.util.cache.CacheFactory - Created cache [org.jivesoftware.util.cache.DefaultLocalCacheStrategy] for Validated Domains
2026.09.27 01:07:32 org.jivesoftware.util.cache.CacheFactory - Created cache [org.jivesoftware.util.cache.DefaultLocalCacheStrategy] for Client Session Info Cache
2026.09.27 01:07:32 org.jivesoftware.util.cache.CacheFactory - Created cache [org.jivesoftware.util.cache.DefaultLocalCacheStrategy] for Directed Presences
2026.09.27 01:07:32 org.jivesoftware.util.cache.CacheFactory - Created local-only cache [org.jivesoftware.util.cache.DefaultLocalCacheStrategy] for PEPServiceManager
2026.09.27 01:07:32 org.jivesoftware.util.cache.CacheFactory - Created cache [org.jivesoftware.util.cache.DefaultLocalCacheStrategy] for File Transfer
2026.09.27 01:07:32 org.jivesoftware.util.cache.CacheFactory - Created cache [org.jivesoftware.util.cache.DefaultLocalCacheStrategy] for Published Items
2026.09.27 01:07:32 org.jivesoftware.util.cache.CacheFactory - Created cache [org.jivesoftware.util.cache.DefaultLocalCacheStrategy] for Disco Server Features
2026.09.27 01:07:32 org.jivesoftware.util.cache.CacheFactory - Created cache [org.jivesoftware.util.cache.DefaultLocalCacheStrategy] for Disco Server Items
2026.09.27 01:07:32 org.jivesoftware.util.cache.CacheFactory - Created cache [org.jivesoftware.util.cache.DefaultLocalCacheStrategy] for Components
2026.09.27 01:07:32 org.jivesoftware.util.cache.CacheFactory - Created local-only cache [org.jivesoftware.util.cache.DefaultLocalCacheStrategy] for Entity Capabilities
2026.09.27 01:07:32 org.jivesoftware.util.cache.CacheFactory - Created local-only cache [org.jivesoftware.util.cache.DefaultLocalCacheStrategy] for Entity Capabilities Users
2026.09.27 01:07:33 org.jivesoftware.util.cache.CacheFactory - Created cache [org.jivesoftware.util.cache.DefaultLocalCacheStrategy] for Group
2026.09.27 01:07:33 org.jivesoftware.util.cache.CacheFactory - Created cache [org.jivesoftware.util.cache.DefaultLocalCacheStrategy] for Group Metadata Cache
2026.09.27 01:07:33 org.jivesoftware.openfire.pubsub.PubSubModule - Dominio de Publicar-Suscribir: pubsub.192.168.1.235
2026.09.27 01:07:33 org.jivesoftware.openfire.muc.spi.MultiUserChatServiceImpl - Dominio de Chat Multi-usuario: conference.192.168.1.235
2026.09.27 01:07:33 org.jivesoftware.openfire.XMPPServer - Openfire 4.5.0 Alpha [Sep 27, 2026, 1:07:33 AM]
2026.09.27 01:07:33 org.jivesoftware.util.cache.CacheFactory - Created cache [org.jivesoftware.util.cache.DefaultLocalCacheStrategy] for Favicon Misses
2026.09.27 01:07:33 org.jivesoftware.util.cache.CacheFactory - Created cache [org.jivesoftware.util.cache.DefaultLocalCacheStrategy] for Favicon Hits
2026.09.27 01:07:33 org.jivesoftware.openfire.container.AdminConsolePlugin - Consola de administración escuchando en http://192.168.1.235:9090
2026.09.27 01:07:34 org.jivesoftware.openfire.XMPPServer - Accessing SystemProperty field org.jivesoftware.openfire.auth.AuthFactory#PASSWORD_KEY
2026.09.27 01:07:34 org.jivesoftware.openfire.XMPPServer - Accessing SystemProperty field org.jivesoftware.openfire.auth.AuthFactory#AUTH_PROVIDER
2026.09.27 01:07:34 org.jivesoftware.openfire.XMPPServer - Accessing SystemProperty field org.jivesoftware.openfire.sasl.ScramSha1SaslServer#ITERATION_COUNT
2026.09.27 01:07:34 org.jivesoftware.openfire.XMPPServer - Accessing SystemProperty field org.jivesoftware.openfire.vcard.VCardManager#VCARD_PROVIDER
2026.09.27 01:07:34 org.jivesoftware.openfire.XMPPServer - Accessing SystemProperty field org.jivesoftware.openfire.auth.HybridAuthProvider#PRIMARY_PROVIDER
2026.09.27 01:07:34 org.jivesoftware.openfire.XMPPServer - Accessing SystemProperty field org.jivesoftware.openfire.auth.HybridAuthProvider#SECONDARY_PROVIDER
2026.09.27 01:07:34 org.jivesoftware.openfire.XMPPServer - Accessing SystemProperty field org.jivesoftware.openfire.auth.HybridAuthProvider#TERTIARY_PROVIDER
2026.09.27 01:07:34 org.jivesoftware.openfire.XMPPServer - Accessing SystemProperty field org.jivesoftware.openfire.lockout.LockOutManager#LOCKOUT_PROVIDER
2026.09.27 01:07:34 org.jivesoftware.openfire.XMPPServer - Accessing SystemProperty field org.jivesoftware.openfire.user.UserManager#USER_PROVIDER
2026.09.27 01:07:34 org.jivesoftware.openfire.XMPPServer - Accessing SystemProperty field org.jivesoftware.openfire.user.UserManager#REMOTE_DISCO_INFO_TIMEOUT
2026.09.27 01:07:34 org.jivesoftware.openfire.XMPPServer - Accessing SystemProperty field org.jivesoftware.openfire.user.UserManager#USER_PROPERTY_PROVIDER
2026.09.27 01:07:34 org.jivesoftware.openfire.XMPPServer - Accessing SystemProperty field org.jivesoftware.openfire.SessionManager#CONFLICT_LIMIT
2026.09.27 01:07:34 org.jivesoftware.openfire.XMPPServer - Accessing SystemProperty field org.jivesoftware.openfire.group.GroupManager#GROUP_PROVIDER
2026.09.27 01:07:34 org.jivesoftware.openfire.XMPPServer - Accessing SystemProperty field org.jivesoftware.openfire.muc.spi.IQMuclumbusSearchHandler#PROPERTY_ENABLED
2026.09.27 01:07:34 org.jivesoftware.openfire.XMPPServer - Accessing SystemProperty field org.jivesoftware.openfire.sasl.AnonymousSaslServer#ENABLED
2026.09.27 01:07:34 org.jivesoftware.openfire.XMPPServer - Accessing SystemProperty field org.jivesoftware.openfire.net.SASLAuthentication#SKIP_PEER_CERT_REVALIDATION_CLIENT
2026.09.27 01:07:34 org.jivesoftware.openfire.net.SASLAuthentication - Support added for the 'ANONYMOUS' SASL mechanism.
2026.09.27 01:07:34 org.jivesoftware.openfire.net.SASLAuthentication - Support added for the 'PLAIN' SASL mechanism.
2026.09.27 01:07:34 org.jivesoftware.openfire.net.SASLAuthentication - Support added for the 'DIGEST-MD5' SASL mechanism.
2026.09.27 01:07:34 org.jivesoftware.openfire.net.SASLAuthentication - Support added for the 'CRAM-MD5' SASL mechanism.
2026.09.27 01:07:34 org.jivesoftware.openfire.net.SASLAuthentication - Support added for the 'SCRAM-SHA-1' SASL mechanism.
2026.09.27 01:07:34 org.jivesoftware.openfire.net.SASLAuthentication - Support added for the 'JIVE-SHAREDSECRET' SASL mechanism.
2026.09.27 01:07:34 org.jivesoftware.openfire.net.SASLAuthentication - Support added for the 'GSSAPI' SASL mechanism.
2026.09.27 01:07:34 org.jivesoftware.openfire.net.SASLAuthentication - Support added for the 'EXTERNAL' SASL mechanism.
2026.09.27 01:07:34 org.jivesoftware.openfire.XMPPServer - Accessing SystemProperty field org.jivesoftware.openfire.XMPPServerInfo#XMPP_DOMAIN
2026.09.27 01:07:34 org.jivesoftware.openfire.XMPPServer - Accessing SystemProperty field org.jivesoftware.openfire.sasl.ExternalClientSaslServer#PROPERTY_SASL_EXTERNAL_CLIENT_SUPPRESS_MATCHING_REALMNAME
2026.09.27 01:07:34 org.jivesoftware.openfire.XMPPServer - Accessing SystemProperty field org.jivesoftware.openfire.admin.AdminManager#ADMIN_PROVIDER
2026.09.27 01:07:34 org.jivesoftware.openfire.XMPPServer - Accessing SystemProperty field org.jivesoftware.openfire.security.SecurityAuditManager#AUDIT_PROVIDER
2026.09.27 01:07:34 org.jivesoftware.openfire.XMPPServer - Accessing SystemProperty field org.jivesoftware.openfire.admin.DefaultAdminProvider#ADMIN_JIDS
2026.09.27 01:07:34 org.jivesoftware.openfire.XMPPServer - Accessing SystemProperty field org.jivesoftware.openfire.cluster.ClusterMonitor#ENABLED
2026.09.27 01:07:34 org.jivesoftware.openfire.XMPPServer - Accessing SystemProperty field org.jivesoftware.openfire.ldap.LdapVCardProvider#STORE_AVATAR_IN_DB
2026.09.27 01:07:34 org.jivesoftware.openfire.XMPPServer - Accessing SystemProperty field org.jivesoftware.openfire.spi.EncryptionArtifactFactory#TRUST_MANAGER_CLASS
2026.09.27 01:07:34 org.jivesoftware.openfire.XMPPServer - Accessing SystemProperty field org.jivesoftware.openfire.update.UpdateManager#ENABLED
2026.09.27 01:07:34 org.jivesoftware.openfire.XMPPServer - Accessing SystemProperty field org.jivesoftware.openfire.update.UpdateManager#NOTIFY_ADMINS
2026.09.27 01:07:34 org.jivesoftware.openfire.XMPPServer - Accessing SystemProperty field org.jivesoftware.openfire.update.UpdateManager#LAST_UPDATE_CHECK
2026.09.27 01:07:34 org.jivesoftware.openfire.XMPPServer - Accessing SystemProperty field org.jivesoftware.openfire.update.UpdateManager#UPDATE_FREQUENCY
2026.09.27 01:07:34 org.jivesoftware.openfire.XMPPServer - Accessing SystemProperty field org.jivesoftware.openfire.update.UpdateManager#PROXY_HOST
2026.09.27 01:07:34 org.jivesoftware.openfire.XMPPServer - Accessing SystemProperty field org.jivesoftware.openfire.update.UpdateManager#PROXY_PORT
2026.09.27 01:07:34 org.jivesoftware.openfire.container.PluginManager - Successfully loaded plugin 'admin'.
2026.09.27 01:07:34 org.jivesoftware.openfire.container.PluginManager - Successfully loaded plugin 'nonsaslauthentication'.
2026.09.27 01:07:34 org.jivesoftware.openfire.container.PluginManager - Successfully loaded plugin 'search'.
2026.09.27 01:07:35 org.jivesoftware.openfire.container.PluginManager - Successfully loaded plugin 'restapi'.
2026.09.27 01:07:36 org.jivesoftware.openfire.container.PluginMonitor - Finished processing all plugins.
2026.09.27 01:07:36 org.jivesoftware.openfire.spi.ConnectionListener[socket_c2s] - Started.
2026.09.27 01:07:36 org.jivesoftware.openfire.spi.ConnectionListener[socket_c2s-legacyMode] - Started.
2026.09.27 01:07:36 org.jivesoftware.openfire.spi.ConnectionListener[socket_s2s] - Started.
2026.09.27 01:07:36 org.jivesoftware.openfire.spi.ConnectionListener[socket_s2s-legacyMode] - Started.
2026.09.27 01:07:36 org.jivesoftware.openfire.spi.ConnectionListener[component] - Started.
2026.09.27 01:07:36 org.jivesoftware.openfire.spi.ConnectionListener[component-legacyMode] - Started.
2026.09.27 01:07:36 org.jivesoftware.openfire.spi.ConnectionListener[connection_manager] - Started.
2026.09.27 01:07:36 org.jivesoftware.openfire.spi.ConnectionListener[connection_manager-legacyMode] - Started.
2026.09.27 01:07:36 org.jivesoftware.openfire.http.HttpSessionManager - Starting instance
2026.09.27 01:07:36 org.jivesoftware.openfire.http.HttpBindManager - HTTP bind service started
2026.09.27 01:08:03 org.jivesoftware.util.cache.CacheFactory - Created cache [org.jivesoftware.util.cache.DefaultLocalCacheStrategy] for Locked Out Accounts
2026.10.02 02:21:59 org.jivesoftware.openfire.XMPPServer - Registering shutdown hook (standalone mode)
2026.10.02 02:22:00 hsqldb.db.HSQLDBA0638C63BF.ENGINE - checkpointClose start
2026.10.02 02:22:00 hsqldb.db.HSQLDBA0638C63BF.ENGINE - checkpointClose synched
2026.10.02 02:22:00 hsqldb.db.HSQLDBA0638C63BF.ENGINE - checkpointClose script done
2026.10.02 02:22:00 hsqldb.db.HSQLDBA0638C63BF.ENGINE - checkpointClose end
2026.10.02 02:22:00 org.jivesoftware.util.cache.CacheFactory - Created cache [org.jivesoftware.util.cache.DefaultLocalCacheStrategy] for Routing Servers Cache
2026.10.02 02:22:00 org.jivesoftware.util.cache.CacheFactory - Created cache [org.jivesoftware.util.cache.DefaultLocalCacheStrategy] for Routing Components Cache
2026.10.02 02:22:00 org.jivesoftware.util.cache.CacheFactory - Created cache [org.jivesoftware.util.cache.DefaultLocalCacheStrategy] for Routing Users Cache
2026.10.02 02:22:00 org.jivesoftware.util.cache.CacheFactory - Created cache [org.jivesoftware.util.cache.DefaultLocalCacheStrategy] for Routing AnonymousUsers Cache
2026.10.02 02:22:00 org.jivesoftware.util.cache.CacheFactory - Created cache [org.jivesoftware.util.cache.DefaultLocalCacheStrategy] for Routing User Sessions
2026.10.02 02:22:00 org.jivesoftware.util.cache.CacheFactory - Created cache [org.jivesoftware.util.cache.DefaultLocalCacheStrategy] for Roster
2026.10.02 02:22:00 org.jivesoftware.util.cache.CacheFactory - Created cache [org.jivesoftware.util.cache.DefaultLocalCacheStrategy] for RosterItems
2026.10.02 02:22:00 org.jivesoftware.util.cache.CacheFactory - Created cache [org.jivesoftware.util.cache.DefaultLocalCacheStrategy] for Multicast Service
2026.10.02 02:22:00 org.jivesoftware.util.cache.CacheFactory - Created cache [org.jivesoftware.util.cache.DefaultLocalCacheStrategy] for Offline Message Size
2026.10.02 02:22:00 org.jivesoftware.util.cache.CacheFactory - Created cache [org.jivesoftware.util.cache.DefaultLocalCacheStrategy] for VCard
2026.10.02 02:22:00 org.jivesoftware.util.cache.CacheFactory - Created cache [org.jivesoftware.util.cache.DefaultLocalCacheStrategy] for Privacy Lists
2026.10.02 02:22:00 org.jivesoftware.util.cache.CacheFactory - Created cache [org.jivesoftware.util.cache.DefaultLocalCacheStrategy] for File Transfer Cache
2026.10.02 02:22:00 org.jivesoftware.util.cache.CacheFactory - Created cache [org.jivesoftware.util.cache.DefaultLocalCacheStrategy] for Offline Presence Cache
2026.10.02 02:22:00 org.jivesoftware.util.cache.CacheFactory - Created cache [org.jivesoftware.util.cache.DefaultLocalCacheStrategy] for Last Activity Cache
2026.10.02 02:22:00 org.jivesoftware.util.cache.CacheFactory - Created cache [org.jivesoftware.util.cache.DefaultLocalCacheStrategy] for User
2026.10.02 02:22:00 org.jivesoftware.util.cache.CacheFactory - Created cache [org.jivesoftware.util.cache.DefaultLocalCacheStrategy] for Remote Users Existence
2026.10.02 02:22:00 org.jivesoftware.util.cache.CacheFactory - Created cache [org.jivesoftware.util.cache.DefaultLocalCacheStrategy] for Components Sessions
2026.10.02 02:22:00 org.jivesoftware.util.cache.CacheFactory - Created cache [org.jivesoftware.util.cache.DefaultLocalCacheStrategy] for Connection Managers Sessions
2026.10.02 02:22:00 org.jivesoftware.util.cache.CacheFactory - Created cache [org.jivesoftware.util.cache.DefaultLocalCacheStrategy] for Incoming Server Sessions
2026.10.02 02:22:00 org.jivesoftware.util.cache.CacheFactory - Created cache [org.jivesoftware.util.cache.DefaultLocalCacheStrategy] for Sessions by Hostname
2026.10.02 02:22:00 org.jivesoftware.util.cache.CacheFactory - Created cache [org.jivesoftware.util.cache.DefaultLocalCacheStrategy] for Validated Domains
2026.10.02 02:22:00 org.jivesoftware.util.cache.CacheFactory - Created cache [org.jivesoftware.util.cache.DefaultLocalCacheStrategy] for Client Session Info Cache
2026.10.02 02:22:00 org.jivesoftware.util.cache.CacheFactory - Created cache [org.jivesoftware.util.cache.DefaultLocalCacheStrategy] for Directed Presences
2026.10.02 02:22:00 org.jivesoftware.util.cache.CacheFactory - Created local-only cache [org.jivesoftware.util.cache.DefaultLocalCacheStrategy] for PEPServiceManager
2026.10.02 02:22:00 org.jivesoftware.util.cache.CacheFactory - Created cache [org.jivesoftware.util.cache.DefaultLocalCacheStrategy] for File Transfer
2026.10.02 02:22:00 org.jivesoftware.util.cache.CacheFactory - Created cache [org.jivesoftware.util.cache.DefaultLocalCacheStrategy] for Published Items
2026.10.02 02:22:00 org.jivesoftware.util.cache.CacheFactory - Created cache [org.jivesoftware.util.cache.DefaultLocalCacheStrategy] for Disco Server Features
2026.10.02 02:22:00 org.jivesoftware.util.cache.CacheFactory - Created cache [org.jivesoftware.util.cache.DefaultLocalCacheStrategy] for Disco Server Items
2026.10.02 02:22:00 org.jivesoftware.util.cache.CacheFactory - Created cache [org.jivesoftware.util.cache.DefaultLocalCacheStrategy] for Components
2026.10.02 02:22:00 org.jivesoftware.util.cache.CacheFactory - Created local-only cache [org.jivesoftware.util.cache.DefaultLocalCacheStrategy] for Entity Capabilities
2026.10.02 02:22:00 org.jivesoftware.util.cache.CacheFactory - Created local-only cache [org.jivesoftware.util.cache.DefaultLocalCacheStrategy] for Entity Capabilities Users
2026.10.02 02:22:00 org.jivesoftware.util.cache.CacheFactory - Created cache [org.jivesoftware.util.cache.DefaultLocalCacheStrategy] for Group
2026.10.02 02:22:00 org.jivesoftware.util.cache.CacheFactory - Created cache [org.jivesoftware.util.cache.DefaultLocalCacheStrategy] for Group Metadata Cache
2026.10.02 02:22:00 org.jivesoftware.openfire.pubsub.PubSubModule - Dominio de Publicar-Suscribir: pubsub.192.168.100.29
2026.10.02 02:22:00 org.jivesoftware.openfire.muc.spi.MultiUserChatServiceImpl - Dominio de Chat Multi-usuario: conference.192.168.100.29
2026.10.02 02:22:00 org.jivesoftware.openfire.XMPPServer - Openfire 4.5.0 Alpha [Oct 2, 2026, 2:22:00 AM]
2026.10.02 02:22:00 org.jivesoftware.openfire.XMPPServer - Accessing SystemProperty field org.jivesoftware.openfire.auth.AuthFactory#PASSWORD_KEY
2026.10.02 02:22:00 org.jivesoftware.openfire.XMPPServer - Accessing SystemProperty field org.jivesoftware.openfire.auth.AuthFactory#AUTH_PROVIDER
2026.10.02 02:22:00 org.jivesoftware.openfire.XMPPServer - Accessing SystemProperty field org.jivesoftware.openfire.sasl.ScramSha1SaslServer#ITERATION_COUNT
2026.10.02 02:22:00 org.jivesoftware.openfire.XMPPServer - Accessing SystemProperty field org.jivesoftware.openfire.vcard.VCardManager#VCARD_PROVIDER
2026.10.02 02:22:01 org.jivesoftware.openfire.XMPPServer - Accessing SystemProperty field org.jivesoftware.openfire.auth.HybridAuthProvider#PRIMARY_PROVIDER
2026.10.02 02:22:01 org.jivesoftware.openfire.XMPPServer - Accessing SystemProperty field org.jivesoftware.openfire.auth.HybridAuthProvider#SECONDARY_PROVIDER
2026.10.02 02:22:01 org.jivesoftware.openfire.XMPPServer - Accessing SystemProperty field org.jivesoftware.openfire.auth.HybridAuthProvider#TERTIARY_PROVIDER
2026.10.02 02:22:01 org.jivesoftware.openfire.XMPPServer - Accessing SystemProperty field org.jivesoftware.openfire.lockout.LockOutManager#LOCKOUT_PROVIDER
2026.10.02 02:22:01 org.jivesoftware.openfire.XMPPServer - Accessing SystemProperty field org.jivesoftware.openfire.user.UserManager#USER_PROVIDER
2026.10.02 02:22:01 org.jivesoftware.openfire.XMPPServer - Accessing SystemProperty field org.jivesoftware.openfire.user.UserManager#REMOTE_DISCO_INFO_TIMEOUT
2026.10.02 02:22:01 org.jivesoftware.openfire.XMPPServer - Accessing SystemProperty field org.jivesoftware.openfire.user.UserManager#USER_PROPERTY_PROVIDER
2026.10.02 02:22:01 org.jivesoftware.openfire.XMPPServer - Accessing SystemProperty field org.jivesoftware.openfire.SessionManager#CONFLICT_LIMIT
2026.10.02 02:22:01 org.jivesoftware.openfire.XMPPServer - Accessing SystemProperty field org.jivesoftware.openfire.group.GroupManager#GROUP_PROVIDER
2026.10.02 02:22:01 org.jivesoftware.openfire.XMPPServer - Accessing SystemProperty field org.jivesoftware.openfire.muc.spi.IQMuclumbusSearchHandler#PROPERTY_ENABLED
2026.10.02 02:22:01 org.jivesoftware.openfire.XMPPServer - Accessing SystemProperty field org.jivesoftware.openfire.sasl.AnonymousSaslServer#ENABLED
2026.10.02 02:22:01 org.jivesoftware.openfire.XMPPServer - Accessing SystemProperty field org.jivesoftware.openfire.net.SASLAuthentication#SKIP_PEER_CERT_REVALIDATION_CLIENT
2026.10.02 02:22:01 org.jivesoftware.openfire.net.SASLAuthentication - Support added for the 'ANONYMOUS' SASL mechanism.
2026.10.02 02:22:01 org.jivesoftware.openfire.net.SASLAuthentication - Support added for the 'PLAIN' SASL mechanism.
2026.10.02 02:22:01 org.jivesoftware.openfire.net.SASLAuthentication - Support added for the 'DIGEST-MD5' SASL mechanism.
2026.10.02 02:22:01 org.jivesoftware.openfire.net.SASLAuthentication - Support added for the 'CRAM-MD5' SASL mechanism.
2026.10.02 02:22:01 org.jivesoftware.openfire.net.SASLAuthentication - Support added for the 'SCRAM-SHA-1' SASL mechanism.
2026.10.02 02:22:01 org.jivesoftware.openfire.net.SASLAuthentication - Support added for the 'JIVE-SHAREDSECRET' SASL mechanism.
2026.10.02 02:22:01 org.jivesoftware.openfire.net.SASLAuthentication - Support added for the 'GSSAPI' SASL mechanism.
2026.10.02 02:22:01 org.jivesoftware.openfire.net.SASLAuthentication - Support added for the 'EXTERNAL' SASL mechanism.
2026.10.02 02:22:01 org.jivesoftware.openfire.XMPPServer - Accessing SystemProperty field org.jivesoftware.openfire.XMPPServerInfo#XMPP_DOMAIN
2026.10.02 02:22:01 org.jivesoftware.openfire.XMPPServer - Accessing SystemProperty field org.jivesoftware.openfire.sasl.ExternalClientSaslServer#PROPERTY_SASL_EXTERNAL_CLIENT_SUPPRESS_MATCHING_REALMNAME
2026.10.02 02:22:01 org.jivesoftware.openfire.XMPPServer - Accessing SystemProperty field org.jivesoftware.openfire.admin.AdminManager#ADMIN_PROVIDER
2026.10.02 02:22:01 org.jivesoftware.openfire.XMPPServer - Accessing SystemProperty field org.jivesoftware.openfire.security.SecurityAuditManager#AUDIT_PROVIDER
2026.10.02 02:22:01 org.jivesoftware.openfire.XMPPServer - Accessing SystemProperty field org.jivesoftware.openfire.admin.DefaultAdminProvider#ADMIN_JIDS
2026.10.02 02:22:01 org.jivesoftware.openfire.XMPPServer - Accessing SystemProperty field org.jivesoftware.openfire.cluster.ClusterMonitor#ENABLED
2026.10.02 02:22:01 org.jivesoftware.openfire.XMPPServer - Accessing SystemProperty field org.jivesoftware.openfire.ldap.LdapVCardProvider#STORE_AVATAR_IN_DB
2026.10.02 02:22:01 org.jivesoftware.openfire.XMPPServer - Accessing SystemProperty field org.jivesoftware.openfire.spi.EncryptionArtifactFactory#TRUST_MANAGER_CLASS
2026.10.02 02:22:01 org.jivesoftware.openfire.XMPPServer - Accessing SystemProperty field org.jivesoftware.openfire.update.UpdateManager#ENABLED
2026.10.02 02:22:01 org.jivesoftware.openfire.XMPPServer - Accessing SystemProperty field org.jivesoftware.openfire.update.UpdateManager#NOTIFY_ADMINS
2026.10.02 02:22:01 org.jivesoftware.openfire.XMPPServer - Accessing SystemProperty field org.jivesoftware.openfire.update.UpdateManager#LAST_UPDATE_CHECK
2026.10.02 02:22:01 org.jivesoftware.openfire.XMPPServer - Accessing SystemProperty field org.jivesoftware.openfire.update.UpdateManager#UPDATE_FREQUENCY
2026.10.02 02:22:01 org.jivesoftware.openfire.XMPPServer - Accessing SystemProperty field org.jivesoftware.openfire.update.UpdateManager#PROXY_HOST
2026.10.02 02:22:01 org.jivesoftware.openfire.XMPPServer - Accessing SystemProperty field org.jivesoftware.openfire.update.UpdateManager#PROXY_PORT
2026.10.02 02:22:01 org.jivesoftware.util.cache.CacheFactory - Created cache [org.jivesoftware.util.cache.DefaultLocalCacheStrategy] for Favicon Misses
2026.10.02 02:22:01 org.jivesoftware.util.cache.CacheFactory - Created cache [org.jivesoftware.util.cache.DefaultLocalCacheStrategy] for Favicon Hits
2026.10.02 02:22:01 org.jivesoftware.openfire.container.AdminConsolePlugin - Consola de administración escuchando en http://192.168.100.29:9090
2026.10.02 02:22:01 org.jivesoftware.openfire.container.PluginManager - Successfully loaded plugin 'admin'.
2026.10.02 02:22:01 org.jivesoftware.openfire.container.PluginManager - Successfully loaded plugin 'nonsaslauthentication'.
2026.10.02 02:22:01 org.jivesoftware.openfire.container.PluginManager - Successfully loaded plugin 'search'.
2026.10.02 02:22:02 org.jivesoftware.openfire.container.PluginManager - Successfully loaded plugin 'restapi'.
2026.10.02 02:22:02 org.jivesoftware.openfire.container.PluginMonitor - Finished processing all plugins.
2026.10.02 02:22:02 org.jivesoftware.openfire.spi.ConnectionListener[socket_c2s] - Started.
2026.10.02 02:22:02 org.jivesoftware.openfire.spi.ConnectionListener[socket_c2s-legacyMode] - Started.
2026.10.02 02:22:02 org.jivesoftware.openfire.spi.ConnectionListener[socket_s2s] - Started.
2026.10.02 02:22:02 org.jivesoftware.openfire.spi.ConnectionListener[socket_s2s-legacyMode] - Started.
2026.10.02 02:22:02 org.jivesoftware.openfire.spi.ConnectionListener[component] - Started.
2026.10.02 02:22:02 org.jivesoftware.openfire.spi.ConnectionListener[component-legacyMode] - Started.
2026.10.02 02:22:02 org.jivesoftware.openfire.spi.ConnectionListener[connection_manager] - Started.
2026.10.02 02:22:02 org.jivesoftware.openfire.spi.ConnectionListener[connection_manager-legacyMode] - Started.
2026.10.02 02:22:02 org.jivesoftware.openfire.http.HttpSessionManager - Starting instance
2026.10.02 02:22:02 org.jivesoftware.openfire.http.HttpBindManager - HTTP bind service started
2026.10.02 02:22:28 org.jivesoftware.util.cache.CacheFactory - Created cache [org.jivesoftware.util.cache.DefaultLocalCacheStrategy] for Locked Out Accounts
2026.10.02 02:24:09 org.jivesoftware.openfire.XMPPServer - Registering shutdown hook (standalone mode)
2026.10.02 02:24:09 hsqldb.db.HSQLDBA0638C63BF.ENGINE - checkpointClose start
2026.10.02 02:24:09 hsqldb.db.HSQLDBA0638C63BF.ENGINE - checkpointClose synched
2026.10.02 02:24:09 hsqldb.db.HSQLDBA0638C63BF.ENGINE - checkpointClose script done
2026.10.02 02:24:09 hsqldb.db.HSQLDBA0638C63BF.ENGINE - checkpointClose end
2026.10.02 02:24:10 org.jivesoftware.util.cache.CacheFactory - Created cache [org.jivesoftware.util.cache.DefaultLocalCacheStrategy] for Routing Servers Cache
2026.10.02 02:24:10 org.jivesoftware.util.cache.CacheFactory - Created cache [org.jivesoftware.util.cache.DefaultLocalCacheStrategy] for Routing Components Cache
2026.10.02 02:24:10 org.jivesoftware.util.cache.CacheFactory - Created cache [org.jivesoftware.util.cache.DefaultLocalCacheStrategy] for Routing Users Cache
2026.10.02 02:24:10 org.jivesoftware.util.cache.CacheFactory - Created cache [org.jivesoftware.util.cache.DefaultLocalCacheStrategy] for Routing AnonymousUsers Cache
2026.10.02 02:24:10 org.jivesoftware.util.cache.CacheFactory - Created cache [org.jivesoftware.util.cache.DefaultLocalCacheStrategy] for Routing User Sessions
2026.10.02 02:24:10 org.jivesoftware.util.cache.CacheFactory - Created cache [org.jivesoftware.util.cache.DefaultLocalCacheStrategy] for Roster
2026.10.02 02:24:10 org.jivesoftware.util.cache.CacheFactory - Created cache [org.jivesoftware.util.cache.DefaultLocalCacheStrategy] for RosterItems
2026.10.02 02:24:10 org.jivesoftware.util.cache.CacheFactory - Created cache [org.jivesoftware.util.cache.DefaultLocalCacheStrategy] for Multicast Service
2026.10.02 02:24:10 org.jivesoftware.util.cache.CacheFactory - Created cache [org.jivesoftware.util.cache.DefaultLocalCacheStrategy] for Offline Message Size
2026.10.02 02:24:10 org.jivesoftware.util.cache.CacheFactory - Created cache [org.jivesoftware.util.cache.DefaultLocalCacheStrategy] for VCard
2026.10.02 02:24:10 org.jivesoftware.util.cache.CacheFactory - Created cache [org.jivesoftware.util.cache.DefaultLocalCacheStrategy] for Privacy Lists
2026.10.02 02:24:10 org.jivesoftware.util.cache.CacheFactory - Created cache [org.jivesoftware.util.cache.DefaultLocalCacheStrategy] for File Transfer Cache
2026.10.02 02:24:10 org.jivesoftware.util.cache.CacheFactory - Created cache [org.jivesoftware.util.cache.DefaultLocalCacheStrategy] for Offline Presence Cache
2026.10.02 02:24:10 org.jivesoftware.util.cache.CacheFactory - Created cache [org.jivesoftware.util.cache.DefaultLocalCacheStrategy] for Last Activity Cache
2026.10.02 02:24:10 org.jivesoftware.util.cache.CacheFactory - Created cache [org.jivesoftware.util.cache.DefaultLocalCacheStrategy] for User
2026.10.02 02:24:10 org.jivesoftware.util.cache.CacheFactory - Created cache [org.jivesoftware.util.cache.DefaultLocalCacheStrategy] for Remote Users Existence
2026.10.02 02:24:10 org.jivesoftware.util.cache.CacheFactory - Created cache [org.jivesoftware.util.cache.DefaultLocalCacheStrategy] for Components Sessions
2026.10.02 02:24:10 org.jivesoftware.util.cache.CacheFactory - Created cache [org.jivesoftware.util.cache.DefaultLocalCacheStrategy] for Connection Managers Sessions
2026.10.02 02:24:10 org.jivesoftware.util.cache.CacheFactory - Created cache [org.jivesoftware.util.cache.DefaultLocalCacheStrategy] for Incoming Server Sessions
2026.10.02 02:24:10 org.jivesoftware.util.cache.CacheFactory - Created cache [org.jivesoftware.util.cache.DefaultLocalCacheStrategy] for Sessions by Hostname
2026.10.02 02:24:10 org.jivesoftware.util.cache.CacheFactory - Created cache [org.jivesoftware.util.cache.DefaultLocalCacheStrategy] for Validated Domains
2026.10.02 02:24:10 org.jivesoftware.util.cache.CacheFactory - Created cache [org.jivesoftware.util.cache.DefaultLocalCacheStrategy] for Client Session Info Cache
2026.10.02 02:24:10 org.jivesoftware.util.cache.CacheFactory - Created cache [org.jivesoftware.util.cache.DefaultLocalCacheStrategy] for Directed Presences
2026.10.02 02:24:10 org.jivesoftware.util.cache.CacheFactory - Created local-only cache [org.jivesoftware.util.cache.DefaultLocalCacheStrategy] for PEPServiceManager
2026.10.02 02:24:10 org.jivesoftware.util.cache.CacheFactory - Created cache [org.jivesoftware.util.cache.DefaultLocalCacheStrategy] for File Transfer
2026.10.02 02:24:10 org.jivesoftware.util.cache.CacheFactory - Created cache [org.jivesoftware.util.cache.DefaultLocalCacheStrategy] for Published Items
2026.10.02 02:24:10 org.jivesoftware.util.cache.CacheFactory - Created cache [org.jivesoftware.util.cache.DefaultLocalCacheStrategy] for Disco Server Features
2026.10.02 02:24:10 org.jivesoftware.util.cache.CacheFactory - Created cache [org.jivesoftware.util.cache.DefaultLocalCacheStrategy] for Disco Server Items
2026.10.02 02:24:10 org.jivesoftware.util.cache.CacheFactory - Created cache [org.jivesoftware.util.cache.DefaultLocalCacheStrategy] for Components
2026.10.02 02:24:10 org.jivesoftware.util.cache.CacheFactory - Created local-only cache [org.jivesoftware.util.cache.DefaultLocalCacheStrategy] for Entity Capabilities
2026.10.02 02:24:10 org.jivesoftware.util.cache.CacheFactory - Created local-only cache [org.jivesoftware.util.cache.DefaultLocalCacheStrategy] for Entity Capabilities Users
2026.10.02 02:24:10 org.jivesoftware.util.cache.CacheFactory - Created cache [org.jivesoftware.util.cache.DefaultLocalCacheStrategy] for Group
2026.10.02 02:24:10 org.jivesoftware.util.cache.CacheFactory - Created cache [org.jivesoftware.util.cache.DefaultLocalCacheStrategy] for Group Metadata Cache
2026.10.02 02:24:10 org.jivesoftware.openfire.pubsub.PubSubModule - Dominio de Publicar-Suscribir: pubsub.192.168.100.29
2026.10.02 02:24:10 org.jivesoftware.openfire.muc.spi.MultiUserChatServiceImpl - Dominio de Chat Multi-usuario: conference.192.168.100.29
2026.10.02 02:24:10 org.jivesoftware.openfire.XMPPServer - Openfire 4.5.0 Alpha [Oct 2, 2026, 2:24:10 AM]
2026.10.02 02:24:10 org.jivesoftware.openfire.XMPPServer - Accessing SystemProperty field org.jivesoftware.openfire.auth.AuthFactory#PASSWORD_KEY
2026.10.02 02:24:10 org.jivesoftware.openfire.XMPPServer - Accessing SystemProperty field org.jivesoftware.openfire.auth.AuthFactory#AUTH_PROVIDER
2026.10.02 02:24:10 org.jivesoftware.openfire.XMPPServer - Accessing SystemProperty field org.jivesoftware.openfire.sasl.ScramSha1SaslServer#ITERATION_COUNT
2026.10.02 02:24:10 org.jivesoftware.openfire.XMPPServer - Accessing SystemProperty field org.jivesoftware.openfire.vcard.VCardManager#VCARD_PROVIDER
2026.10.02 02:24:10 org.jivesoftware.openfire.XMPPServer - Accessing SystemProperty field org.jivesoftware.openfire.auth.HybridAuthProvider#PRIMARY_PROVIDER
2026.10.02 02:24:10 org.jivesoftware.openfire.XMPPServer - Accessing SystemProperty field org.jivesoftware.openfire.auth.HybridAuthProvider#SECONDARY_PROVIDER
2026.10.02 02:24:10 org.jivesoftware.openfire.XMPPServer - Accessing SystemProperty field org.jivesoftware.openfire.auth.HybridAuthProvider#TERTIARY_PROVIDER
2026.10.02 02:24:10 org.jivesoftware.openfire.XMPPServer - Accessing SystemProperty field org.jivesoftware.openfire.lockout.LockOutManager#LOCKOUT_PROVIDER
2026.10.02 02:24:10 org.jivesoftware.openfire.XMPPServer - Accessing SystemProperty field org.jivesoftware.openfire.user.UserManager#USER_PROVIDER
2026.10.02 02:24:10 org.jivesoftware.openfire.XMPPServer - Accessing SystemProperty field org.jivesoftware.openfire.user.UserManager#REMOTE_DISCO_INFO_TIMEOUT
2026.10.02 02:24:10 org.jivesoftware.openfire.XMPPServer - Accessing SystemProperty field org.jivesoftware.openfire.user.UserManager#USER_PROPERTY_PROVIDER
2026.10.02 02:24:10 org.jivesoftware.openfire.XMPPServer - Accessing SystemProperty field org.jivesoftware.openfire.SessionManager#CONFLICT_LIMIT
2026.10.02 02:24:10 org.jivesoftware.openfire.XMPPServer - Accessing SystemProperty field org.jivesoftware.openfire.group.GroupManager#GROUP_PROVIDER
2026.10.02 02:24:10 org.jivesoftware.openfire.XMPPServer - Accessing SystemProperty field org.jivesoftware.openfire.muc.spi.IQMuclumbusSearchHandler#PROPERTY_ENABLED
2026.10.02 02:24:10 org.jivesoftware.openfire.XMPPServer - Accessing SystemProperty field org.jivesoftware.openfire.sasl.AnonymousSaslServer#ENABLED
2026.10.02 02:24:10 org.jivesoftware.openfire.XMPPServer - Accessing SystemProperty field org.jivesoftware.openfire.net.SASLAuthentication#SKIP_PEER_CERT_REVALIDATION_CLIENT
2026.10.02 02:24:10 org.jivesoftware.openfire.net.SASLAuthentication - Support added for the 'ANONYMOUS' SASL mechanism.
2026.10.02 02:24:10 org.jivesoftware.openfire.net.SASLAuthentication - Support added for the 'PLAIN' SASL mechanism.
2026.10.02 02:24:10 org.jivesoftware.openfire.net.SASLAuthentication - Support added for the 'DIGEST-MD5' SASL mechanism.
2026.10.02 02:24:10 org.jivesoftware.openfire.net.SASLAuthentication - Support added for the 'CRAM-MD5' SASL mechanism.
2026.10.02 02:24:10 org.jivesoftware.openfire.net.SASLAuthentication - Support added for the 'SCRAM-SHA-1' SASL mechanism.
2026.10.02 02:24:10 org.jivesoftware.openfire.net.SASLAuthentication - Support added for the 'JIVE-SHAREDSECRET' SASL mechanism.
2026.10.02 02:24:10 org.jivesoftware.openfire.net.SASLAuthentication - Support added for the 'GSSAPI' SASL mechanism.
2026.10.02 02:24:10 org.jivesoftware.openfire.net.SASLAuthentication - Support added for the 'EXTERNAL' SASL mechanism.
2026.10.02 02:24:10 org.jivesoftware.openfire.XMPPServer - Accessing SystemProperty field org.jivesoftware.openfire.XMPPServerInfo#XMPP_DOMAIN
2026.10.02 02:24:10 org.jivesoftware.openfire.XMPPServer - Accessing SystemProperty field org.jivesoftware.openfire.sasl.ExternalClientSaslServer#PROPERTY_SASL_EXTERNAL_CLIENT_SUPPRESS_MATCHING_REALMNAME
2026.10.02 02:24:10 org.jivesoftware.openfire.XMPPServer - Accessing SystemProperty field org.jivesoftware.openfire.admin.AdminManager#ADMIN_PROVIDER
2026.10.02 02:24:11 org.jivesoftware.openfire.XMPPServer - Accessing SystemProperty field org.jivesoftware.openfire.security.SecurityAuditManager#AUDIT_PROVIDER
2026.10.02 02:24:11 org.jivesoftware.openfire.XMPPServer - Accessing SystemProperty field org.jivesoftware.openfire.admin.DefaultAdminProvider#ADMIN_JIDS
2026.10.02 02:24:11 org.jivesoftware.openfire.XMPPServer - Accessing SystemProperty field org.jivesoftware.openfire.cluster.ClusterMonitor#ENABLED
2026.10.02 02:24:11 org.jivesoftware.openfire.XMPPServer - Accessing SystemProperty field org.jivesoftware.openfire.ldap.LdapVCardProvider#STORE_AVATAR_IN_DB
2026.10.02 02:24:11 org.jivesoftware.openfire.XMPPServer - Accessing SystemProperty field org.jivesoftware.openfire.spi.EncryptionArtifactFactory#TRUST_MANAGER_CLASS
2026.10.02 02:24:11 org.jivesoftware.openfire.XMPPServer - Accessing SystemProperty field org.jivesoftware.openfire.update.UpdateManager#ENABLED
2026.10.02 02:24:11 org.jivesoftware.openfire.XMPPServer - Accessing SystemProperty field org.jivesoftware.openfire.update.UpdateManager#NOTIFY_ADMINS
2026.10.02 02:24:11 org.jivesoftware.openfire.XMPPServer - Accessing SystemProperty field org.jivesoftware.openfire.update.UpdateManager#LAST_UPDATE_CHECK
2026.10.02 02:24:11 org.jivesoftware.openfire.XMPPServer - Accessing SystemProperty field org.jivesoftware.openfire.update.UpdateManager#UPDATE_FREQUENCY
2026.10.02 02:24:11 org.jivesoftware.openfire.XMPPServer - Accessing SystemProperty field org.jivesoftware.openfire.update.UpdateManager#PROXY_HOST
2026.10.02 02:24:11 org.jivesoftware.openfire.XMPPServer - Accessing SystemProperty field org.jivesoftware.openfire.update.UpdateManager#PROXY_PORT
2026.10.02 02:24:11 org.jivesoftware.util.cache.CacheFactory - Created cache [org.jivesoftware.util.cache.DefaultLocalCacheStrategy] for Favicon Misses
2026.10.02 02:24:11 org.jivesoftware.util.cache.CacheFactory - Created cache [org.jivesoftware.util.cache.DefaultLocalCacheStrategy] for Favicon Hits
2026.10.02 02:24:11 org.jivesoftware.openfire.container.AdminConsolePlugin - Consola de administración escuchando en http://192.168.100.29:9090
2026.10.02 02:24:11 org.jivesoftware.openfire.container.PluginManager - Successfully loaded plugin 'admin'.
2026.10.02 02:24:11 org.jivesoftware.openfire.container.PluginManager - Successfully loaded plugin 'nonsaslauthentication'.
2026.10.02 02:24:11 org.jivesoftware.openfire.container.PluginManager - Successfully loaded plugin 'search'.
2026.10.02 02:24:11 org.jivesoftware.openfire.container.PluginManager - Successfully loaded plugin 'restapi'.
2026.10.02 02:24:11 org.jivesoftware.openfire.container.PluginMonitor - Finished processing all plugins.
2026.10.02 02:24:12 org.jivesoftware.openfire.spi.ConnectionListener[socket_c2s] - Started.
2026.10.02 02:24:12 org.jivesoftware.openfire.spi.ConnectionListener[socket_c2s-legacyMode] - Started.
2026.10.02 02:24:12 org.jivesoftware.openfire.spi.ConnectionListener[socket_s2s] - Started.
2026.10.02 02:24:12 org.jivesoftware.openfire.spi.ConnectionListener[socket_s2s-legacyMode] - Started.
2026.10.02 02:24:12 org.jivesoftware.openfire.spi.ConnectionListener[component] - Started.
2026.10.02 02:24:12 org.jivesoftware.openfire.spi.ConnectionListener[component-legacyMode] - Started.
2026.10.02 02:24:12 org.jivesoftware.openfire.spi.ConnectionListener[connection_manager] - Started.
2026.10.02 02:24:12 org.jivesoftware.openfire.spi.ConnectionListener[connection_manager-legacyMode] - Started.
2026.10.02 02:24:12 org.jivesoftware.openfire.http.HttpSessionManager - Starting instance
2026.10.02 02:24:12 org.jivesoftware.openfire.http.HttpBindManager - HTTP bind service started
2026.10.02 02:24:37 org.jivesoftware.util.cache.CacheFactory - Created cache [org.jivesoftware.util.cache.DefaultLocalCacheStrategy] for Locked Out Accounts
